"../../../Engine/Plugins/2D/Paper2D/Content/PlaceholderTextures/DummySpriteTexture.ubulk" 0
"../../../Engine/Plugins/2D/Paper2D/Content/PlaceholderTextures/DummySpriteTexture.uasset" 1
"../../../Engine/Plugins/2D/Paper2D/Content/PlaceholderTextures/DummySpriteTexture.uexp" 2
"../../../Engine/Plugins/2D/Paper2D/Content/DummySprite.uasset" 3
"../../../Engine/Plugins/2D/Paper2D/Content/DummySprite.uexp" 4
"../../../Engine/Plugins/2D/Paper2D/Content/DefaultPaperTerrainMaterial.uasset" 5
"../../../Engine/Plugins/2D/Paper2D/Content/DefaultPaperTerrainMaterial.uexp" 6
"E:/unreal projects/MyProject/Content/PM_Water.uasset" 7
"E:/unreal projects/MyProject/Content/PM_Water.uexp" 8
"E:/unreal projects/MyProject/Content/PM_Soil.uasset" 9
"E:/unreal projects/MyProject/Content/PM_Soil.uexp" 10
"E:/unreal projects/MyProject/Content/PM_Metal.uasset" 11
"E:/unreal projects/MyProject/Content/PM_Metal.uexp" 12
"../../../Engine/Plugins/Animation/ACLPlugin/Content/ACLAnimBoneCompressionSettings.uasset" 13
"../../../Engine/Plugins/Animation/ACLPlugin/Content/ACLAnimBoneCompressionSettings.uexp" 14
"../../../Engine/Content/EngineSounds/Master.uasset" 15
"../../../Engine/Content/EngineSounds/Master.uexp" 16
"../../../Engine/Content/EngineMaterials/DefaultPhysicalMaterial.uasset" 17
"../../../Engine/Content/EngineMaterials/DefaultPhysicalMaterial.uexp" 18
"../../../Engine/Content/EngineMaterials/DefaultDestructiblePhysicalMaterial.uasset" 19
"../../../Engine/Content/EngineMaterials/DefaultDestructiblePhysicalMaterial.uexp" 20
"../../../Engine/Content/EngineFonts/Faces/DroidSansFallback.uexp" 21
"../../../Engine/Content/EngineFonts/Faces/DroidSansFallback.uasset" 22
"../../../Engine/Content/EngineFonts/Faces/DroidSansFallback.ufont" 23
"../../../Engine/Content/EngineFonts/Faces/RobotoRegular.uexp" 24
"../../../Engine/Content/EngineFonts/Faces/RobotoRegular.uasset" 25
"../../../Engine/Content/EngineFonts/Faces/RobotoRegular.ufont" 26
"../../../Engine/Content/EngineFonts/Faces/RobotoLight.uexp" 27
"../../../Engine/Content/EngineFonts/Faces/RobotoLight.uasset" 28
"../../../Engine/Content/EngineFonts/Faces/RobotoLight.ufont" 29
"../../../Engine/Content/EngineFonts/Faces/RobotoItalic.uexp" 30
"../../../Engine/Content/EngineFonts/Faces/RobotoItalic.uasset" 31
"../../../Engine/Content/EngineFonts/Faces/RobotoItalic.ufont" 32
"../../../Engine/Content/EngineFonts/Faces/RobotoBoldItalic.uexp" 33
"../../../Engine/Content/EngineFonts/Faces/RobotoBoldItalic.uasset" 34
"../../../Engine/Content/EngineFonts/Faces/RobotoBoldItalic.ufont" 35
"../../../Engine/Content/EngineFonts/Faces/RobotoBold.uexp" 36
"../../../Engine/Content/EngineFonts/Faces/RobotoBold.uasset" 37
"../../../Engine/Content/EngineFonts/Faces/RobotoBold.ufont" 38
"../../../Engine/Content/EngineFonts/Roboto.uasset" 39
"../../../Engine/Content/EngineFonts/Roboto.uexp" 40
"../../../Engine/Content/EngineFonts/Faces/DroidSansMono.uexp" 41
"../../../Engine/Content/EngineFonts/Faces/DroidSansMono.uasset" 42
"../../../Engine/Content/EngineFonts/Faces/DroidSansMono.ufont" 43
"../../../Engine/Content/EngineFonts/DroidSansMono.uasset" 44
"../../../Engine/Content/EngineFonts/DroidSansMono.uexp" 45
"../../../Engine/Plugins/MetaHuman/MetaHumanAnimator/Content/Solver/GenericFaceAnimationSolver.uasset" 46
"../../../Engine/Plugins/MetaHuman/MetaHumanAnimator/Content/Solver/GenericFaceAnimationSolver.uexp" 47
"../../../Engine/Plugins/MetaHuman/MetaHumanAnimator/Content/GenericTracker/GenericFaceContourTracker.uasset" 48
"../../../Engine/Plugins/MetaHuman/MetaHumanAnimator/Content/GenericTracker/GenericFaceContourTracker.uexp" 49
"../../../Engine/Plugins/Interchange/Runtime/Content/Pipelines/DefaultTexturePipeline.uasset" 50
"../../../Engine/Plugins/Interchange/Runtime/Content/Pipelines/DefaultTexturePipeline.uexp" 51
"../../../Engine/Plugins/Interchange/Runtime/Content/Pipelines/DefaultSceneLevelPipeline.uasset" 52
"../../../Engine/Plugins/Interchange/Runtime/Content/Pipelines/DefaultSceneLevelPipeline.uexp" 53
"../../../Engine/Plugins/Interchange/Runtime/Content/Pipelines/DefaultSceneAssetsPipeline.uasset" 54
"../../../Engine/Plugins/Interchange/Runtime/Content/Pipelines/DefaultSceneAssetsPipeline.uexp" 55
"../../../Engine/Plugins/Interchange/Runtime/Content/Pipelines/DefaultMaterialXPipeline.uasset" 56
"../../../Engine/Plugins/Interchange/Runtime/Content/Pipelines/DefaultMaterialXPipeline.uexp" 57
"../../../Engine/Plugins/Interchange/Runtime/Content/Pipelines/DefaultMaterialPipeline.uasset" 58
"../../../Engine/Plugins/Interchange/Runtime/Content/Pipelines/DefaultMaterialPipeline.uexp" 59
"../../../Engine/Plugins/Interchange/Runtime/Content/Pipelines/DefaultGLTFSceneAssetsPipeline.uasset" 60
"../../../Engine/Plugins/Interchange/Runtime/Content/Pipelines/DefaultGLTFSceneAssetsPipeline.uexp" 61
"../../../Engine/Plugins/Interchange/Runtime/Content/Pipelines/DefaultGLTFPipeline.uasset" 62
"../../../Engine/Plugins/Interchange/Runtime/Content/Pipelines/DefaultGLTFPipeline.uexp" 63
"../../../Engine/Plugins/Interchange/Runtime/Content/Pipelines/DefaultGLTFAssetsPipeline.uasset" 64
"../../../Engine/Plugins/Interchange/Runtime/Content/Pipelines/DefaultGLTFAssetsPipeline.uexp" 65
"../../../Engine/Plugins/Interchange/Runtime/Content/Pipelines/DefaultAssetsPipeline.uasset" 66
"../../../Engine/Plugins/Interchange/Runtime/Content/Pipelines/DefaultAssetsPipeline.uexp" 67
"../../../Engine/Plugins/MetaHuman/MetaHumanCharacter/Content/Animation/Retargeting/IK_MH_IKRig.uasset" 68
"../../../Engine/Plugins/MetaHuman/MetaHumanCharacter/Content/Animation/Retargeting/IK_MH_IKRig.uexp" 69
"../../../Engine/Plugins/MetaHuman/MetaHumanCharacter/Content/Animation/Retargeting/RTG_MH_IKRig.uasset" 70
"../../../Engine/Plugins/MetaHuman/MetaHumanCharacter/Content/Animation/Retargeting/RTG_MH_IKRig.uexp" 71
"../../../Engine/Content/EngineResources/GradientTexture0.uasset" 72
"../../../Engine/Content/EngineResources/GradientTexture0.uexp" 73
"../../../Engine/Content/EngineResources/Black.uasset" 74
"../../../Engine/Content/EngineResources/Black.uexp" 75
"../../../Engine/Content/EditorResources/S_Actor.ubulk" 76
"../../../Engine/Content/EditorResources/S_Actor.uasset" 77
"../../../Engine/Content/EditorResources/S_Actor.uexp" 78
"../../../Engine/Content/EngineResources/DefaultTexture.ubulk" 79
"../../../Engine/Content/EngineResources/DefaultTexture.uasset" 80
"../../../Engine/Content/EngineResources/DefaultTexture.uexp" 81
"../../../Engine/Plugins/Runtime/AR/AppleAR/AppleARKit/Content/M_SceneDepthOcclusion.uasset" 82
"../../../Engine/Plugins/Runtime/AR/AppleAR/AppleARKit/Content/M_SceneDepthOcclusion.uexp" 83
"../../../Engine/Plugins/NNE/NNEDenoiser/Content/NNEDTOM_Output_Default.uasset" 84
"../../../Engine/Plugins/NNE/NNEDenoiser/Content/NNEDTOM_Output_Default.uexp" 85
"../../../Engine/Plugins/NNE/NNEDenoiser/Content/NNEDTOM_Output_Alpha.uasset" 86
"../../../Engine/Plugins/NNE/NNEDenoiser/Content/NNEDTOM_Output_Alpha.uexp" 87
"../../../Engine/Plugins/NNE/NNEDenoiser/Content/NNEDTIM_ColorAlbedoNormal_Default.uasset" 88
"../../../Engine/Plugins/NNE/NNEDenoiser/Content/NNEDTIM_ColorAlbedoNormal_Default.uexp" 89
"../../../Engine/Plugins/NNE/NNEDenoiser/Content/NNEDTIM_ColorAlbedoNormal_Alpha.uasset" 90
"../../../Engine/Plugins/NNE/NNEDenoiser/Content/NNEDTIM_ColorAlbedoNormal_Alpha.uexp" 91
"../../../Engine/Plugins/NNE/NNEDenoiser/Content/NNEDOM_Output_Default.uasset" 92
"../../../Engine/Plugins/NNE/NNEDenoiser/Content/NNEDOM_Output_Default.uexp" 93
"../../../Engine/Plugins/NNE/NNEDenoiser/Content/NNEDOM_Output_Alpha.uasset" 94
"../../../Engine/Plugins/NNE/NNEDenoiser/Content/NNEDOM_Output_Alpha.uexp" 95
"../../../Engine/Plugins/NNE/NNEDenoiser/Content/NNEDIM_HighQuality_Default.uasset" 96
"../../../Engine/Plugins/NNE/NNEDenoiser/Content/NNEDIM_HighQuality_Default.uexp" 97
"../../../Engine/Plugins/NNE/NNEDenoiser/Content/NNEDIM_HighQuality_Alpha.uasset" 98
"../../../Engine/Plugins/NNE/NNEDenoiser/Content/NNEDIM_HighQuality_Alpha.uexp" 99
"../../../Engine/Plugins/NNE/NNEDenoiser/Content/NNEDIM_ColorAlbedoNormal_Default.uasset" 100
"../../../Engine/Plugins/NNE/NNEDenoiser/Content/NNEDIM_ColorAlbedoNormal_Default.uexp" 101
"../../../Engine/Plugins/NNE/NNEDenoiser/Content/NNEDIM_ColorAlbedoNormal_Alpha.uasset" 102
"../../../Engine/Plugins/NNE/NNEDenoiser/Content/NNEDIM_ColorAlbedoNormal_Alpha.uexp" 103
"../../../Engine/Content/Functions/Engine_MaterialFunctions02/WorldPositionOffset/CameraOffset.uasset" 104
"../../../Engine/Content/Functions/Engine_MaterialFunctions02/WorldPositionOffset/CameraOffset.uexp" 105
"../../../Engine/Plugins/Animation/ControlRig/Content/M_Manip.uasset" 106
"../../../Engine/Plugins/Animation/ControlRig/Content/M_Manip.uexp" 107
"../../../Engine/Content/EditorLandscapeResources/WhiteSquareTexture.uasset" 108
"../../../Engine/Content/EditorLandscapeResources/WhiteSquareTexture.uexp" 109
"../../../Engine/Content/EditorLandscapeResources/LayerVisMaterial.uasset" 110
"../../../Engine/Content/EditorLandscapeResources/LayerVisMaterial.uexp" 111
"../../../Engine/Content/Functions/Engine_MaterialFunctions02/Utility/BreakOutFloat2Components.uasset" 112
"../../../Engine/Content/Functions/Engine_MaterialFunctions02/Utility/BreakOutFloat2Components.uexp" 113
"../../../Engine/Content/Functions/Engine_MaterialFunctions01/Texturing/ScaleUVsByCenter.uasset" 114
"../../../Engine/Content/Functions/Engine_MaterialFunctions01/Texturing/ScaleUVsByCenter.uexp" 115
"../../../Engine/Content/Functions/Engine_MaterialFunctions02/WorldPositionOffset/LocalPosition.uasset" 116
"../../../Engine/Content/Functions/Engine_MaterialFunctions02/WorldPositionOffset/LocalPosition.uexp" 117
"../../../Engine/Content/EngineMaterials/DefaultDiffuse.ubulk" 118
"../../../Engine/Content/EngineMaterials/DefaultDiffuse.uasset" 119
"../../../Engine/Content/EngineMaterials/DefaultDiffuse.uexp" 120
"../../../Engine/Content/Functions/Engine_MaterialFunctions01/Texturing/TextureCropping.uasset" 121
"../../../Engine/Content/Functions/Engine_MaterialFunctions01/Texturing/TextureCropping.uexp" 122
"../../../Engine/Content/Functions/Engine_MaterialFunctions02/ExampleContent/DebugNumberStrip.uasset" 123
"../../../Engine/Content/Functions/Engine_MaterialFunctions02/ExampleContent/DebugNumberStrip.uexp" 124
"../../../Engine/Content/Functions/Engine_MaterialFunctions01/Debug/DebugIntValues.uasset" 125
"../../../Engine/Content/Functions/Engine_MaterialFunctions01/Debug/DebugIntValues.uexp" 126
"../../../Engine/Content/EditorLandscapeResources/LandscapeLayerUsageMaterial.uasset" 127
"../../../Engine/Content/EditorLandscapeResources/LandscapeLayerUsageMaterial.uexp" 128
"../../../Engine/Content/EditorLandscapeResources/DefaultAlphaTexture.uasset" 129
"../../../Engine/Content/EditorLandscapeResources/DefaultAlphaTexture.uexp" 130
"../../../Engine/Content/EditorLandscapeResources/LandscapeDirtyMaterial.uasset" 131
"../../../Engine/Content/EditorLandscapeResources/LandscapeDirtyMaterial.uexp" 132
"../../../Engine/Content/BasicShapes/BasicShapeMaterial.uasset" 133
"../../../Engine/Content/BasicShapes/BasicShapeMaterial.uexp" 134
"../../../Engine/Content/EngineMaterials/RemoveSurfaceMaterial.uasset" 135
"../../../Engine/Content/EngineMaterials/RemoveSurfaceMaterial.uexp" 136
"../../../Engine/Content/EngineMaterials/PreintegratedSkinBRDF.uasset" 137
"../../../Engine/Content/EngineMaterials/PreintegratedSkinBRDF.uexp" 138
"../../../Engine/Content/EngineMaterials/DefaultCalibrationGrayscale.uasset" 139
"../../../Engine/Content/EngineMaterials/DefaultCalibrationGrayscale.uexp" 140
"../../../Engine/Content/EngineMaterials/PPM_DefaultCalibrationGrayscale.uasset" 141
"../../../Engine/Content/EngineMaterials/PPM_DefaultCalibrationGrayscale.uexp" 142
"../../../Engine/Content/EngineMaterials/DefaultCalibrationColor.uasset" 143
"../../../Engine/Content/EngineMaterials/DefaultCalibrationColor.uexp" 144
"../../../Engine/Content/EngineMaterials/PPM_DefaultCalibrationColor.uasset" 145
"../../../Engine/Content/EngineMaterials/PPM_DefaultCalibrationColor.uexp" 146
"../../../Engine/Content/EngineMaterials/PhAT_JointLimitMaterial.uasset" 147
"../../../Engine/Content/EngineMaterials/PhAT_JointLimitMaterial.uexp" 148
"../../../Engine/Content/EngineMaterials/NaniteHiddenSectionMaterial.uasset" 149
"../../../Engine/Content/EngineMaterials/NaniteHiddenSectionMaterial.uexp" 150
"../../../Engine/Content/EngineMaterials/InvalidLightmapSettings.ubulk" 151
"../../../Engine/Content/EngineMaterials/InvalidLightmapSettings.uasset" 152
"../../../Engine/Content/EngineMaterials/InvalidLightmapSettings.uexp" 153
"../../../Engine/Content/EngineMaterials/M_InvalidLightmapSettings.uasset" 154
"../../../Engine/Content/EngineMaterials/M_InvalidLightmapSettings.uexp" 155
"../../../Engine/Content/EngineMaterials/MiniFont.uasset" 156
"../../../Engine/Content/EngineMaterials/MiniFont.uexp" 157
"../../../Engine/Content/EngineMaterials/GizmoMaterial.uasset" 158
"../../../Engine/Content/EngineMaterials/GizmoMaterial.uexp" 159
"../../../Engine/Content/EngineMaterials/BaseFlattenDiffuseMap_VT.ubulk" 160
"../../../Engine/Content/EngineMaterials/BaseFlattenDiffuseMap_VT.uasset" 161
"../../../Engine/Content/EngineMaterials/BaseFlattenDiffuseMap_VT.uexp" 162
"../../../Engine/Content/EngineMaterials/BaseFlattenEmissiveMap_VT.ubulk" 163
"../../../Engine/Content/EngineMaterials/BaseFlattenEmissiveMap_VT.uasset" 164
"../../../Engine/Content/EngineMaterials/BaseFlattenEmissiveMap_VT.uexp" 165
"../../../Engine/Content/EngineMaterials/BaseFlattenGrayscaleMap_VT.ubulk" 166
"../../../Engine/Content/EngineMaterials/BaseFlattenGrayscaleMap_VT.uasset" 167
"../../../Engine/Content/EngineMaterials/BaseFlattenGrayscaleMap_VT.uexp" 168
"../../../Engine/Content/EngineMaterials/BaseFlattenLinearColor_VT.ubulk" 169
"../../../Engine/Content/EngineMaterials/BaseFlattenLinearColor_VT.uasset" 170
"../../../Engine/Content/EngineMaterials/BaseFlattenLinearColor_VT.uexp" 171
"../../../Engine/Content/EngineMaterials/BaseFlattenNormalMap_VT.ubulk" 172
"../../../Engine/Content/EngineMaterials/BaseFlattenNormalMap_VT.uasset" 173
"../../../Engine/Content/EngineMaterials/BaseFlattenNormalMap_VT.uexp" 174
"../../../Engine/Content/EngineMaterials/Black_1x1_EXR_Texture_VT.ubulk" 175
"../../../Engine/Content/EngineMaterials/Black_1x1_EXR_Texture_VT.uasset" 176
"../../../Engine/Content/EngineMaterials/Black_1x1_EXR_Texture_VT.uexp" 177
"../../../Engine/Content/EngineMaterials/FlattenMaterial_WS_Normal_VT.uasset" 178
"../../../Engine/Content/EngineMaterials/FlattenMaterial_WS_Normal_VT.uexp" 179
"../../../Engine/Content/EngineMaterials/FlattenMaterial_VT.uasset" 180
"../../../Engine/Content/EngineMaterials/FlattenMaterial_VT.uexp" 181
"../../../Engine/Content/EngineMaterials/BaseFlattenNormalMap.uasset" 182
"../../../Engine/Content/EngineMaterials/BaseFlattenNormalMap.uexp" 183
"../../../Engine/Content/EngineMaterials/BaseFlattenDiffuseMap.uasset" 184
"../../../Engine/Content/EngineMaterials/BaseFlattenDiffuseMap.uexp" 185
"../../../Engine/Content/EngineMaterials/BaseFlattenEmissiveMap.uasset" 186
"../../../Engine/Content/EngineMaterials/BaseFlattenEmissiveMap.uexp" 187
"../../../Engine/Content/EngineMaterials/BaseFlattenGrayscaleMap.uasset" 188
"../../../Engine/Content/EngineMaterials/BaseFlattenGrayscaleMap.uexp" 189
"../../../Engine/Content/EngineMaterials/BaseFlattenLinearColor.uasset" 190
"../../../Engine/Content/EngineMaterials/BaseFlattenLinearColor.uexp" 191
"../../../Engine/Content/Functions/Engine_MaterialFunctions02/PivotPainter2/Black_1x1_EXR_Texture.uasset" 192
"../../../Engine/Content/Functions/Engine_MaterialFunctions02/PivotPainter2/Black_1x1_EXR_Texture.uexp" 193
"../../../Engine/Content/EngineMaterials/FlattenMaterial.uasset" 194
"../../../Engine/Content/EngineMaterials/FlattenMaterial.uexp" 195
"../../../Engine/Content/EngineMaterials/FastBlueNoise_vec2_128x128x64.uasset" 196
"../../../Engine/Content/EngineMaterials/FastBlueNoise_vec2_128x128x64.uexp" 197
"../../../Engine/Content/EngineMaterials/FastBlueNoise_scalar_128x128x8.uasset" 198
"../../../Engine/Content/EngineMaterials/FastBlueNoise_scalar_128x128x8.uexp" 199
"../../../Engine/Content/EngineMaterials/FastBlueNoise_scalar_128x128x64.uasset" 200
"../../../Engine/Content/EngineMaterials/FastBlueNoise_scalar_128x128x64.uexp" 201
"../../../Engine/Content/EngineMaterials/DefaultWhiteGrid_Low.uasset" 202
"../../../Engine/Content/EngineMaterials/DefaultWhiteGrid_Low.uexp" 203
"../../../Engine/Content/EngineMaterials/EmissiveMeshMaterial.uasset" 204
"../../../Engine/Content/EngineMaterials/EmissiveMeshMaterial.uexp" 205
"../../../Engine/Content/EngineMaterials/DefaultWhiteGrid.ubulk" 206
"../../../Engine/Content/EngineMaterials/DefaultWhiteGrid.uasset" 207
"../../../Engine/Content/EngineMaterials/DefaultWhiteGrid.uexp" 208
"../../../Engine/Content/EngineFonts/RobotoDistanceField.uasset" 209
"../../../Engine/Content/EngineFonts/RobotoDistanceField.uexp" 210
"../../../Engine/Content/EngineMaterials/DefaultTextMaterialOpaque.uasset" 211
"../../../Engine/Content/EngineMaterials/DefaultTextMaterialOpaque.uexp" 212
"../../../Engine/Content/EngineMaterials/DefaultPostProcessMaterial.uasset" 213
"../../../Engine/Content/EngineMaterials/DefaultPostProcessMaterial.uexp" 214
"../../../Engine/Content/EngineMaterials/DefaultLightFunctionMaterial.uasset" 215
"../../../Engine/Content/EngineMaterials/DefaultLightFunctionMaterial.uexp" 216
"../../../Engine/Content/EngineMaterials/DefaultDeferredDecalMaterial.uasset" 217
"../../../Engine/Content/EngineMaterials/DefaultDeferredDecalMaterial.uexp" 218
"../../../Engine/Content/EngineMaterials/DefaultBokeh.uasset" 219
"../../../Engine/Content/EngineMaterials/DefaultBokeh.uexp" 220
"../../../Engine/Content/EngineMaterials/DefaultBloomKernel.uasset" 221
"../../../Engine/Content/EngineMaterials/DefaultBloomKernel.uexp" 222
"../../../Engine/Content/Functions/Engine_MaterialFunctions02/Utility/CameraDirectionVector.uasset" 223
"../../../Engine/Content/Functions/Engine_MaterialFunctions02/Utility/CameraDirectionVector.uexp" 224
"../../../Engine/Content/EngineDebugMaterials/VolumeToRender.uasset" 225
"../../../Engine/Content/EngineDebugMaterials/VolumeToRender.uexp" 226
"../../../Engine/Content/EngineDebugMaterials/M_VolumeRenderSphereTracePP.uasset" 227
"../../../Engine/Content/EngineDebugMaterials/M_VolumeRenderSphereTracePP.uexp" 228
"../../../Engine/Content/EngineDebugMaterials/M_SimpleUnlitTranslucent.uasset" 229
"../../../Engine/Content/EngineDebugMaterials/M_SimpleUnlitTranslucent.uexp" 230
"../../../Engine/Content/EngineDebugMaterials/DebugMeshMaterial.uasset" 231
"../../../Engine/Content/EngineDebugMaterials/DebugMeshMaterial.uexp" 232
"../../../Engine/Content/EngineDebugMaterials/DebugEditorMaterial.uasset" 233
"../../../Engine/Content/EngineDebugMaterials/DebugEditorMaterial.uexp" 234
"../../../Engine/Content/EngineDamageTypes/DmgTypeBP_Environmental.uasset" 235
"../../../Engine/Content/EngineDamageTypes/DmgTypeBP_Environmental.uexp" 236
"../../../Engine/Content/EditorResources/S_TriggerSphere.uasset" 237
"../../../Engine/Content/EditorResources/S_TriggerSphere.uexp" 238
"../../../Engine/Content/EditorResources/S_TriggerCapsule.uasset" 239
"../../../Engine/Content/EditorResources/S_TriggerCapsule.uexp" 240
"../../../Engine/Content/EditorResources/S_TriggerBox.uasset" 241
"../../../Engine/Content/EditorResources/S_TriggerBox.uexp" 242
"../../../Engine/Content/EditorResources/S_Trigger.ubulk" 243
"../../../Engine/Content/EditorResources/S_Trigger.uasset" 244
"../../../Engine/Content/EditorResources/S_Trigger.uexp" 245
"../../../Engine/Content/EditorResources/S_Terrain.ubulk" 246
"../../../Engine/Content/EditorResources/S_Terrain.uasset" 247
"../../../Engine/Content/EditorResources/S_Terrain.uexp" 248
"../../../Engine/Content/EditorResources/S_Solver.ubulk" 249
"../../../Engine/Content/EditorResources/S_Solver.uasset" 250
"../../../Engine/Content/EditorResources/S_Solver.uexp" 251
"../../../Engine/Content/EditorResources/S_BoxReflectionCapture.uasset" 252
"../../../Engine/Content/EditorResources/S_BoxReflectionCapture.uexp" 253
"../../../Engine/Content/EditorResources/BSPVertex.uasset" 254
"../../../Engine/Content/EditorResources/BSPVertex.uexp" 255
"../../../Engine/Content/EditorMaterials/PreviewShadowIndicator.ubulk" 256
"../../../Engine/Content/EditorMaterials/PreviewShadowIndicator.uasset" 257
"../../../Engine/Content/EditorMaterials/PreviewShadowIndicator.uexp" 258
"../../../Engine/Content/EditorMaterials/PreviewShadowIndicatorMaterial.uasset" 259
"../../../Engine/Content/EditorMaterials/PreviewShadowIndicatorMaterial.uexp" 260
"../../../Engine/Content/EditorMaterials/PhAT_UnselectedMaterial.uasset" 261
"../../../Engine/Content/EditorMaterials/PhAT_UnselectedMaterial.uexp" 262
"../../../Engine/Content/EditorMaterials/PhAT_NoCollisionMaterial.uasset" 263
"../../../Engine/Content/EditorMaterials/PhAT_NoCollisionMaterial.uexp" 264
"E:/unreal projects/MyProject/Content/Jumpscare/BP_camerashake.uasset" 265
"E:/unreal projects/MyProject/Content/Jumpscare/BP_camerashake.uexp" 266
"E:/unreal projects/MyProject/Content/Jumpscare/BPI_jumpscare3.uasset" 267
"E:/unreal projects/MyProject/Content/Jumpscare/BPI_jumpscare3.uexp" 268
"E:/unreal projects/MyProject/Content/Jumpscare/BPI_jumpscare2.uasset" 269
"E:/unreal projects/MyProject/Content/Jumpscare/BPI_jumpscare2.uexp" 270
"E:/unreal projects/MyProject/Content/Jumpscare/BPI_jumpscare1.uasset" 271
"E:/unreal projects/MyProject/Content/Jumpscare/BPI_jumpscare1.uexp" 272
"E:/unreal projects/MyProject/Content/Audio/witch-laugh-401713.ubulk" 273
"E:/unreal projects/MyProject/Content/Audio/witch-laugh-401713.uasset" 274
"E:/unreal projects/MyProject/Content/Audio/witch-laugh-401713.uexp" 275
"E:/unreal projects/MyProject/Content/Jumpscare/BP_Trigger.uasset" 276
"E:/unreal projects/MyProject/Content/Jumpscare/BP_Trigger.uexp" 277
"E:/unreal projects/MyProject/Content/ZombieAnimationPack/Demo/EpicContent/Mannequin_UE4/Mesh/SKEL_UE4_Mannequin.uasset" 278
"E:/unreal projects/MyProject/Content/ZombieAnimationPack/Demo/EpicContent/Mannequin_UE4/Mesh/SKEL_UE4_Mannequin.uexp" 279
"E:/unreal projects/MyProject/Content/ZombieAnimationPack/Demo/EpicContent/Mannequin_UE4/Mesh/PHYS_SK_Mannequin.uasset" 280
"E:/unreal projects/MyProject/Content/ZombieAnimationPack/Demo/EpicContent/Mannequin_UE4/Mesh/PHYS_SK_Mannequin.uexp" 281
"../../../Engine/Content/Functions/MaterialLayerFunctions/MatLayerBlend_Simple.uasset" 282
"../../../Engine/Content/Functions/MaterialLayerFunctions/MatLayerBlend_Simple.uexp" 283
"../../../Engine/Content/Functions/Engine_MaterialFunctions02/Utility/BlendAngleCorrectedNormals.uasset" 284
"../../../Engine/Content/Functions/Engine_MaterialFunctions02/Utility/BlendAngleCorrectedNormals.uexp" 285
"../../../Engine/Content/Functions/MaterialLayerFunctions/MatLayerBlend_NormalBlend.uasset" 286
"../../../Engine/Content/Functions/MaterialLayerFunctions/MatLayerBlend_NormalBlend.uexp" 287
"E:/unreal projects/MyProject/Content/ZombieAnimationPack/Demo/EpicContent/Mannequin_UE4/Textures/T_UE4_Mannequin__normals.ubulk" 288
"E:/unreal projects/MyProject/Content/ZombieAnimationPack/Demo/EpicContent/Mannequin_UE4/Textures/T_UE4_Mannequin__normals.uasset" 289
"E:/unreal projects/MyProject/Content/ZombieAnimationPack/Demo/EpicContent/Mannequin_UE4/Textures/T_UE4_Mannequin__normals.uexp" 290
"E:/unreal projects/MyProject/Content/ZombieAnimationPack/Demo/EpicContent/Mannequin_UE4/Textures/T_UE4_Mannequin_MAT_MASKA.ubulk" 291
"E:/unreal projects/MyProject/Content/ZombieAnimationPack/Demo/EpicContent/Mannequin_UE4/Textures/T_UE4_Mannequin_MAT_MASKA.uasset" 292
"E:/unreal projects/MyProject/Content/ZombieAnimationPack/Demo/EpicContent/Mannequin_UE4/Textures/T_UE4_Mannequin_MAT_MASKA.uexp" 293
"E:/unreal projects/MyProject/Content/ZombieAnimationPack/Demo/EpicContent/Mannequin_UE4/Textures/T_ML_Aluminum01_N.ubulk" 294
"E:/unreal projects/MyProject/Content/ZombieAnimationPack/Demo/EpicContent/Mannequin_UE4/Textures/T_ML_Aluminum01_N.uasset" 295
"E:/unreal projects/MyProject/Content/ZombieAnimationPack/Demo/EpicContent/Mannequin_UE4/Textures/T_ML_Aluminum01_N.uexp" 296
"E:/unreal projects/MyProject/Content/ZombieAnimationPack/Demo/EpicContent/Mannequin_UE4/Textures/T_ML_Aluminum01.ubulk" 297
"E:/unreal projects/MyProject/Content/ZombieAnimationPack/Demo/EpicContent/Mannequin_UE4/Textures/T_ML_Aluminum01.uasset" 298
"E:/unreal projects/MyProject/Content/ZombieAnimationPack/Demo/EpicContent/Mannequin_UE4/Textures/T_ML_Aluminum01.uexp" 299
"E:/unreal projects/MyProject/Content/ZombieAnimationPack/Demo/EpicContent/Mannequin_UE4/Materials/MaterialLayers/ML_SoftMetal_UE4.uasset" 300
"E:/unreal projects/MyProject/Content/ZombieAnimationPack/Demo/EpicContent/Mannequin_UE4/Materials/MaterialLayers/ML_SoftMetal_UE4.uexp" 301
"E:/unreal projects/MyProject/Content/ZombieAnimationPack/Demo/EpicContent/Mannequin_UE4/Textures/T_UE4_LOGO_CARD.ubulk" 302
"E:/unreal projects/MyProject/Content/ZombieAnimationPack/Demo/EpicContent/Mannequin_UE4/Textures/T_UE4_LOGO_CARD.uasset" 303
"E:/unreal projects/MyProject/Content/ZombieAnimationPack/Demo/EpicContent/Mannequin_UE4/Textures/T_UE4_LOGO_CARD.uexp" 304
"E:/unreal projects/MyProject/Content/ZombieAnimationPack/Demo/EpicContent/Mannequin_UE4/Materials/MaterialLayers/ML_Plastic_Shiny_Beige_LOGO.uasset" 305
"E:/unreal projects/MyProject/Content/ZombieAnimationPack/Demo/EpicContent/Mannequin_UE4/Materials/MaterialLayers/ML_Plastic_Shiny_Beige_LOGO.uexp" 306
"E:/unreal projects/MyProject/Content/ZombieAnimationPack/Demo/EpicContent/Mannequin_UE4/Materials/MaterialLayers/ML_Plastic_Shiny_Beige.uasset" 307
"E:/unreal projects/MyProject/Content/ZombieAnimationPack/Demo/EpicContent/Mannequin_UE4/Materials/MaterialLayers/ML_Plastic_Shiny_Beige.uexp" 308
"E:/unreal projects/MyProject/Content/ZombieAnimationPack/Demo/EpicContent/Mannequin_UE4/Textures/T_ML_Rubber_Blue_01_N.ubulk" 309
"E:/unreal projects/MyProject/Content/ZombieAnimationPack/Demo/EpicContent/Mannequin_UE4/Textures/T_ML_Rubber_Blue_01_N.uasset" 310
"E:/unreal projects/MyProject/Content/ZombieAnimationPack/Demo/EpicContent/Mannequin_UE4/Textures/T_ML_Rubber_Blue_01_N.uexp" 311
"E:/unreal projects/MyProject/Content/ZombieAnimationPack/Demo/EpicContent/Mannequin_UE4/Textures/T_ML_Rubber_Blue_01_D.ubulk" 312
"E:/unreal projects/MyProject/Content/ZombieAnimationPack/Demo/EpicContent/Mannequin_UE4/Textures/T_ML_Rubber_Blue_01_D.uasset" 313
"E:/unreal projects/MyProject/Content/ZombieAnimationPack/Demo/EpicContent/Mannequin_UE4/Textures/T_ML_Rubber_Blue_01_D.uexp" 314
"E:/unreal projects/MyProject/Content/ZombieAnimationPack/Demo/EpicContent/Mannequin_UE4/Materials/MaterialLayers/ML_GlossyBlack_Latex_UE4.uasset" 315
"E:/unreal projects/MyProject/Content/ZombieAnimationPack/Demo/EpicContent/Mannequin_UE4/Materials/MaterialLayers/ML_GlossyBlack_Latex_UE4.uexp" 316
"E:/unreal projects/MyProject/Content/ZombieAnimationPack/Demo/EpicContent/Mannequin_UE4/Materials/M_UE4Man_Body.uasset" 317
"E:/unreal projects/MyProject/Content/ZombieAnimationPack/Demo/EpicContent/Mannequin_UE4/Materials/M_UE4Man_Body.uexp" 318
"E:/unreal projects/MyProject/Content/ZombieAnimationPack/Demo/EpicContent/Mannequin_UE4/Textures/T_UE4Man_Logo_N.ubulk" 319
"E:/unreal projects/MyProject/Content/ZombieAnimationPack/Demo/EpicContent/Mannequin_UE4/Textures/T_UE4Man_Logo_N.uasset" 320
"E:/unreal projects/MyProject/Content/ZombieAnimationPack/Demo/EpicContent/Mannequin_UE4/Textures/T_UE4Man_Logo_N.uexp" 321
"E:/unreal projects/MyProject/Content/ZombieAnimationPack/Demo/EpicContent/Mannequin_UE4/Materials/M_UE4Man_ChestLogo.uasset" 322
"E:/unreal projects/MyProject/Content/ZombieAnimationPack/Demo/EpicContent/Mannequin_UE4/Materials/M_UE4Man_ChestLogo.uexp" 323
"E:/unreal projects/MyProject/Content/ZombieAnimationPack/Demo/EpicContent/Mannequin_UE4/Mesh/SK_Mannequin.uasset" 324
"E:/unreal projects/MyProject/Content/ZombieAnimationPack/Demo/EpicContent/Mannequin_UE4/Mesh/SK_Mannequin.uexp" 325
"../../../Engine/Content/Animation/DefaultAnimCurveCompressionSettings.uasset" 326
"../../../Engine/Content/Animation/DefaultAnimCurveCompressionSettings.uexp" 327
"../../../Engine/Content/Animation/DefaultAnimBoneCompressionSettings.uasset" 328
"../../../Engine/Content/Animation/DefaultAnimBoneCompressionSettings.uexp" 329
"E:/unreal projects/MyProject/Content/ZombieAnimationPack/Animations/Mannequin_UE4/anim_Walk_C.uasset" 330
"E:/unreal projects/MyProject/Content/ZombieAnimationPack/Animations/Mannequin_UE4/anim_Walk_C.uexp" 331
"E:/unreal projects/MyProject/Content/Jumpscare/BP_ScareAI1.uasset" 332
"E:/unreal projects/MyProject/Content/Jumpscare/BP_ScareAI1.uexp" 333
"E:/unreal projects/MyProject/Content/Jumpscare/BP_ScareAI.uasset" 334
"E:/unreal projects/MyProject/Content/Jumpscare/BP_ScareAI.uexp" 335
"../../../Engine/Content/EngineMaterials/T_Default_Material_Grid_M.ubulk" 336
"../../../Engine/Content/EngineMaterials/T_Default_Material_Grid_M.uasset" 337
"../../../Engine/Content/EngineMaterials/T_Default_Material_Grid_M.uexp" 338
"../../../Engine/Content/Functions/Engine_MaterialFunctions01/Opacity/CameraDepthFade.uasset" 339
"../../../Engine/Content/Functions/Engine_MaterialFunctions01/Opacity/CameraDepthFade.uexp" 340
"../../../Engine/Content/EngineMaterials/T_Default_Material_Grid_N.ubulk" 341
"../../../Engine/Content/EngineMaterials/T_Default_Material_Grid_N.uasset" 342
"../../../Engine/Content/EngineMaterials/T_Default_Material_Grid_N.uexp" 343
"../../../Engine/Content/EngineMaterials/DefaultMaterial.uasset" 344
"../../../Engine/Content/EngineMaterials/DefaultMaterial.uexp" 345
"../../../Engine/Content/BasicShapes/Sphere.ubulk" 346
"../../../Engine/Content/BasicShapes/Sphere.uasset" 347
"../../../Engine/Content/BasicShapes/Sphere.uexp" 348
"E:/unreal projects/MyProject/Content/UI/WB_Staminabar.uasset" 349
"E:/unreal projects/MyProject/Content/UI/WB_Staminabar.uexp" 350
"E:/unreal projects/MyProject/Content/Damage_System/E_DamageType.uasset" 351
"E:/unreal projects/MyProject/Content/Damage_System/E_DamageType.uexp" 352
"E:/unreal projects/MyProject/Content/Damage_System/E_DamageResponse.uasset" 353
"E:/unreal projects/MyProject/Content/Damage_System/E_DamageResponse.uexp" 354
"E:/unreal projects/MyProject/Content/Damage_System/S_DamageInfo.uasset" 355
"E:/unreal projects/MyProject/Content/Damage_System/S_DamageInfo.uexp" 356
"E:/unreal projects/MyProject/Content/Damage_System/BPI_Damagable.uasset" 357
"E:/unreal projects/MyProject/Content/Damage_System/BPI_Damagable.uexp" 358
"E:/unreal projects/MyProject/Content/UI/WB_Playerhealthbar.uasset" 359
"E:/unreal projects/MyProject/Content/UI/WB_Playerhealthbar.uexp" 360
"E:/unreal projects/MyProject/Content/UI/WB_Hitindicator.uasset" 361
"E:/unreal projects/MyProject/Content/UI/WB_Hitindicator.uexp" 362
"E:/unreal projects/MyProject/Content/UI/WB_fade.uasset" 363
"E:/unreal projects/MyProject/Content/UI/WB_fade.uexp" 364
"E:/unreal projects/MyProject/Content/UI/WB_DIED.uasset" 365
"E:/unreal projects/MyProject/Content/UI/WB_DIED.uexp" 366
"E:/unreal projects/MyProject/Content/LevelPrototyping/Materials/M_FlatCol.uasset" 367
"E:/unreal projects/MyProject/Content/LevelPrototyping/Materials/M_FlatCol.uexp" 368
"E:/unreal projects/MyProject/Content/LevelPrototyping/Materials/MI_DefaultColorway.uasset" 369
"E:/unreal projects/MyProject/Content/LevelPrototyping/Materials/MI_DefaultColorway.uexp" 370
"E:/unreal projects/MyProject/Content/ThirdPerson/MI_ThirdPersonColWay.uasset" 371
"E:/unreal projects/MyProject/Content/ThirdPerson/MI_ThirdPersonColWay.uexp" 372
"E:/unreal projects/MyProject/Content/Input/Actions/IA_MouseLook.uasset" 373
"E:/unreal projects/MyProject/Content/Input/Actions/IA_MouseLook.uexp" 374
"E:/unreal projects/MyProject/Content/Input/Actions/IA_Move.uasset" 375
"E:/unreal projects/MyProject/Content/Input/Actions/IA_Move.uexp" 376
"E:/unreal projects/MyProject/Content/Input/Actions/IA_Look.uasset" 377
"E:/unreal projects/MyProject/Content/Input/Actions/IA_Look.uexp" 378
"E:/unreal projects/MyProject/Content/Input/Actions/IA_Jump.uasset" 379
"E:/unreal projects/MyProject/Content/Input/Actions/IA_Jump.uexp" 380
"E:/unreal projects/MyProject/Content/Input/Actions/IA_Flashlight.uasset" 381
"E:/unreal projects/MyProject/Content/Input/Actions/IA_Flashlight.uexp" 382
"E:/unreal projects/MyProject/Content/Input/Actions/IA_Interact.uasset" 383
"E:/unreal projects/MyProject/Content/Input/Actions/IA_Interact.uexp" 384
"E:/unreal projects/MyProject/Content/Input/Actions/IA_Attack.uasset" 385
"E:/unreal projects/MyProject/Content/Input/Actions/IA_Attack.uexp" 386
"E:/unreal projects/MyProject/Content/Input/Actions/IA_Sprint.uasset" 387
"E:/unreal projects/MyProject/Content/Input/Actions/IA_Sprint.uexp" 388
"E:/unreal projects/MyProject/Content/Input/Actions/IA_Crouch.uasset" 389
"E:/unreal projects/MyProject/Content/Input/Actions/IA_Crouch.uexp" 390
"E:/unreal projects/MyProject/Content/Damage_System/BPC_DamageSystem.uasset" 391
"E:/unreal projects/MyProject/Content/Damage_System/BPC_DamageSystem.uexp" 392
"../../../Engine/Content/Functions/Engine_MaterialFunctions02/Utility/MakeFloat3.uasset" 393
"../../../Engine/Content/Functions/Engine_MaterialFunctions02/Utility/MakeFloat3.uexp" 394
"../../../Engine/Content/Functions/Engine_MaterialFunctions02/Utility/BreakOutFloat3Components.uasset" 395
"../../../Engine/Content/Functions/Engine_MaterialFunctions02/Utility/BreakOutFloat3Components.uexp" 396
"../../../Engine/Content/Functions/Engine_MaterialFunctions02/Math/Transform3x3Matrix.uasset" 397
"../../../Engine/Content/Functions/Engine_MaterialFunctions02/Math/Transform3x3Matrix.uexp" 398
"../../../Engine/Plugins/Interchange/Assets/Content/gltf/Textures/T_White_srgb.uasset" 399
"../../../Engine/Plugins/Interchange/Assets/Content/gltf/Textures/T_White_srgb.uexp" 400
"../../../Engine/Plugins/Interchange/Assets/Content/gltf/MaterialFunctions/MF_BaseColor.uasset" 401
"../../../Engine/Plugins/Interchange/Assets/Content/gltf/MaterialFunctions/MF_BaseColor.uexp" 402
"../../../Engine/Plugins/Interchange/Assets/Content/gltf/MaterialFunctions/MF_RotateV2.uasset" 403
"../../../Engine/Plugins/Interchange/Assets/Content/gltf/MaterialFunctions/MF_RotateV2.uexp" 404
"../../../Engine/Plugins/Interchange/Assets/Content/gltf/MaterialFunctions/MF_TransformUVs.uasset" 405
"../../../Engine/Plugins/Interchange/Assets/Content/gltf/MaterialFunctions/MF_TransformUVs.uexp" 406
"../../../Engine/Plugins/Interchange/Assets/Content/gltf/MaterialFunctions/MF_IOR.uasset" 407
"../../../Engine/Plugins/Interchange/Assets/Content/gltf/MaterialFunctions/MF_IOR.uexp" 408
"../../../Engine/Plugins/Interchange/Assets/Content/Functions/MF_IridescenceNoLUT.uasset" 409
"../../../Engine/Plugins/Interchange/Assets/Content/Functions/MF_IridescenceNoLUT.uexp" 410
"../../../Engine/Plugins/Interchange/Assets/Content/gltf/MaterialFunctions/MF_Iridescence.uasset" 411
"../../../Engine/Plugins/Interchange/Assets/Content/gltf/MaterialFunctions/MF_Iridescence.uexp" 412
"../../../Engine/Plugins/Interchange/Assets/Content/gltf/Textures/T_White_Linear.uasset" 413
"../../../Engine/Plugins/Interchange/Assets/Content/gltf/Textures/T_White_Linear.uexp" 414
"../../../Engine/Plugins/Interchange/Assets/Content/gltf/MaterialFunctions/MF_MetallicRoughness.uasset" 415
"../../../Engine/Plugins/Interchange/Assets/Content/gltf/MaterialFunctions/MF_MetallicRoughness.uexp" 416
"../../../Engine/Plugins/Interchange/Assets/Content/gltf/MaterialFunctions/MF_RotateNormals_TS.uasset" 417
"../../../Engine/Plugins/Interchange/Assets/Content/gltf/MaterialFunctions/MF_RotateNormals_TS.uexp" 418
"../../../Engine/Plugins/Interchange/Assets/Content/gltf/MaterialFunctions/MF_ScaleNormal.uasset" 419
"../../../Engine/Plugins/Interchange/Assets/Content/gltf/MaterialFunctions/MF_ScaleNormal.uexp" 420
"../../../Engine/Plugins/Interchange/Assets/Content/gltf/Textures/T_Generic_N.uasset" 421
"../../../Engine/Plugins/Interchange/Assets/Content/gltf/Textures/T_Generic_N.uexp" 422
"../../../Engine/Plugins/Interchange/Assets/Content/gltf/MaterialFunctions/MF_Normals.uasset" 423
"../../../Engine/Plugins/Interchange/Assets/Content/gltf/MaterialFunctions/MF_Normals.uexp" 424
"../../../Engine/Plugins/Interchange/Assets/Content/gltf/MaterialFunctions/MF_Occlusion.uasset" 425
"../../../Engine/Plugins/Interchange/Assets/Content/gltf/MaterialFunctions/MF_Occlusion.uexp" 426
"../../../Engine/Plugins/Interchange/Assets/Content/gltf/MaterialFunctions/MF_Specular.uasset" 427
"../../../Engine/Plugins/Interchange/Assets/Content/gltf/MaterialFunctions/MF_Specular.uexp" 428
"../../../Engine/Plugins/Interchange/Assets/Content/gltf/Textures/T_Anisotropy_Direction_Linear.uasset" 429
"../../../Engine/Plugins/Interchange/Assets/Content/gltf/Textures/T_Anisotropy_Direction_Linear.uexp" 430
"../../../Engine/Plugins/Interchange/Assets/Content/gltf/MaterialFunctions/MF_SpecularAnisotropy.uasset" 431
"../../../Engine/Plugins/Interchange/Assets/Content/gltf/MaterialFunctions/MF_SpecularAnisotropy.uexp" 432
"../../../Engine/Plugins/Interchange/Assets/Content/gltf/MaterialFunctions/MF_Emissive.uasset" 433
"../../../Engine/Plugins/Interchange/Assets/Content/gltf/MaterialFunctions/MF_Emissive.uexp" 434
"../../../Engine/Plugins/Interchange/Assets/Content/gltf/MaterialBodies/MF_Default_Body.uasset" 435
"../../../Engine/Plugins/Interchange/Assets/Content/gltf/MaterialBodies/MF_Default_Body.uexp" 436
"../../../Engine/Plugins/Interchange/Assets/Content/gltf/M_Default.uasset" 437
"../../../Engine/Plugins/Interchange/Assets/Content/gltf/M_Default.uexp" 438
"../../../Engine/Plugins/Interchange/Assets/Content/gltf/MaterialInstances/MI_Default_Opaque_DS.uasset" 439
"../../../Engine/Plugins/Interchange/Assets/Content/gltf/MaterialInstances/MI_Default_Opaque_DS.uexp" 440
"E:/unreal projects/MyProject/Content/Fab/Curved_Sword__Liberia/curved_sword_liberia/Textures/curved_sword_liberia_texture_0.ubulk" 441
"E:/unreal projects/MyProject/Content/Fab/Curved_Sword__Liberia/curved_sword_liberia/Textures/curved_sword_liberia_texture_0.uasset" 442
"E:/unreal projects/MyProject/Content/Fab/Curved_Sword__Liberia/curved_sword_liberia/Textures/curved_sword_liberia_texture_0.uexp" 443
"E:/unreal projects/MyProject/Content/Fab/Curved_Sword__Liberia/curved_sword_liberia/Textures/curved_sword_liberia_texture_1.ubulk" 444
"E:/unreal projects/MyProject/Content/Fab/Curved_Sword__Liberia/curved_sword_liberia/Textures/curved_sword_liberia_texture_1.uasset" 445
"E:/unreal projects/MyProject/Content/Fab/Curved_Sword__Liberia/curved_sword_liberia/Textures/curved_sword_liberia_texture_1.uexp" 446
"E:/unreal projects/MyProject/Content/Fab/Curved_Sword__Liberia/curved_sword_liberia/Textures/curved_sword_liberia_texture_2.ubulk" 447
"E:/unreal projects/MyProject/Content/Fab/Curved_Sword__Liberia/curved_sword_liberia/Textures/curved_sword_liberia_texture_2.uasset" 448
"E:/unreal projects/MyProject/Content/Fab/Curved_Sword__Liberia/curved_sword_liberia/Textures/curved_sword_liberia_texture_2.uexp" 449
"E:/unreal projects/MyProject/Content/Fab/Curved_Sword__Liberia/curved_sword_liberia/Materials/sword.uasset" 450
"E:/unreal projects/MyProject/Content/Fab/Curved_Sword__Liberia/curved_sword_liberia/Materials/sword.uexp" 451
"E:/unreal projects/MyProject/Content/Blueprints/BPI_Interaction.uasset" 452
"E:/unreal projects/MyProject/Content/Blueprints/BPI_Interaction.uexp" 453
"E:/unreal projects/MyProject/Content/Characters/Mannequins/Meshes/SK_Mannequin.uasset" 454
"E:/unreal projects/MyProject/Content/Characters/Mannequins/Meshes/SK_Mannequin.uexp" 455
"E:/unreal projects/MyProject/Content/Abandoned_Building/Textures/T_Sink_N.ubulk" 456
"E:/unreal projects/MyProject/Content/Abandoned_Building/Textures/T_Sink_N.uasset" 457
"E:/unreal projects/MyProject/Content/Abandoned_Building/Textures/T_Sink_N.uexp" 458
"E:/unreal projects/MyProject/Content/Abandoned_Building/Textures/T_Sink_BC.ubulk" 459
"E:/unreal projects/MyProject/Content/Abandoned_Building/Textures/T_Sink_BC.uasset" 460
"E:/unreal projects/MyProject/Content/Abandoned_Building/Textures/T_Sink_BC.uexp" 461
"E:/unreal projects/MyProject/Content/Abandoned_Building/Textures/T_Sink_AO_R_MT.ubulk" 462
"E:/unreal projects/MyProject/Content/Abandoned_Building/Textures/T_Sink_AO_R_MT.uasset" 463
"E:/unreal projects/MyProject/Content/Abandoned_Building/Textures/T_Sink_AO_R_MT.uexp" 464
"../../../Engine/Content/Functions/Engine_MaterialFunctions01/Texturing/FlattenNormal.uasset" 465
"../../../Engine/Content/Functions/Engine_MaterialFunctions01/Texturing/FlattenNormal.uexp" 466
"../../../Engine/Content/EngineMaterials/BlendFunc_DefBlend.uasset" 467
"../../../Engine/Content/EngineMaterials/BlendFunc_DefBlend.uexp" 468
"../../../Engine/Content/EngineMaterials/BlendFunc_DefBase.uasset" 469
"../../../Engine/Content/EngineMaterials/BlendFunc_DefBase.uexp" 470
"E:/unreal projects/MyProject/Content/Abandoned_Building/Textures/T_Object_00_N.ubulk" 471
"E:/unreal projects/MyProject/Content/Abandoned_Building/Textures/T_Object_00_N.uasset" 472
"E:/unreal projects/MyProject/Content/Abandoned_Building/Textures/T_Object_00_N.uexp" 473
"E:/unreal projects/MyProject/Content/Abandoned_Building/Textures/T_Object_00_BC.ubulk" 474
"E:/unreal projects/MyProject/Content/Abandoned_Building/Textures/T_Object_00_BC.uasset" 475
"E:/unreal projects/MyProject/Content/Abandoned_Building/Textures/T_Object_00_BC.uexp" 476
"E:/unreal projects/MyProject/Content/Abandoned_Building/Textures/T_Object_00_AO_R_MT.ubulk" 477
"E:/unreal projects/MyProject/Content/Abandoned_Building/Textures/T_Object_00_AO_R_MT.uasset" 478
"E:/unreal projects/MyProject/Content/Abandoned_Building/Textures/T_Object_00_AO_R_MT.uexp" 479
"../../../Engine/Content/Functions/Engine_MaterialFunctions03/Blends/Blend_Lighten.uasset" 480
"../../../Engine/Content/Functions/Engine_MaterialFunctions03/Blends/Blend_Lighten.uexp" 481
"E:/unreal projects/MyProject/Content/Abandoned_Building/Materials/M_Base02.uasset" 482
"E:/unreal projects/MyProject/Content/Abandoned_Building/Materials/M_Base02.uexp" 483
"E:/unreal projects/MyProject/Content/Abandoned_Building/Material_Instances/MI_Sink.uasset" 484
"E:/unreal projects/MyProject/Content/Abandoned_Building/Material_Instances/MI_Sink.uexp" 485
"E:/unreal projects/MyProject/Content/Abandoned_Building/Textures/T_Leaf_00_N.uasset" 486
"E:/unreal projects/MyProject/Content/Abandoned_Building/Textures/T_Leaf_00_N.uexp" 487
"E:/unreal projects/MyProject/Content/Abandoned_Building/Textures/T_Leaf_00_BC.uasset" 488
"E:/unreal projects/MyProject/Content/Abandoned_Building/Textures/T_Leaf_00_BC.uexp" 489
"E:/unreal projects/MyProject/Content/Abandoned_Building/Textures/T_Leaf_00_AO_R_TM.uasset" 490
"E:/unreal projects/MyProject/Content/Abandoned_Building/Textures/T_Leaf_00_AO_R_TM.uexp" 491
"E:/unreal projects/MyProject/Content/Abandoned_Building/Materials/M_Vegetation.uasset" 492
"E:/unreal projects/MyProject/Content/Abandoned_Building/Materials/M_Vegetation.uexp" 493
"E:/unreal projects/MyProject/Content/Abandoned_Building/Materials/MI_Vegetation.uasset" 494
"E:/unreal projects/MyProject/Content/Abandoned_Building/Materials/MI_Vegetation.uexp" 495
"E:/unreal projects/MyProject/Content/Characters/Mannequins/Rigs/PA_Mannequin.uasset" 496
"E:/unreal projects/MyProject/Content/Characters/Mannequins/Rigs/PA_Mannequin.uexp" 497
"E:/unreal projects/MyProject/Content/Characters/Mannequins/Meshes/SKM_Quinn_Simple.uasset" 498
"E:/unreal projects/MyProject/Content/Characters/Mannequins/Meshes/SKM_Quinn_Simple.uexp" 499
"E:/unreal projects/MyProject/Content/Audio/Bluerra-sai_-_Old_Doll__5muK-ewTa7U_.ubulk" 500
"E:/unreal projects/MyProject/Content/Audio/Bluerra-sai_-_Old_Doll__5muK-ewTa7U_.uasset" 501
"E:/unreal projects/MyProject/Content/Audio/Bluerra-sai_-_Old_Doll__5muK-ewTa7U_.uexp" 502
"E:/unreal projects/MyProject/Content/Audio/567220__fission9__drone-loop-fixed.ubulk" 503
"E:/unreal projects/MyProject/Content/Audio/567220__fission9__drone-loop-fixed.uasset" 504
"E:/unreal projects/MyProject/Content/Audio/567220__fission9__drone-loop-fixed.uexp" 505
"E:/unreal projects/MyProject/Content/Audio/547208__mrfossy__voice_adultmale_paingrunts_10.ubulk" 506
"E:/unreal projects/MyProject/Content/Audio/547208__mrfossy__voice_adultmale_paingrunts_10.uasset" 507
"E:/unreal projects/MyProject/Content/Audio/547208__mrfossy__voice_adultmale_paingrunts_10.uexp" 508
"E:/unreal projects/MyProject/Content/Audio/341670__dangthaiduy007__jump-scare-sound-3.ubulk" 509
"E:/unreal projects/MyProject/Content/Audio/341670__dangthaiduy007__jump-scare-sound-3.uasset" 510
"E:/unreal projects/MyProject/Content/Audio/341670__dangthaiduy007__jump-scare-sound-3.uexp" 511
"E:/unreal projects/MyProject/Content/Audio/329582__unaxete__simple_jumpscare.ubulk" 512
"E:/unreal projects/MyProject/Content/Audio/329582__unaxete__simple_jumpscare.uasset" 513
"E:/unreal projects/MyProject/Content/Audio/329582__unaxete__simple_jumpscare.uexp" 514
"../../../Engine/Content/Animation/DefaultVariableFrameStrippingSettings.uasset" 515
"../../../Engine/Content/Animation/DefaultVariableFrameStrippingSettings.uexp" 516
"E:/unreal projects/MyProject/Content/ZombieAnimationPack/Demo/EpicContent/Mannequin_UE5/Meshes/SKEL_Mannequin.uasset" 517
"E:/unreal projects/MyProject/Content/ZombieAnimationPack/Demo/EpicContent/Mannequin_UE5/Meshes/SKEL_Mannequin.uexp" 518
"E:/unreal projects/MyProject/Content/AI/anim_Attack_D.uasset" 519
"E:/unreal projects/MyProject/Content/AI/anim_Attack_D.uexp" 520
"E:/unreal projects/MyProject/Content/AI/anim_Attack_D_Montage.uasset" 521
"E:/unreal projects/MyProject/Content/AI/anim_Attack_D_Montage.uexp" 522
"E:/unreal projects/MyProject/Content/ZombieAnimationPack/Animations/Mannequin_UE4/anim_Taking_Damage_D.uasset" 523
"E:/unreal projects/MyProject/Content/ZombieAnimationPack/Animations/Mannequin_UE4/anim_Taking_Damage_D.uexp" 524
"E:/unreal projects/MyProject/Content/Input/Touch/BPI_TouchInterface.uasset" 525
"E:/unreal projects/MyProject/Content/Input/Touch/BPI_TouchInterface.uexp" 526
"E:/unreal projects/MyProject/Content/Characters/Mannequins/Anims/Unarmed/MM_Idle.uasset" 527
"E:/unreal projects/MyProject/Content/Characters/Mannequins/Anims/Unarmed/MM_Idle.uexp" 528
"../../../Engine/Plugins/Animation/ControlRig/Content/Controls/DefaultGizmoLibraryNormalized.uasset" 529
"../../../Engine/Plugins/Animation/ControlRig/Content/Controls/DefaultGizmoLibraryNormalized.uexp" 530
"E:/unreal projects/MyProject/Content/Characters/Mannequins/Rigs/CR_Mannequin_FootIK.uasset" 531
"E:/unreal projects/MyProject/Content/Characters/Mannequins/Rigs/CR_Mannequin_FootIK.uexp" 532
"E:/unreal projects/MyProject/Content/Audio/footsteps-dirt-gravel.ubulk" 533
"E:/unreal projects/MyProject/Content/Audio/footsteps-dirt-gravel.uasset" 534
"E:/unreal projects/MyProject/Content/Audio/footsteps-dirt-gravel.uexp" 535
"E:/unreal projects/MyProject/Content/Audio/footsteps-on-water-footsteps-.ubulk" 536
"E:/unreal projects/MyProject/Content/Audio/footsteps-on-water-footsteps-.uasset" 537
"E:/unreal projects/MyProject/Content/Audio/footsteps-on-water-footsteps-.uexp" 538
"E:/unreal projects/MyProject/Content/Audio/footsteps-on-wood-.ubulk" 539
"E:/unreal projects/MyProject/Content/Audio/footsteps-on-wood-.uasset" 540
"E:/unreal projects/MyProject/Content/Audio/footsteps-on-wood-.uexp" 541
"E:/unreal projects/MyProject/Content/Audio/metal-footsteps-.ubulk" 542
"E:/unreal projects/MyProject/Content/Audio/metal-footsteps-.uasset" 543
"E:/unreal projects/MyProject/Content/Audio/metal-footsteps-.uexp" 544
"E:/unreal projects/MyProject/Content/BP_footstep.uasset" 545
"E:/unreal projects/MyProject/Content/BP_footstep.uexp" 546
"E:/unreal projects/MyProject/Content/Characters/Mannequins/Anims/Unarmed/Walk/MF_Unarmed_Walk_Fwd.uasset" 547
"E:/unreal projects/MyProject/Content/Characters/Mannequins/Anims/Unarmed/Walk/MF_Unarmed_Walk_Fwd.uexp" 548
"../../../Engine/Plugins/Animation/ACLPlugin/Content/ACLAnimCurveCompressionSettings.uasset" 549
"../../../Engine/Plugins/Animation/ACLPlugin/Content/ACLAnimCurveCompressionSettings.uexp" 550
"E:/unreal projects/MyProject/Content/Characters/Mannequins/Anims/Unarmed/Walk/MF_Unarmed_Walk_Right.uasset" 551
"E:/unreal projects/MyProject/Content/Characters/Mannequins/Anims/Unarmed/Walk/MF_Unarmed_Walk_Right.uexp" 552
"E:/unreal projects/MyProject/Content/Characters/Mannequins/Anims/Unarmed/Walk/MF_Unarmed_Walk_Left.uasset" 553
"E:/unreal projects/MyProject/Content/Characters/Mannequins/Anims/Unarmed/Walk/MF_Unarmed_Walk_Left.uexp" 554
"../../../Engine/Content/Animation/DefaultRecorderBoneCompression.uasset" 555
"../../../Engine/Content/Animation/DefaultRecorderBoneCompression.uexp" 556
"E:/unreal projects/MyProject/Content/Characters/Mannequins/Anims/Unarmed/Walk/MF_Unarmed_Walk_Fwd_Right.uasset" 557
"E:/unreal projects/MyProject/Content/Characters/Mannequins/Anims/Unarmed/Walk/MF_Unarmed_Walk_Fwd_Right.uexp" 558
"E:/unreal projects/MyProject/Content/Characters/Mannequins/Anims/Unarmed/Walk/MF_Unarmed_Walk_Fwd_Left.uasset" 559
"E:/unreal projects/MyProject/Content/Characters/Mannequins/Anims/Unarmed/Walk/MF_Unarmed_Walk_Fwd_Left.uexp" 560
"E:/unreal projects/MyProject/Content/Characters/Mannequins/Anims/Unarmed/Walk/MF_Unarmed_Walk_Bwd_Right.uasset" 561
"E:/unreal projects/MyProject/Content/Characters/Mannequins/Anims/Unarmed/Walk/MF_Unarmed_Walk_Bwd_Right.uexp" 562
"E:/unreal projects/MyProject/Content/Characters/Mannequins/Anims/Unarmed/Walk/MF_Unarmed_Walk_Bwd_Left.uasset" 563
"E:/unreal projects/MyProject/Content/Characters/Mannequins/Anims/Unarmed/Walk/MF_Unarmed_Walk_Bwd_Left.uexp" 564
"E:/unreal projects/MyProject/Content/Characters/Mannequins/Anims/Unarmed/Walk/MF_Unarmed_Walk_Bwd.uasset" 565
"E:/unreal projects/MyProject/Content/Characters/Mannequins/Anims/Unarmed/Walk/MF_Unarmed_Walk_Bwd.uexp" 566
"E:/unreal projects/MyProject/Content/Characters/Mannequins/Anims/Unarmed/Jog/MF_Unarmed_Jog_Right.uasset" 567
"E:/unreal projects/MyProject/Content/Characters/Mannequins/Anims/Unarmed/Jog/MF_Unarmed_Jog_Right.uexp" 568
"E:/unreal projects/MyProject/Content/Characters/Mannequins/Anims/Unarmed/Jog/MF_Unarmed_Jog_Left.uasset" 569
"E:/unreal projects/MyProject/Content/Characters/Mannequins/Anims/Unarmed/Jog/MF_Unarmed_Jog_Left.uexp" 570
"E:/unreal projects/MyProject/Content/Characters/Mannequins/Anims/Unarmed/Jog/MF_Unarmed_Jog_Bwd.uasset" 571
"E:/unreal projects/MyProject/Content/Characters/Mannequins/Anims/Unarmed/Jog/MF_Unarmed_Jog_Bwd.uexp" 572
"E:/unreal projects/MyProject/Content/Characters/Mannequins/Anims/Unarmed/Jog/MF_Unarmed_Jog_Bwd_Left.uasset" 573
"E:/unreal projects/MyProject/Content/Characters/Mannequins/Anims/Unarmed/Jog/MF_Unarmed_Jog_Bwd_Left.uexp" 574
"E:/unreal projects/MyProject/Content/Characters/Mannequins/Anims/Unarmed/Jog/MF_Unarmed_Jog_Bwd_Right.uasset" 575
"E:/unreal projects/MyProject/Content/Characters/Mannequins/Anims/Unarmed/Jog/MF_Unarmed_Jog_Bwd_Right.uexp" 576
"E:/unreal projects/MyProject/Content/Characters/Mannequins/Anims/Unarmed/Jog/MF_Unarmed_Jog_Fwd.uasset" 577
"E:/unreal projects/MyProject/Content/Characters/Mannequins/Anims/Unarmed/Jog/MF_Unarmed_Jog_Fwd.uexp" 578
"E:/unreal projects/MyProject/Content/Characters/Mannequins/Anims/Unarmed/Jog/MF_Unarmed_Jog_Fwd_Left.uasset" 579
"E:/unreal projects/MyProject/Content/Characters/Mannequins/Anims/Unarmed/Jog/MF_Unarmed_Jog_Fwd_Left.uexp" 580
"E:/unreal projects/MyProject/Content/Characters/Mannequins/Anims/Unarmed/Jog/MF_Unarmed_Jog_Fwd_Right.uasset" 581
"E:/unreal projects/MyProject/Content/Characters/Mannequins/Anims/Unarmed/Jog/MF_Unarmed_Jog_Fwd_Right.uexp" 582
"E:/unreal projects/MyProject/Content/Characters/Mannequins/Anims/Unarmed/BS_Idle_Walk_Run.uasset" 583
"E:/unreal projects/MyProject/Content/Characters/Mannequins/Anims/Unarmed/BS_Idle_Walk_Run.uexp" 584
"E:/unreal projects/MyProject/Content/Characters/Mannequins/Anims/Unarmed/Jump/MM_Land.uasset" 585
"E:/unreal projects/MyProject/Content/Characters/Mannequins/Anims/Unarmed/Jump/MM_Land.uexp" 586
"E:/unreal projects/MyProject/Content/Characters/Mannequins/Anims/Unarmed/Jump/MM_Jump.uasset" 587
"E:/unreal projects/MyProject/Content/Characters/Mannequins/Anims/Unarmed/Jump/MM_Jump.uexp" 588
"E:/unreal projects/MyProject/Content/Characters/Mannequins/Anims/Unarmed/Jump/MM_Fall_Loop.uasset" 589
"E:/unreal projects/MyProject/Content/Characters/Mannequins/Anims/Unarmed/Jump/MM_Fall_Loop.uexp" 590
"E:/unreal projects/MyProject/Content/Characters/Mannequins/Anims/Unarmed/ABP_Unarmed.uasset" 591
"E:/unreal projects/MyProject/Content/Characters/Mannequins/Anims/Unarmed/ABP_Unarmed.uexp" 592
"../../../Engine/Content/Tutorial/SubEditors/TutorialAssets/T_soft_smoke.ubulk" 593
"../../../Engine/Content/Tutorial/SubEditors/TutorialAssets/T_soft_smoke.uasset" 594
"../../../Engine/Content/Tutorial/SubEditors/TutorialAssets/T_soft_smoke.uexp" 595
"../../../Engine/Content/Tutorial/SubEditors/TutorialAssets/T_SmokeSubUV_8X8.ubulk" 596
"../../../Engine/Content/Tutorial/SubEditors/TutorialAssets/T_SmokeSubUV_8X8.uasset" 597
"../../../Engine/Content/Tutorial/SubEditors/TutorialAssets/T_SmokeSubUV_8X8.uexp" 598
"../../../Engine/Content/Tutorial/SubEditors/TutorialAssets/M_smoke_subUV_blackbody.uasset" 599
"../../../Engine/Content/Tutorial/SubEditors/TutorialAssets/M_smoke_subUV_blackbody.uexp" 600
"../../../Engine/Content/Tutorial/SubEditors/TutorialAssets/TutorialParticleSystem.uasset" 601
"../../../Engine/Content/Tutorial/SubEditors/TutorialAssets/TutorialParticleSystem.uexp" 602
"E:/unreal projects/MyProject/Content/Abandoned_Building/Textures/T_AbandonedBuilding_09_N.ubulk" 603
"E:/unreal projects/MyProject/Content/Abandoned_Building/Textures/T_AbandonedBuilding_09_N.uasset" 604
"E:/unreal projects/MyProject/Content/Abandoned_Building/Textures/T_AbandonedBuilding_09_N.uexp" 605
"E:/unreal projects/MyProject/Content/Abandoned_Building/Textures/T_AbandonedBuilding_09_BC.ubulk" 606
"E:/unreal projects/MyProject/Content/Abandoned_Building/Textures/T_AbandonedBuilding_09_BC.uasset" 607
"E:/unreal projects/MyProject/Content/Abandoned_Building/Textures/T_AbandonedBuilding_09_BC.uexp" 608
"E:/unreal projects/MyProject/Content/Abandoned_Building/Textures/T_AbandonedBuilding_09_AO_R_MT.ubulk" 609
"E:/unreal projects/MyProject/Content/Abandoned_Building/Textures/T_AbandonedBuilding_09_AO_R_MT.uasset" 610
"E:/unreal projects/MyProject/Content/Abandoned_Building/Textures/T_AbandonedBuilding_09_AO_R_MT.uexp" 611
"E:/unreal projects/MyProject/Content/Abandoned_Building/Textures/T_AbandonedBuilding_00_N.ubulk" 612
"E:/unreal projects/MyProject/Content/Abandoned_Building/Textures/T_AbandonedBuilding_00_N.uasset" 613
"E:/unreal projects/MyProject/Content/Abandoned_Building/Textures/T_AbandonedBuilding_00_N.uexp" 614
"E:/unreal projects/MyProject/Content/Abandoned_Building/Textures/T_AbandonedBuilding_00_BC.ubulk" 615
"E:/unreal projects/MyProject/Content/Abandoned_Building/Textures/T_AbandonedBuilding_00_BC.uasset" 616
"E:/unreal projects/MyProject/Content/Abandoned_Building/Textures/T_AbandonedBuilding_00_BC.uexp" 617
"E:/unreal projects/MyProject/Content/Abandoned_Building/Textures/T_AbandonedBuilding_00_AO_R_MT.ubulk" 618
"E:/unreal projects/MyProject/Content/Abandoned_Building/Textures/T_AbandonedBuilding_00_AO_R_MT.uasset" 619
"E:/unreal projects/MyProject/Content/Abandoned_Building/Textures/T_AbandonedBuilding_00_AO_R_MT.uexp" 620
"E:/unreal projects/MyProject/Content/Abandoned_Building/Materials/M_Base.uasset" 621
"E:/unreal projects/MyProject/Content/Abandoned_Building/Materials/M_Base.uexp" 622
"E:/unreal projects/MyProject/Content/Abandoned_Building/Material_Instances/MI_AbandonedBuilding_09.uasset" 623
"E:/unreal projects/MyProject/Content/Abandoned_Building/Material_Instances/MI_AbandonedBuilding_09.uexp" 624
"E:/unreal projects/MyProject/Content/Damage_System/Player/BP_Player.uasset" 625
"E:/unreal projects/MyProject/Content/Damage_System/Player/BP_Player.uexp" 626
"E:/unreal projects/MyProject/Content/Fab/Curved_Sword__Liberia/curved_sword_liberia/StaticMeshes/curved_sword_liberia.ubulk" 627
"E:/unreal projects/MyProject/Content/Fab/Curved_Sword__Liberia/curved_sword_liberia/StaticMeshes/curved_sword_liberia.uasset" 628
"E:/unreal projects/MyProject/Content/Fab/Curved_Sword__Liberia/curved_sword_liberia/StaticMeshes/curved_sword_liberia.uexp" 629
"E:/unreal projects/MyProject/Content/Blueprints/BP_Weapon1.uasset" 630
"E:/unreal projects/MyProject/Content/Blueprints/BP_Weapon1.uexp" 631
"E:/unreal projects/MyProject/Content/Abandoned_Building/Material_Instances/MI_AbandonedBuilding_00.uasset" 632
"E:/unreal projects/MyProject/Content/Abandoned_Building/Material_Instances/MI_AbandonedBuilding_00.uexp" 633
"E:/unreal projects/MyProject/Content/Abandoned_Building/Meshes/SM_AbandonedBuilding_00.ubulk" 634
"E:/unreal projects/MyProject/Content/Abandoned_Building/Meshes/SM_AbandonedBuilding_00.uasset" 635
"E:/unreal projects/MyProject/Content/Abandoned_Building/Meshes/SM_AbandonedBuilding_00.uexp" 636
"E:/unreal projects/MyProject/Content/Abandoned_Building/Materials/M_Glass.uasset" 637
"E:/unreal projects/MyProject/Content/Abandoned_Building/Materials/M_Glass.uexp" 638
"E:/unreal projects/MyProject/Content/Abandoned_Building/Materials/M_Glass_Inst.uasset" 639
"E:/unreal projects/MyProject/Content/Abandoned_Building/Materials/M_Glass_Inst.uexp" 640
"E:/unreal projects/MyProject/Content/Abandoned_Building/Textures/T_AbandonedBuilding_01_N.ubulk" 641
"E:/unreal projects/MyProject/Content/Abandoned_Building/Textures/T_AbandonedBuilding_01_N.uasset" 642
"E:/unreal projects/MyProject/Content/Abandoned_Building/Textures/T_AbandonedBuilding_01_N.uexp" 643
"E:/unreal projects/MyProject/Content/Abandoned_Building/Textures/T_AbandonedBuilding_01_BC.ubulk" 644
"E:/unreal projects/MyProject/Content/Abandoned_Building/Textures/T_AbandonedBuilding_01_BC.uasset" 645
"E:/unreal projects/MyProject/Content/Abandoned_Building/Textures/T_AbandonedBuilding_01_BC.uexp" 646
"E:/unreal projects/MyProject/Content/Abandoned_Building/Textures/T_AbandonedBuilding_01_AO_R_MT.ubulk" 647
"E:/unreal projects/MyProject/Content/Abandoned_Building/Textures/T_AbandonedBuilding_01_AO_R_MT.uasset" 648
"E:/unreal projects/MyProject/Content/Abandoned_Building/Textures/T_AbandonedBuilding_01_AO_R_MT.uexp" 649
"E:/unreal projects/MyProject/Content/Abandoned_Building/Material_Instances/MI_AbandonedBuilding_01.uasset" 650
"E:/unreal projects/MyProject/Content/Abandoned_Building/Material_Instances/MI_AbandonedBuilding_01.uexp" 651
"E:/unreal projects/MyProject/Content/Abandoned_Building/Meshes/SM_AbandonedBuilding_01.ubulk" 652
"E:/unreal projects/MyProject/Content/Abandoned_Building/Meshes/SM_AbandonedBuilding_01.uasset" 653
"E:/unreal projects/MyProject/Content/Abandoned_Building/Meshes/SM_AbandonedBuilding_01.uexp" 654
"E:/unreal projects/MyProject/Content/Abandoned_Building/Textures/T_AbandonedBuilding_04_N_00.ubulk" 655
"E:/unreal projects/MyProject/Content/Abandoned_Building/Textures/T_AbandonedBuilding_04_N_00.uasset" 656
"E:/unreal projects/MyProject/Content/Abandoned_Building/Textures/T_AbandonedBuilding_04_N_00.uexp" 657
"E:/unreal projects/MyProject/Content/Abandoned_Building/Textures/T_AbandonedBuilding_04_BC_00.ubulk" 658
"E:/unreal projects/MyProject/Content/Abandoned_Building/Textures/T_AbandonedBuilding_04_BC_00.uasset" 659
"E:/unreal projects/MyProject/Content/Abandoned_Building/Textures/T_AbandonedBuilding_04_BC_00.uexp" 660
"E:/unreal projects/MyProject/Content/Abandoned_Building/Material_Instances/MI_AbandonedBuilding_04_00.uasset" 661
"E:/unreal projects/MyProject/Content/Abandoned_Building/Material_Instances/MI_AbandonedBuilding_04_00.uexp" 662
"E:/unreal projects/MyProject/Content/Abandoned_Building/Meshes/SM_AbandonedBuilding_04.ubulk" 663
"E:/unreal projects/MyProject/Content/Abandoned_Building/Meshes/SM_AbandonedBuilding_04.uasset" 664
"E:/unreal projects/MyProject/Content/Abandoned_Building/Meshes/SM_AbandonedBuilding_04.uexp" 665
"E:/unreal projects/MyProject/Content/Abandoned_Building/Textures/T_AbandonedBuilding_05_N_00.ubulk" 666
"E:/unreal projects/MyProject/Content/Abandoned_Building/Textures/T_AbandonedBuilding_05_N_00.uasset" 667
"E:/unreal projects/MyProject/Content/Abandoned_Building/Textures/T_AbandonedBuilding_05_N_00.uexp" 668
"E:/unreal projects/MyProject/Content/Abandoned_Building/Textures/T_AbandonedBuilding_05_BC_00.ubulk" 669
"E:/unreal projects/MyProject/Content/Abandoned_Building/Textures/T_AbandonedBuilding_05_BC_00.uasset" 670
"E:/unreal projects/MyProject/Content/Abandoned_Building/Textures/T_AbandonedBuilding_05_BC_00.uexp" 671
"E:/unreal projects/MyProject/Content/Abandoned_Building/Material_Instances/MI_AbandonedBuilding_05_00.uasset" 672
"E:/unreal projects/MyProject/Content/Abandoned_Building/Material_Instances/MI_AbandonedBuilding_05_00.uexp" 673
"E:/unreal projects/MyProject/Content/Abandoned_Building/Meshes/SM_AbandonedBuilding_05.ubulk" 674
"E:/unreal projects/MyProject/Content/Abandoned_Building/Meshes/SM_AbandonedBuilding_05.uasset" 675
"E:/unreal projects/MyProject/Content/Abandoned_Building/Meshes/SM_AbandonedBuilding_05.uexp" 676
"E:/unreal projects/MyProject/Content/Abandoned_Building/Textures/T_AbandonedBuilding_10_N.ubulk" 677
"E:/unreal projects/MyProject/Content/Abandoned_Building/Textures/T_AbandonedBuilding_10_N.uasset" 678
"E:/unreal projects/MyProject/Content/Abandoned_Building/Textures/T_AbandonedBuilding_10_N.uexp" 679
"E:/unreal projects/MyProject/Content/Abandoned_Building/Textures/T_AbandonedBuilding_10_BC.ubulk" 680
"E:/unreal projects/MyProject/Content/Abandoned_Building/Textures/T_AbandonedBuilding_10_BC.uasset" 681
"E:/unreal projects/MyProject/Content/Abandoned_Building/Textures/T_AbandonedBuilding_10_BC.uexp" 682
"E:/unreal projects/MyProject/Content/Abandoned_Building/Textures/T_AbandonedBuilding_10_AO_R_MT.ubulk" 683
"E:/unreal projects/MyProject/Content/Abandoned_Building/Textures/T_AbandonedBuilding_10_AO_R_MT.uasset" 684
"E:/unreal projects/MyProject/Content/Abandoned_Building/Textures/T_AbandonedBuilding_10_AO_R_MT.uexp" 685
"E:/unreal projects/MyProject/Content/Abandoned_Building/Material_Instances/MI_AbandonedBuilding_10.uasset" 686
"E:/unreal projects/MyProject/Content/Abandoned_Building/Material_Instances/MI_AbandonedBuilding_10.uexp" 687
"E:/unreal projects/MyProject/Content/Abandoned_Building/Meshes/SM_AbandonedBuilding_10.ubulk" 688
"E:/unreal projects/MyProject/Content/Abandoned_Building/Meshes/SM_AbandonedBuilding_10.uasset" 689
"E:/unreal projects/MyProject/Content/Abandoned_Building/Meshes/SM_AbandonedBuilding_10.uexp" 690
"E:/unreal projects/MyProject/Content/Blueprints/BP_Drawer.uasset" 691
"E:/unreal projects/MyProject/Content/Blueprints/BP_Drawer.uexp" 692
"E:/unreal projects/MyProject/Content/Abandoned_Building/Textures/T_AbandonedBuilding_02_N.ubulk" 693
"E:/unreal projects/MyProject/Content/Abandoned_Building/Textures/T_AbandonedBuilding_02_N.uasset" 694
"E:/unreal projects/MyProject/Content/Abandoned_Building/Textures/T_AbandonedBuilding_02_N.uexp" 695
"E:/unreal projects/MyProject/Content/Abandoned_Building/Textures/T_AbandonedBuilding_02_BC.ubulk" 696
"E:/unreal projects/MyProject/Content/Abandoned_Building/Textures/T_AbandonedBuilding_02_BC.uasset" 697
"E:/unreal projects/MyProject/Content/Abandoned_Building/Textures/T_AbandonedBuilding_02_BC.uexp" 698
"E:/unreal projects/MyProject/Content/Abandoned_Building/Textures/T_AbandonedBuilding_02_AO_R_MT.ubulk" 699
"E:/unreal projects/MyProject/Content/Abandoned_Building/Textures/T_AbandonedBuilding_02_AO_R_MT.uasset" 700
"E:/unreal projects/MyProject/Content/Abandoned_Building/Textures/T_AbandonedBuilding_02_AO_R_MT.uexp" 701
"E:/unreal projects/MyProject/Content/Abandoned_Building/Material_Instances/MI_AbandonedBuilding_02.uasset" 702
"E:/unreal projects/MyProject/Content/Abandoned_Building/Material_Instances/MI_AbandonedBuilding_02.uexp" 703
"E:/unreal projects/MyProject/Content/Abandoned_Building/Meshes/SM_AbandonedBuilding_02.ubulk" 704
"E:/unreal projects/MyProject/Content/Abandoned_Building/Meshes/SM_AbandonedBuilding_02.uasset" 705
"E:/unreal projects/MyProject/Content/Abandoned_Building/Meshes/SM_AbandonedBuilding_02.uexp" 706
"E:/unreal projects/MyProject/Content/Blueprints/BP_DOOR.uasset" 707
"E:/unreal projects/MyProject/Content/Blueprints/BP_DOOR.uexp" 708
"../../../Engine/Plugins/VirtualProduction/CameraCalibrationCore/Content/Materials/M_DefaultOddSquare.uasset" 709
"../../../Engine/Plugins/VirtualProduction/CameraCalibrationCore/Content/Materials/M_DefaultOddSquare.uexp" 710
"../../../Engine/Plugins/VirtualProduction/CameraCalibrationCore/Content/Materials/M_DefaultEvenSquare.uasset" 711
"../../../Engine/Plugins/VirtualProduction/CameraCalibrationCore/Content/Materials/M_DefaultEvenSquare.uexp" 712
"../../../Engine/Plugins/Runtime/HairStrands/Content/Materials/HairMeshesDefaultMaterial.uasset" 713
"../../../Engine/Plugins/Runtime/HairStrands/Content/Materials/HairMeshesDefaultMaterial.uexp" 714
"../../../Engine/Plugins/Runtime/HairStrands/Content/Materials/HairDefaultMaterial.uasset" 715
"../../../Engine/Plugins/Runtime/HairStrands/Content/Materials/HairDefaultMaterial.uexp" 716
"../../../Engine/Content/Functions/Engine_MaterialFunctions02/Utility/MakeFloat2.uasset" 717
"../../../Engine/Content/Functions/Engine_MaterialFunctions02/Utility/MakeFloat2.uexp" 718
"../../../Engine/Content/EngineMaterials/HairDebugColor.uasset" 719
"../../../Engine/Content/EngineMaterials/HairDebugColor.uexp" 720
"../../../Engine/Content/EngineMaterials/HairColorMap.uasset" 721
"../../../Engine/Content/EngineMaterials/HairColorMap.uexp" 722
"../../../Engine/Plugins/Runtime/HairStrands/Content/Materials/HairGroupColors.uasset" 723
"../../../Engine/Plugins/Runtime/HairStrands/Content/Materials/HairGroupColors.uexp" 724
"../../../Engine/Plugins/Runtime/HairStrands/Content/Materials/HairDebugMaterial.uasset" 725
"../../../Engine/Plugins/Runtime/HairStrands/Content/Materials/HairDebugMaterial.uexp" 726
"../../../Engine/Plugins/Runtime/HairStrands/Content/Materials/HairCardsDefaultMaterial.uasset" 727
"../../../Engine/Plugins/Runtime/HairStrands/Content/Materials/HairCardsDefaultMaterial.uexp" 728
"../../../Engine/Plugins/Runtime/AudioWidgets/Content/Resources/ScrubHandleDown_Clamped.uasset" 729
"../../../Engine/Plugins/Runtime/AudioWidgets/Content/Resources/ScrubHandleDown_Clamped.uexp" 730
"../../../Engine/Plugins/Runtime/AR/ARUtilities/Content/Materials/DummyExternalTexture.uasset" 731
"../../../Engine/Plugins/Runtime/AR/ARUtilities/Content/Materials/DummyExternalTexture.uexp" 732
"../../../Engine/Plugins/Runtime/AR/ARUtilities/Content/Materials/M_PassthroughCamera.uasset" 733
"../../../Engine/Plugins/Runtime/AR/ARUtilities/Content/Materials/M_PassthroughCamera.uexp" 734
"../../../Engine/Plugins/Runtime/AR/ARUtilities/Content/Materials/MF_DistanceColorLerp.uasset" 735
"../../../Engine/Plugins/Runtime/AR/ARUtilities/Content/Materials/MF_DistanceColorLerp.uexp" 736
"../../../Engine/Plugins/Runtime/AR/ARUtilities/Content/Materials/M_DepthColoration.uasset" 737
"../../../Engine/Plugins/Runtime/AR/ARUtilities/Content/Materials/M_DepthColoration.uexp" 738
"../../../Engine/Plugins/MetaHuman/MetaHumanCharacter/Content/BuildPipeline/DefaultWardobePipeline/DefaultGroomPipeline.uasset" 739
"../../../Engine/Plugins/MetaHuman/MetaHumanCharacter/Content/BuildPipeline/DefaultWardobePipeline/DefaultGroomPipeline.uexp" 740
"../../../Engine/Plugins/MetaHuman/MetaHumanCharacter/Content/BuildPipeline/DefaultWardobePipeline/DefaultSkeletalMeshPipeline.uasset" 741
"../../../Engine/Plugins/MetaHuman/MetaHumanCharacter/Content/BuildPipeline/DefaultWardobePipeline/DefaultSkeletalMeshPipeline.uexp" 742
"../../../Engine/Plugins/MetaHuman/MetaHumanCharacter/Content/BuildPipeline/DefaultWardobePipeline/DefaultOutfitPipeline.uasset" 743
"../../../Engine/Plugins/MetaHuman/MetaHumanCharacter/Content/BuildPipeline/DefaultWardobePipeline/DefaultOutfitPipeline.uexp" 744
"../../../Engine/Plugins/MetaHuman/MetaHumanCharacter/Content/BuildPipeline/BP_DefaultUEFNPipeline_High.uasset" 745
"../../../Engine/Plugins/MetaHuman/MetaHumanCharacter/Content/BuildPipeline/BP_DefaultUEFNPipeline_High.uexp" 746
"../../../Engine/Plugins/MetaHuman/MetaHumanCharacter/Content/BuildPipeline/BP_DefaultUEFNPipeline_Medium.uasset" 747
"../../../Engine/Plugins/MetaHuman/MetaHumanCharacter/Content/BuildPipeline/BP_DefaultUEFNPipeline_Medium.uexp" 748
"../../../Engine/Plugins/MetaHuman/MetaHumanCharacter/Content/BuildPipeline/BP_DefaultUEFNPipeline_Low.uasset" 749
"../../../Engine/Plugins/MetaHuman/MetaHumanCharacter/Content/BuildPipeline/BP_DefaultUEFNPipeline_Low.uexp" 750
"../../../Engine/Plugins/Animation/DeformerGraph/Content/DeformerFunctions/DG_Function_LinearBlendSkin_Morph_Cloth_PositionOnly.uasset" 751
"../../../Engine/Plugins/Animation/DeformerGraph/Content/DeformerFunctions/DG_Function_LinearBlendSkin_Morph_Cloth_PositionOnly.uexp" 752
"../../../Engine/Plugins/Animation/DeformerGraph/Content/DeformerFunctions/DG_Function_ComputeNormalsTangents.uasset" 753
"../../../Engine/Plugins/Animation/DeformerGraph/Content/DeformerFunctions/DG_Function_ComputeNormalsTangents.uexp" 754
"../../../Engine/Plugins/Animation/DeformerGraph/Content/Deformers/DG_LinearBlendSkin_Morph_Cloth_RecomputeNormals.uasset" 755
"../../../Engine/Plugins/Animation/DeformerGraph/Content/Deformers/DG_LinearBlendSkin_Morph_Cloth_RecomputeNormals.uexp" 756
"../../../Engine/Plugins/MetaHuman/MetaHumanCharacter/Content/BuildPipeline/BP_MetaHuman.uasset" 757
"../../../Engine/Plugins/MetaHuman/MetaHumanCharacter/Content/BuildPipeline/BP_MetaHuman.uexp" 758
"../../../Engine/Plugins/MetaHuman/MetaHumanCharacter/Content/BuildPipeline/BP_DefaultPipeline.uasset" 759
"../../../Engine/Plugins/MetaHuman/MetaHumanCharacter/Content/BuildPipeline/BP_DefaultPipeline.uexp" 760
"../../../Engine/Plugins/MetaHuman/MetaHumanCharacter/Content/BuildPipeline/BP_DefaultLegacyPipeline.uasset" 761
"../../../Engine/Plugins/MetaHuman/MetaHumanCharacter/Content/BuildPipeline/BP_DefaultLegacyPipeline.uexp" 762
"../../../Engine/Plugins/MetaHuman/MetaHumanCharacter/Content/BuildPipeline/BP_DefaultLegacyPipeline_High.uasset" 763
"../../../Engine/Plugins/MetaHuman/MetaHumanCharacter/Content/BuildPipeline/BP_DefaultLegacyPipeline_High.uexp" 764
"../../../Engine/Plugins/MetaHuman/MetaHumanCharacter/Content/BuildPipeline/BP_DefaultLegacyPipeline_Medium.uasset" 765
"../../../Engine/Plugins/MetaHuman/MetaHumanCharacter/Content/BuildPipeline/BP_DefaultLegacyPipeline_Medium.uexp" 766
"../../../Engine/Plugins/MetaHuman/MetaHumanCharacter/Content/BuildPipeline/BP_DefaultLegacyPipeline_Low.uasset" 767
"../../../Engine/Plugins/MetaHuman/MetaHumanCharacter/Content/BuildPipeline/BP_DefaultLegacyPipeline_Low.uexp" 768
"../../../Engine/Plugins/Interchange/Assets/Content/Functions/MX_UsdPreviewSurface.uasset" 769
"../../../Engine/Plugins/Interchange/Assets/Content/Functions/MX_UsdPreviewSurface.uexp" 770
"../../../Engine/Plugins/Interchange/Assets/Content/Functions/MX_UniformEDF.uasset" 771
"../../../Engine/Plugins/Interchange/Assets/Content/Functions/MX_UniformEDF.uexp" 772
"../../../Engine/Plugins/Interchange/Assets/Content/Functions/MX_TranslucentBSDF.uasset" 773
"../../../Engine/Plugins/Interchange/Assets/Content/Functions/MX_TranslucentBSDF.uexp" 774
"../../../Engine/Plugins/Interchange/Assets/Content/Functions/MX_ThinFilmBSDF.uasset" 775
"../../../Engine/Plugins/Interchange/Assets/Content/Functions/MX_ThinFilmBSDF.uexp" 776
"../../../Engine/Plugins/Interchange/Assets/Content/Functions/MX_SurfaceUnlit.uasset" 777
"../../../Engine/Plugins/Interchange/Assets/Content/Functions/MX_SurfaceUnlit.uexp" 778
"../../../Engine/Plugins/Interchange/Assets/Content/Functions/MX_Surface.uasset" 779
"../../../Engine/Plugins/Interchange/Assets/Content/Functions/MX_Surface.uexp" 780
"../../../Engine/Plugins/Interchange/Assets/Content/Functions/MX_SubsurfaceBSDF.uasset" 781
"../../../Engine/Plugins/Interchange/Assets/Content/Functions/MX_SubsurfaceBSDF.uexp" 782
"../../../Engine/Plugins/Interchange/Assets/Content/Functions/MX_SheenBSDF.uasset" 783
"../../../Engine/Plugins/Interchange/Assets/Content/Functions/MX_SheenBSDF.uexp" 784
"../../../Engine/Plugins/Interchange/Assets/Content/Functions/MX_OrenNayarBSDF.uasset" 785
"../../../Engine/Plugins/Interchange/Assets/Content/Functions/MX_OrenNayarBSDF.uexp" 786
"../../../Engine/Plugins/Interchange/Assets/Content/Functions/MX_StandardSurface.uasset" 787
"../../../Engine/Plugins/Interchange/Assets/Content/Functions/MX_StandardSurface.uexp" 788
"../../../Engine/Plugins/Interchange/Assets/Content/Functions/MX_TransmissionSurface.uasset" 789
"../../../Engine/Plugins/Interchange/Assets/Content/Functions/MX_TransmissionSurface.uexp" 790
"../../../Engine/Plugins/Interchange/Assets/Content/Functions/MX_OpenPBR_Translucent.uasset" 791
"../../../Engine/Plugins/Interchange/Assets/Content/Functions/MX_OpenPBR_Translucent.uexp" 792
"../../../Engine/Plugins/Interchange/Assets/Content/Functions/MX_OpenPBR_Opaque.uasset" 793
"../../../Engine/Plugins/Interchange/Assets/Content/Functions/MX_OpenPBR_Opaque.uexp" 794
"../../../Engine/Plugins/Interchange/Assets/Content/Functions/MX_MeasuredEDF.uasset" 795
"../../../Engine/Plugins/Interchange/Assets/Content/Functions/MX_MeasuredEDF.uexp" 796
"../../../Engine/Plugins/Interchange/Assets/Content/Functions/MX_GeneralizedSchlickBSDF.uasset" 797
"../../../Engine/Plugins/Interchange/Assets/Content/Functions/MX_GeneralizedSchlickBSDF.uexp" 798
"../../../Engine/Plugins/Interchange/Assets/Content/Functions/MX_Displacement.uasset" 799
"../../../Engine/Plugins/Interchange/Assets/Content/Functions/MX_Displacement.uexp" 800
"../../../Engine/Plugins/Interchange/Assets/Content/Functions/MX_DielectricBSDF.uasset" 801
"../../../Engine/Plugins/Interchange/Assets/Content/Functions/MX_DielectricBSDF.uexp" 802
"../../../Engine/Plugins/Interchange/Assets/Content/Functions/MX_ConicalEDF.uasset" 803
"../../../Engine/Plugins/Interchange/Assets/Content/Functions/MX_ConicalEDF.uexp" 804
"../../../Engine/Plugins/Interchange/Assets/Content/Functions/MX_ConductorBSDF.uasset" 805
"../../../Engine/Plugins/Interchange/Assets/Content/Functions/MX_ConductorBSDF.uexp" 806
"../../../Engine/Plugins/Interchange/Assets/Content/Functions/MX_BurleyDiffuseBSDF.uasset" 807
"../../../Engine/Plugins/Interchange/Assets/Content/Functions/MX_BurleyDiffuseBSDF.uexp" 808
"../../../Engine/Plugins/Interchange/Assets/Content/Functions/MX_AnisotropicVDF.uasset" 809
"../../../Engine/Plugins/Interchange/Assets/Content/Functions/MX_AnisotropicVDF.uexp" 810
"../../../Engine/Plugins/Interchange/Assets/Content/Functions/MX_AbsorptionVDF.uasset" 811
"../../../Engine/Plugins/Interchange/Assets/Content/Functions/MX_AbsorptionVDF.uexp" 812
"../../../Engine/Content/Functions/Engine_MaterialFunctions02/Utility/VectorLength.uasset" 813
"../../../Engine/Content/Functions/Engine_MaterialFunctions02/Utility/VectorLength.uexp" 814
"../../../Engine/Content/Functions/Engine_MaterialFunctions02/WorldPositionOffset/ObjectScale.uasset" 815
"../../../Engine/Content/Functions/Engine_MaterialFunctions02/WorldPositionOffset/ObjectScale.uexp" 816
"../../../Engine/Content/Functions/Engine_MaterialFunctions02/SafeNormalize.uasset" 817
"../../../Engine/Content/Functions/Engine_MaterialFunctions02/SafeNormalize.uexp" 818
"../../../Engine/Plugins/Editor/SpeedTreeImporter/Content/SpeedTree9/UnpackInteger3.uasset" 819
"../../../Engine/Plugins/Editor/SpeedTreeImporter/Content/SpeedTree9/UnpackInteger3.uexp" 820
"../../../Engine/Plugins/Editor/SpeedTreeImporter/Content/SpeedTree9/UnpackDirection.uasset" 821
"../../../Engine/Plugins/Editor/SpeedTreeImporter/Content/SpeedTree9/UnpackDirection.uexp" 822
"../../../Engine/Plugins/Editor/SpeedTreeImporter/Content/SpeedTree9/game_wind_noise.ubulk" 823
"../../../Engine/Plugins/Editor/SpeedTreeImporter/Content/SpeedTree9/game_wind_noise.uasset" 824
"../../../Engine/Plugins/Editor/SpeedTreeImporter/Content/SpeedTree9/game_wind_noise.uexp" 825
"../../../Engine/Plugins/Editor/SpeedTreeImporter/Content/SpeedTree9/SpeedTreeWindMotion.uasset" 826
"../../../Engine/Plugins/Editor/SpeedTreeImporter/Content/SpeedTree9/SpeedTreeWindMotion.uexp" 827
"../../../Engine/Plugins/Editor/SpeedTreeImporter/Content/SpeedTree9/SpeedTreeBranchMotion.uasset" 828
"../../../Engine/Plugins/Editor/SpeedTreeImporter/Content/SpeedTree9/SpeedTreeBranchMotion.uexp" 829
"../../../Engine/Content/Functions/Engine_MaterialFunctions02/ObjectLocalBounds.uasset" 830
"../../../Engine/Content/Functions/Engine_MaterialFunctions02/ObjectLocalBounds.uexp" 831
"../../../Engine/Content/Functions/Engine_MaterialFunctions02/UVs/BoundingBoxBased_0-1_UVW.uasset" 832
"../../../Engine/Content/Functions/Engine_MaterialFunctions02/UVs/BoundingBoxBased_0-1_UVW.uexp" 833
"../../../Engine/Plugins/Editor/SpeedTreeImporter/Content/SpeedTree9/SpeedTreeWind.uasset" 834
"../../../Engine/Plugins/Editor/SpeedTreeImporter/Content/SpeedTree9/SpeedTreeWind.uexp" 835
"../../../Engine/Plugins/Editor/SpeedTreeImporter/Content/SpeedTree9/SpeedTreeCameraFacing.uasset" 836
"../../../Engine/Plugins/Editor/SpeedTreeImporter/Content/SpeedTree9/SpeedTreeCameraFacing.uexp" 837
"../../../Engine/Plugins/Editor/SpeedTreeImporter/Content/SpeedTree9/EmptyNormal.uasset" 838
"../../../Engine/Plugins/Editor/SpeedTreeImporter/Content/SpeedTree9/EmptyNormal.uexp" 839
"../../../Engine/Plugins/Editor/SpeedTreeImporter/Content/SpeedTree9/Empty.uasset" 840
"../../../Engine/Plugins/Editor/SpeedTreeImporter/Content/SpeedTree9/Empty.uexp" 841
"../../../Engine/Plugins/Editor/SpeedTreeImporter/Content/SpeedTree9/SpeedTreeMaster.uasset" 842
"../../../Engine/Plugins/Editor/SpeedTreeImporter/Content/SpeedTree9/SpeedTreeMaster.uexp" 843
"../../../Engine/Plugins/Editor/SpeedTreeImporter/Content/SpeedTree9/SpeedTreeBillboard.uasset" 844
"../../../Engine/Plugins/Editor/SpeedTreeImporter/Content/SpeedTree9/SpeedTreeBillboard.uexp" 845
"../../../Engine/Plugins/Editor/SpeedTreeImporter/Content/SpeedTree9/SpeedTreeBillboardMaster.uasset" 846
"../../../Engine/Plugins/Editor/SpeedTreeImporter/Content/SpeedTree9/SpeedTreeBillboardMaster.uexp" 847
"../../../Engine/Plugins/Animation/ControlRig/Content/Controls/ControlRigXRayMaterial.uasset" 848
"../../../Engine/Plugins/Animation/ControlRig/Content/Controls/ControlRigXRayMaterial.uexp" 849
"../../../Engine/Plugins/Animation/ControlRig/Content/Controls/ControlRigGizmoMaterial.uasset" 850
"../../../Engine/Plugins/Animation/ControlRig/Content/Controls/ControlRigGizmoMaterial.uexp" 851
"../../../Engine/Content/EditorMaterials/Dataflow/DataflowVertexMaterial.uasset" 852
"../../../Engine/Content/EditorMaterials/Dataflow/DataflowVertexMaterial.uexp" 853
"../../../Engine/Content/EditorMaterials/Dataflow/DataflowTwoSidedVertexMaterial.uasset" 854
"../../../Engine/Content/EditorMaterials/Dataflow/DataflowTwoSidedVertexMaterial.uexp" 855
"../../../Engine/Content/EngineResources/FilmGrains/Marcie_Grain_v3_128_M2_000.uasset" 856
"../../../Engine/Content/EngineResources/FilmGrains/Marcie_Grain_v3_128_M2_000.uexp" 857
"../../../Engine/Content/EngineResources/Development/ZenLogo_64.uasset" 858
"../../../Engine/Content/EngineResources/Development/ZenLogo_64.uexp" 859
"../../../Engine/Content/EngineMaterials/LTC/Sheen_LTC.uasset" 860
"../../../Engine/Content/EngineMaterials/LTC/Sheen_LTC.uexp" 861
"../../../Engine/Content/EngineMaterials/LTC/GGX_LTCMat.uasset" 862
"../../../Engine/Content/EngineMaterials/LTC/GGX_LTCMat.uexp" 863
"../../../Engine/Content/EngineMaterials/LTC/GGX_LTCAmp.uasset" 864
"../../../Engine/Content/EngineMaterials/LTC/GGX_LTCAmp.uexp" 865
"../../../Engine/Content/EngineMaterials/EnergyConservation/Sheen_Energy.uasset" 866
"../../../Engine/Content/EngineMaterials/EnergyConservation/Sheen_Energy.uexp" 867
"../../../Engine/Content/EngineMaterials/EnergyConservation/SheenLegacy_Energy.uasset" 868
"../../../Engine/Content/EngineMaterials/EnergyConservation/SheenLegacy_Energy.uexp" 869
"../../../Engine/Content/EngineMaterials/EnergyConservation/GGX_TransmissionEnergyArray.uasset" 870
"../../../Engine/Content/EngineMaterials/EnergyConservation/GGX_TransmissionEnergyArray.uexp" 871
"../../../Engine/Content/EngineMaterials/EnergyConservation/GGX_ReflectionEnergy.uasset" 872
"../../../Engine/Content/EngineMaterials/EnergyConservation/GGX_ReflectionEnergy.uexp" 873
"../../../Engine/Content/EngineMaterials/EnergyConservation/Diffuse_Energy.uasset" 874
"../../../Engine/Content/EngineMaterials/EnergyConservation/Diffuse_Energy.uexp" 875
"../../../Engine/Content/EditorResources/SequenceRecorder/RecordingIndicator.uasset" 876
"../../../Engine/Content/EditorResources/SequenceRecorder/RecordingIndicator.uexp" 877
"../../../Engine/Content/EditorResources/SequenceRecorder/Countdown.uasset" 878
"../../../Engine/Content/EditorResources/SequenceRecorder/Countdown.uexp" 879
"../../../Engine/Content/EditorMaterials/ParticleSystems/PSysThumbnail_OOD.ubulk" 880
"../../../Engine/Content/EditorMaterials/ParticleSystems/PSysThumbnail_OOD.uasset" 881
"../../../Engine/Content/EditorMaterials/ParticleSystems/PSysThumbnail_OOD.uexp" 882
"../../../Engine/Content/EditorMaterials/ParticleSystems/PSysThumbnail_NoImage.ubulk" 883
"../../../Engine/Content/EditorMaterials/ParticleSystems/PSysThumbnail_NoImage.uasset" 884
"../../../Engine/Content/EditorMaterials/ParticleSystems/PSysThumbnail_NoImage.uexp" 885
"E:/unreal projects/MyProject/Content/UI/WB_Win.uasset" 886
"E:/unreal projects/MyProject/Content/UI/WB_Win.uexp" 887
"E:/unreal projects/MyProject/Content/UI/WB_HealthBar.uasset" 888
"E:/unreal projects/MyProject/Content/UI/WB_HealthBar.uexp" 889
"E:/unreal projects/MyProject/Content/Audio/SA_Character.uasset" 890
"E:/unreal projects/MyProject/Content/Audio/SA_Character.uexp" 891
"E:/unreal projects/MyProject/Content/Audio/Long_Scream-_Sound_Effect__qWaGVtBEt4g_.ubulk" 892
"E:/unreal projects/MyProject/Content/Audio/Long_Scream-_Sound_Effect__qWaGVtBEt4g_.uasset" 893
"E:/unreal projects/MyProject/Content/Audio/Long_Scream-_Sound_Effect__qWaGVtBEt4g_.uexp" 894
"E:/unreal projects/MyProject/Content/Audio/553418__eminyildirim__cinematic-boom-impact-hit-2021.ubulk" 895
"E:/unreal projects/MyProject/Content/Audio/553418__eminyildirim__cinematic-boom-impact-hit-2021.uasset" 896
"E:/unreal projects/MyProject/Content/Audio/553418__eminyildirim__cinematic-boom-impact-hit-2021.uexp" 897
"E:/unreal projects/MyProject/Content/AI/BB_AI.uasset" 898
"E:/unreal projects/MyProject/Content/AI/BB_AI.uexp" 899
"E:/unreal projects/MyProject/Content/AI/Tasks/BT_Task_ChasingPlayer.uasset" 900
"E:/unreal projects/MyProject/Content/AI/Tasks/BT_Task_ChasingPlayer.uexp" 901
"E:/unreal projects/MyProject/Content/AI/Tasks/BTTask_RoamAround.uasset" 902
"E:/unreal projects/MyProject/Content/AI/Tasks/BTTask_RoamAround.uexp" 903
"../../../Engine/Plugins/Interchange/Assets/Content/gltf/MaterialInstances/MI_Default_Opaque.uasset" 904
"../../../Engine/Plugins/Interchange/Assets/Content/gltf/MaterialInstances/MI_Default_Opaque.uexp" 905
"E:/unreal projects/MyProject/Content/Fab/Seraph/seraph/Textures/seraph_texture_17.ubulk" 906
"E:/unreal projects/MyProject/Content/Fab/Seraph/seraph/Textures/seraph_texture_17.uasset" 907
"E:/unreal projects/MyProject/Content/Fab/Seraph/seraph/Textures/seraph_texture_17.uexp" 908
"E:/unreal projects/MyProject/Content/Fab/Seraph/seraph/Materials/material.uasset" 909
"E:/unreal projects/MyProject/Content/Fab/Seraph/seraph/Materials/material.uexp" 910
"E:/unreal projects/MyProject/Content/Fab/Seraph/seraph/Materials/material_0.uasset" 911
"E:/unreal projects/MyProject/Content/Fab/Seraph/seraph/Materials/material_0.uexp" 912
"E:/unreal projects/MyProject/Content/Fab/Seraph/seraph/Textures/seraph_texture_9.ubulk" 913
"E:/unreal projects/MyProject/Content/Fab/Seraph/seraph/Textures/seraph_texture_9.uasset" 914
"E:/unreal projects/MyProject/Content/Fab/Seraph/seraph/Textures/seraph_texture_9.uexp" 915
"E:/unreal projects/MyProject/Content/Fab/Seraph/seraph/Textures/seraph_texture_10.ubulk" 916
"E:/unreal projects/MyProject/Content/Fab/Seraph/seraph/Textures/seraph_texture_10.uasset" 917
"E:/unreal projects/MyProject/Content/Fab/Seraph/seraph/Textures/seraph_texture_10.uexp" 918
"E:/unreal projects/MyProject/Content/Fab/Seraph/seraph/Textures/seraph_texture_11.ubulk" 919
"E:/unreal projects/MyProject/Content/Fab/Seraph/seraph/Textures/seraph_texture_11.uasset" 920
"E:/unreal projects/MyProject/Content/Fab/Seraph/seraph/Textures/seraph_texture_11.uexp" 921
"E:/unreal projects/MyProject/Content/Fab/Seraph/seraph/Materials/Straps.uasset" 922
"E:/unreal projects/MyProject/Content/Fab/Seraph/seraph/Materials/Straps.uexp" 923
"E:/unreal projects/MyProject/Content/Fab/Seraph/seraph/Textures/seraph_texture_12.ubulk" 924
"E:/unreal projects/MyProject/Content/Fab/Seraph/seraph/Textures/seraph_texture_12.uasset" 925
"E:/unreal projects/MyProject/Content/Fab/Seraph/seraph/Textures/seraph_texture_12.uexp" 926
"E:/unreal projects/MyProject/Content/Fab/Seraph/seraph/Textures/seraph_texture_13.ubulk" 927
"E:/unreal projects/MyProject/Content/Fab/Seraph/seraph/Textures/seraph_texture_13.uasset" 928
"E:/unreal projects/MyProject/Content/Fab/Seraph/seraph/Textures/seraph_texture_13.uexp" 929
"E:/unreal projects/MyProject/Content/Fab/Seraph/seraph/Textures/seraph_texture_14.ubulk" 930
"E:/unreal projects/MyProject/Content/Fab/Seraph/seraph/Textures/seraph_texture_14.uasset" 931
"E:/unreal projects/MyProject/Content/Fab/Seraph/seraph/Textures/seraph_texture_14.uexp" 932
"E:/unreal projects/MyProject/Content/Fab/Seraph/seraph/Materials/Angel.uasset" 933
"E:/unreal projects/MyProject/Content/Fab/Seraph/seraph/Materials/Angel.uexp" 934
"E:/unreal projects/MyProject/Content/Fab/Seraph/seraph/SkeletalMeshes/seraph_Skeleton.uasset" 935
"E:/unreal projects/MyProject/Content/Fab/Seraph/seraph/SkeletalMeshes/seraph_Skeleton.uexp" 936
"E:/unreal projects/MyProject/Content/Fab/Seraph/seraph/SkeletalMeshes/seraph_PhysicsAsset.uasset" 937
"E:/unreal projects/MyProject/Content/Fab/Seraph/seraph/SkeletalMeshes/seraph_PhysicsAsset.uexp" 938
"E:/unreal projects/MyProject/Content/Fab/Seraph/seraph/Textures/seraph_texture_15.ubulk" 939
"E:/unreal projects/MyProject/Content/Fab/Seraph/seraph/Textures/seraph_texture_15.uasset" 940
"E:/unreal projects/MyProject/Content/Fab/Seraph/seraph/Textures/seraph_texture_15.uexp" 941
"E:/unreal projects/MyProject/Content/Fab/Seraph/seraph/Textures/seraph_texture_16.ubulk" 942
"E:/unreal projects/MyProject/Content/Fab/Seraph/seraph/Textures/seraph_texture_16.uasset" 943
"E:/unreal projects/MyProject/Content/Fab/Seraph/seraph/Textures/seraph_texture_16.uexp" 944
"E:/unreal projects/MyProject/Content/Fab/Seraph/seraph/Materials/WingFace.uasset" 945
"E:/unreal projects/MyProject/Content/Fab/Seraph/seraph/Materials/WingFace.uexp" 946
"E:/unreal projects/MyProject/Content/Fab/Seraph/seraph/Textures/seraph_texture_8.ubulk" 947
"E:/unreal projects/MyProject/Content/Fab/Seraph/seraph/Textures/seraph_texture_8.uasset" 948
"E:/unreal projects/MyProject/Content/Fab/Seraph/seraph/Textures/seraph_texture_8.uexp" 949
"E:/unreal projects/MyProject/Content/Fab/Seraph/seraph/Materials/Material_003.uasset" 950
"E:/unreal projects/MyProject/Content/Fab/Seraph/seraph/Materials/Material_003.uexp" 951
"E:/unreal projects/MyProject/Content/Fab/Seraph/seraph/Textures/seraph_texture_0.ubulk" 952
"E:/unreal projects/MyProject/Content/Fab/Seraph/seraph/Textures/seraph_texture_0.uasset" 953
"E:/unreal projects/MyProject/Content/Fab/Seraph/seraph/Textures/seraph_texture_0.uexp" 954
"E:/unreal projects/MyProject/Content/Fab/Seraph/seraph/Textures/seraph_texture_1.ubulk" 955
"E:/unreal projects/MyProject/Content/Fab/Seraph/seraph/Textures/seraph_texture_1.uasset" 956
"E:/unreal projects/MyProject/Content/Fab/Seraph/seraph/Textures/seraph_texture_1.uexp" 957
"E:/unreal projects/MyProject/Content/Fab/Seraph/seraph/Materials/Face.uasset" 958
"E:/unreal projects/MyProject/Content/Fab/Seraph/seraph/Materials/Face.uexp" 959
"E:/unreal projects/MyProject/Content/Fab/Seraph/seraph/Textures/seraph_texture_5.ubulk" 960
"E:/unreal projects/MyProject/Content/Fab/Seraph/seraph/Textures/seraph_texture_5.uasset" 961
"E:/unreal projects/MyProject/Content/Fab/Seraph/seraph/Textures/seraph_texture_5.uexp" 962
"E:/unreal projects/MyProject/Content/Fab/Seraph/seraph/Textures/seraph_texture_6.ubulk" 963
"E:/unreal projects/MyProject/Content/Fab/Seraph/seraph/Textures/seraph_texture_6.uasset" 964
"E:/unreal projects/MyProject/Content/Fab/Seraph/seraph/Textures/seraph_texture_6.uexp" 965
"E:/unreal projects/MyProject/Content/Fab/Seraph/seraph/Textures/seraph_texture_7.ubulk" 966
"E:/unreal projects/MyProject/Content/Fab/Seraph/seraph/Textures/seraph_texture_7.uasset" 967
"E:/unreal projects/MyProject/Content/Fab/Seraph/seraph/Textures/seraph_texture_7.uexp" 968
"E:/unreal projects/MyProject/Content/Fab/Seraph/seraph/Materials/Dress.uasset" 969
"E:/unreal projects/MyProject/Content/Fab/Seraph/seraph/Materials/Dress.uexp" 970
"E:/unreal projects/MyProject/Content/Fab/Seraph/seraph/Textures/seraph_texture_2.ubulk" 971
"E:/unreal projects/MyProject/Content/Fab/Seraph/seraph/Textures/seraph_texture_2.uasset" 972
"E:/unreal projects/MyProject/Content/Fab/Seraph/seraph/Textures/seraph_texture_2.uexp" 973
"E:/unreal projects/MyProject/Content/Fab/Seraph/seraph/Textures/seraph_texture_3.ubulk" 974
"E:/unreal projects/MyProject/Content/Fab/Seraph/seraph/Textures/seraph_texture_3.uasset" 975
"E:/unreal projects/MyProject/Content/Fab/Seraph/seraph/Textures/seraph_texture_3.uexp" 976
"E:/unreal projects/MyProject/Content/Fab/Seraph/seraph/Textures/seraph_texture_4.ubulk" 977
"E:/unreal projects/MyProject/Content/Fab/Seraph/seraph/Textures/seraph_texture_4.uasset" 978
"E:/unreal projects/MyProject/Content/Fab/Seraph/seraph/Textures/seraph_texture_4.uexp" 979
"E:/unreal projects/MyProject/Content/Fab/Seraph/seraph/Materials/Chainmail.uasset" 980
"E:/unreal projects/MyProject/Content/Fab/Seraph/seraph/Materials/Chainmail.uexp" 981
"E:/unreal projects/MyProject/Content/Fab/Seraph/seraph/SkeletalMeshes/seraph.uasset" 982
"E:/unreal projects/MyProject/Content/Fab/Seraph/seraph/SkeletalMeshes/seraph.uexp" 983
"E:/unreal projects/MyProject/Content/AI/AI_Blendspace1d.uasset" 984
"E:/unreal projects/MyProject/Content/AI/AI_Blendspace1d.uexp" 985
"E:/unreal projects/MyProject/Content/AI/ABP_AI.uasset" 986
"E:/unreal projects/MyProject/Content/AI/ABP_AI.uexp" 987
"E:/unreal projects/MyProject/Content/AI/BP_AI.uasset" 988
"E:/unreal projects/MyProject/Content/AI/BP_AI.uexp" 989
"E:/unreal projects/MyProject/Content/AI/Tasks/BT_Task_Attackplayer.uasset" 990
"E:/unreal projects/MyProject/Content/AI/Tasks/BT_Task_Attackplayer.uexp" 991
"E:/unreal projects/MyProject/Content/AI/BT_AI.uasset" 992
"E:/unreal projects/MyProject/Content/AI/BT_AI.uexp" 993
"E:/unreal projects/MyProject/Content/AI/BP_AI_Controller.uasset" 994
"E:/unreal projects/MyProject/Content/AI/BP_AI_Controller.uexp" 995
"E:/unreal projects/MyProject/Content/Damage_System/Enemy/BP_AI1.uasset" 996
"E:/unreal projects/MyProject/Content/Damage_System/Enemy/BP_AI1.uexp" 997
"../../../Engine/Content/Functions/Engine_MaterialFunctions01/Shading/PowerToRoughness.uasset" 998
"../../../Engine/Content/Functions/Engine_MaterialFunctions01/Shading/PowerToRoughness.uexp" 999
"../../../Engine/Content/Functions/Engine_MaterialFunctions01/Shading/ConvertFromDiffSpec.uasset" 1000
"../../../Engine/Content/Functions/Engine_MaterialFunctions01/Shading/ConvertFromDiffSpec.uexp" 1001
"../../../Engine/Content/EngineMeshes/Sphere.ubulk" 1002
"../../../Engine/Content/EngineMeshes/Sphere.uasset" 1003
"../../../Engine/Content/EngineMeshes/Sphere.uexp" 1004
"../../../Engine/Content/EngineMaterials/WorldGridMaterial.uasset" 1005
"../../../Engine/Content/EngineMaterials/WorldGridMaterial.uexp" 1006
"../../../Engine/Plugins/Media/MediaPlate/Content/SM_MediaPlateScreen.ubulk" 1007
"../../../Engine/Plugins/Media/MediaPlate/Content/SM_MediaPlateScreen.uasset" 1008
"../../../Engine/Plugins/Media/MediaPlate/Content/SM_MediaPlateScreen.uexp" 1009
"../../../Engine/Content/EditorLandscapeResources/SplineEditorMeshMat.uasset" 1010
"../../../Engine/Content/EditorLandscapeResources/SplineEditorMeshMat.uexp" 1011
"../../../Engine/Content/EditorLandscapeResources/SplineEditorMesh.ubulk" 1012
"../../../Engine/Content/EditorLandscapeResources/SplineEditorMesh.uasset" 1013
"../../../Engine/Content/EditorLandscapeResources/SplineEditorMesh.uexp" 1014
"../../../Engine/Content/BasicShapes/Plane.ubulk" 1015
"../../../Engine/Content/BasicShapes/Plane.uasset" 1016
"../../../Engine/Content/BasicShapes/Plane.uexp" 1017
"../../../Engine/Content/BasicShapes/Cylinder.ubulk" 1018
"../../../Engine/Content/BasicShapes/Cylinder.uasset" 1019
"../../../Engine/Content/BasicShapes/Cylinder.uexp" 1020
"../../../Engine/Content/BasicShapes/Cube.ubulk" 1021
"../../../Engine/Content/BasicShapes/Cube.uasset" 1022
"../../../Engine/Content/BasicShapes/Cube.uexp" 1023
"../../../Engine/Content/BasicShapes/Cone.ubulk" 1024
"../../../Engine/Content/BasicShapes/Cone.uasset" 1025
"../../../Engine/Content/BasicShapes/Cone.uexp" 1026
"../../../Engine/Content/EngineMaterials/WeightMapPlaceholderTexture.uasset" 1027
"../../../Engine/Content/EngineMaterials/WeightMapPlaceholderTexture.uexp" 1028
"../../../Engine/Content/EngineMaterials/WeightMapArrayPlaceholderTexture.uasset" 1029
"../../../Engine/Content/EngineMaterials/WeightMapArrayPlaceholderTexture.uexp" 1030
"../../../Engine/Plugins/MetaHuman/MetaHumanCharacter/Content/Controls/M_RigControlActor_Black.uasset" 1031
"../../../Engine/Plugins/MetaHuman/MetaHumanCharacter/Content/Controls/M_RigControlActor_Black.uexp" 1032
"../../../Engine/Plugins/MetaHuman/MetaHumanCharacter/Content/Controls/SM_MetaHuman_Faceboard_FollowGrp.ubulk" 1033
"../../../Engine/Plugins/MetaHuman/MetaHumanCharacter/Content/Controls/SM_MetaHuman_Faceboard_FollowGrp.uasset" 1034
"../../../Engine/Plugins/MetaHuman/MetaHumanCharacter/Content/Controls/SM_MetaHuman_Faceboard_FollowGrp.uexp" 1035
"../../../Engine/Plugins/MetaHuman/MetaHumanCharacter/Content/Controls/SM_MetaHuman_Faceboard_Convergence.ubulk" 1036
"../../../Engine/Plugins/MetaHuman/MetaHumanCharacter/Content/Controls/SM_MetaHuman_Faceboard_Convergence.uasset" 1037
"../../../Engine/Plugins/MetaHuman/MetaHumanCharacter/Content/Controls/SM_MetaHuman_Faceboard_Convergence.uexp" 1038
"../../../Engine/Plugins/MetaHuman/MetaHumanCharacter/Content/Controls/SM_MetaHuman_Faceboard_2x.ubulk" 1039
"../../../Engine/Plugins/MetaHuman/MetaHumanCharacter/Content/Controls/SM_MetaHuman_Faceboard_2x.uasset" 1040
"../../../Engine/Plugins/MetaHuman/MetaHumanCharacter/Content/Controls/SM_MetaHuman_Faceboard_2x.uexp" 1041
"../../../Engine/Plugins/MetaHuman/MetaHumanCharacter/Content/Female/Medium/NormalWeight/Body/metahuman_base_skel.uasset" 1042
"../../../Engine/Plugins/MetaHuman/MetaHumanCharacter/Content/Female/Medium/NormalWeight/Body/metahuman_base_skel.uexp" 1043
"../../../Engine/Plugins/MetaHuman/MetaHumanCharacter/Content/Face/Face_Archetype_Skeleton.uasset" 1044
"../../../Engine/Plugins/MetaHuman/MetaHumanCharacter/Content/Face/Face_Archetype_Skeleton.uexp" 1045
"../../../Engine/Plugins/MetaHuman/MetaHumanCharacter/Content/Face/ARKit/AS_MetaHuman_ARKit_Mapping.uasset" 1046
"../../../Engine/Plugins/MetaHuman/MetaHumanCharacter/Content/Face/ARKit/AS_MetaHuman_ARKit_Mapping.uexp" 1047
"../../../Engine/Plugins/MetaHuman/MetaHumanCharacter/Content/Face/ARKit/PA_MetaHuman_ARKit_Mapping.uasset" 1048
"../../../Engine/Plugins/MetaHuman/MetaHumanCharacter/Content/Face/ARKit/PA_MetaHuman_ARKit_Mapping.uexp" 1049
"../../../Engine/Plugins/MetaHuman/MetaHumanCharacter/Content/Animation/ABP_MH_LiveLink.uasset" 1050
"../../../Engine/Plugins/MetaHuman/MetaHumanCharacter/Content/Animation/ABP_MH_LiveLink.uexp" 1051
"../../../Engine/Plugins/Animation/ControlRig/Content/Controls/ControlRig_Wedge_solid.ubulk" 1052
"../../../Engine/Plugins/Animation/ControlRig/Content/Controls/ControlRig_Wedge_solid.uasset" 1053
"../../../Engine/Plugins/Animation/ControlRig/Content/Controls/ControlRig_Wedge_solid.uexp" 1054
"../../../Engine/Plugins/Animation/ControlRig/Content/Controls/ControlRig_Wedge_3mm.ubulk" 1055
"../../../Engine/Plugins/Animation/ControlRig/Content/Controls/ControlRig_Wedge_3mm.uasset" 1056
"../../../Engine/Plugins/Animation/ControlRig/Content/Controls/ControlRig_Wedge_3mm.uexp" 1057
"../../../Engine/Plugins/Animation/ControlRig/Content/Controls/ControlRig_Wedge_1mm.ubulk" 1058
"../../../Engine/Plugins/Animation/ControlRig/Content/Controls/ControlRig_Wedge_1mm.uasset" 1059
"../../../Engine/Plugins/Animation/ControlRig/Content/Controls/ControlRig_Wedge_1mm.uexp" 1060
"../../../Engine/Plugins/Animation/ControlRig/Content/Controls/ControlRig_Triangle_solid.ubulk" 1061
"../../../Engine/Plugins/Animation/ControlRig/Content/Controls/ControlRig_Triangle_solid.uasset" 1062
"../../../Engine/Plugins/Animation/ControlRig/Content/Controls/ControlRig_Triangle_solid.uexp" 1063
"../../../Engine/Plugins/Animation/ControlRig/Content/Controls/ControlRig_Triangle_3mm.ubulk" 1064
"../../../Engine/Plugins/Animation/ControlRig/Content/Controls/ControlRig_Triangle_3mm.uasset" 1065
"../../../Engine/Plugins/Animation/ControlRig/Content/Controls/ControlRig_Triangle_3mm.uexp" 1066
"../../../Engine/Plugins/Animation/ControlRig/Content/Controls/ControlRig_Triangle_1mm.ubulk" 1067
"../../../Engine/Plugins/Animation/ControlRig/Content/Controls/ControlRig_Triangle_1mm.uasset" 1068
"../../../Engine/Plugins/Animation/ControlRig/Content/Controls/ControlRig_Triangle_1mm.uexp" 1069
"../../../Engine/Plugins/Animation/ControlRig/Content/Controls/ControlRig_Star4_solid.ubulk" 1070
"../../../Engine/Plugins/Animation/ControlRig/Content/Controls/ControlRig_Star4_solid.uasset" 1071
"../../../Engine/Plugins/Animation/ControlRig/Content/Controls/ControlRig_Star4_solid.uexp" 1072
"../../../Engine/Plugins/Animation/ControlRig/Content/Controls/ControlRig_Star4_3mm.ubulk" 1073
"../../../Engine/Plugins/Animation/ControlRig/Content/Controls/ControlRig_Star4_3mm.uasset" 1074
"../../../Engine/Plugins/Animation/ControlRig/Content/Controls/ControlRig_Star4_3mm.uexp" 1075
"../../../Engine/Plugins/Animation/ControlRig/Content/Controls/ControlRig_Star4_1mm.ubulk" 1076
"../../../Engine/Plugins/Animation/ControlRig/Content/Controls/ControlRig_Star4_1mm.uasset" 1077
"../../../Engine/Plugins/Animation/ControlRig/Content/Controls/ControlRig_Star4_1mm.uexp" 1078
"../../../Engine/Plugins/Animation/ControlRig/Content/Controls/ControlRig_Square_solid.ubulk" 1079
"../../../Engine/Plugins/Animation/ControlRig/Content/Controls/ControlRig_Square_solid.uasset" 1080
"../../../Engine/Plugins/Animation/ControlRig/Content/Controls/ControlRig_Square_solid.uexp" 1081
"../../../Engine/Plugins/Animation/ControlRig/Content/Controls/ControlRig_Square_Joystick.ubulk" 1082
"../../../Engine/Plugins/Animation/ControlRig/Content/Controls/ControlRig_Square_Joystick.uasset" 1083
"../../../Engine/Plugins/Animation/ControlRig/Content/Controls/ControlRig_Square_Joystick.uexp" 1084
"../../../Engine/Plugins/Animation/ControlRig/Content/Controls/ControlRig_Square_3mm.ubulk" 1085
"../../../Engine/Plugins/Animation/ControlRig/Content/Controls/ControlRig_Square_3mm.uasset" 1086
"../../../Engine/Plugins/Animation/ControlRig/Content/Controls/ControlRig_Square_3mm.uexp" 1087
"../../../Engine/Plugins/Animation/ControlRig/Content/Controls/ControlRig_Square_1mm.ubulk" 1088
"../../../Engine/Plugins/Animation/ControlRig/Content/Controls/ControlRig_Square_1mm.uasset" 1089
"../../../Engine/Plugins/Animation/ControlRig/Content/Controls/ControlRig_Square_1mm.uexp" 1090
"../../../Engine/Plugins/Animation/ControlRig/Content/Controls/ControlRig_Sphere_solid.ubulk" 1091
"../../../Engine/Plugins/Animation/ControlRig/Content/Controls/ControlRig_Sphere_solid.uasset" 1092
"../../../Engine/Plugins/Animation/ControlRig/Content/Controls/ControlRig_Sphere_solid.uexp" 1093
"../../../Engine/Plugins/Animation/ControlRig/Content/Controls/ControlRig_Sphere_3mm.ubulk" 1094
"../../../Engine/Plugins/Animation/ControlRig/Content/Controls/ControlRig_Sphere_3mm.uasset" 1095
"../../../Engine/Plugins/Animation/ControlRig/Content/Controls/ControlRig_Sphere_3mm.uexp" 1096
"../../../Engine/Plugins/Animation/ControlRig/Content/Controls/ControlRig_Sphere_1mm.ubulk" 1097
"../../../Engine/Plugins/Animation/ControlRig/Content/Controls/ControlRig_Sphere_1mm.uasset" 1098
"../../../Engine/Plugins/Animation/ControlRig/Content/Controls/ControlRig_Sphere_1mm.uexp" 1099
"../../../Engine/Plugins/Animation/ControlRig/Content/Controls/ControlRig_RoundedTriangle_solid.ubulk" 1100
"../../../Engine/Plugins/Animation/ControlRig/Content/Controls/ControlRig_RoundedTriangle_solid.uasset" 1101
"../../../Engine/Plugins/Animation/ControlRig/Content/Controls/ControlRig_RoundedTriangle_solid.uexp" 1102
"../../../Engine/Plugins/Animation/ControlRig/Content/Controls/ControlRig_RoundedTriangle_3mm.ubulk" 1103
"../../../Engine/Plugins/Animation/ControlRig/Content/Controls/ControlRig_RoundedTriangle_3mm.uasset" 1104
"../../../Engine/Plugins/Animation/ControlRig/Content/Controls/ControlRig_RoundedTriangle_3mm.uexp" 1105
"../../../Engine/Plugins/Animation/ControlRig/Content/Controls/ControlRig_RoundedTriangle_1mm.ubulk" 1106
"../../../Engine/Plugins/Animation/ControlRig/Content/Controls/ControlRig_RoundedTriangle_1mm.uasset" 1107
"../../../Engine/Plugins/Animation/ControlRig/Content/Controls/ControlRig_RoundedTriangle_1mm.uexp" 1108
"../../../Engine/Plugins/Animation/ControlRig/Content/Controls/ControlRig_RoundedSquare_solid.ubulk" 1109
"../../../Engine/Plugins/Animation/ControlRig/Content/Controls/ControlRig_RoundedSquare_solid.uasset" 1110
"../../../Engine/Plugins/Animation/ControlRig/Content/Controls/ControlRig_RoundedSquare_solid.uexp" 1111
"../../../Engine/Plugins/Animation/ControlRig/Content/Controls/ControlRig_RoundedSquare_3mm.ubulk" 1112
"../../../Engine/Plugins/Animation/ControlRig/Content/Controls/ControlRig_RoundedSquare_3mm.uasset" 1113
"../../../Engine/Plugins/Animation/ControlRig/Content/Controls/ControlRig_RoundedSquare_3mm.uexp" 1114
"../../../Engine/Plugins/Animation/ControlRig/Content/Controls/ControlRig_RoundedSquare_1mm.ubulk" 1115
"../../../Engine/Plugins/Animation/ControlRig/Content/Controls/ControlRig_RoundedSquare_1mm.uasset" 1116
"../../../Engine/Plugins/Animation/ControlRig/Content/Controls/ControlRig_RoundedSquare_1mm.uexp" 1117
"../../../Engine/Plugins/Animation/ControlRig/Content/Controls/ControlRig_QuarterCircle_solid.ubulk" 1118
"../../../Engine/Plugins/Animation/ControlRig/Content/Controls/ControlRig_QuarterCircle_solid.uasset" 1119
"../../../Engine/Plugins/Animation/ControlRig/Content/Controls/ControlRig_QuarterCircle_solid.uexp" 1120
"../../../Engine/Plugins/Animation/ControlRig/Content/Controls/ControlRig_QuarterCircle_3mm.ubulk" 1121
"../../../Engine/Plugins/Animation/ControlRig/Content/Controls/ControlRig_QuarterCircle_3mm.uasset" 1122
"../../../Engine/Plugins/Animation/ControlRig/Content/Controls/ControlRig_QuarterCircle_3mm.uexp" 1123
"../../../Engine/Plugins/Animation/ControlRig/Content/Controls/ControlRig_QuarterCircle_1mm.ubulk" 1124
"../../../Engine/Plugins/Animation/ControlRig/Content/Controls/ControlRig_QuarterCircle_1mm.uasset" 1125
"../../../Engine/Plugins/Animation/ControlRig/Content/Controls/ControlRig_QuarterCircle_1mm.uexp" 1126
"../../../Engine/Plugins/Animation/ControlRig/Content/Controls/ControlRig_Pyramid_solid.ubulk" 1127
"../../../Engine/Plugins/Animation/ControlRig/Content/Controls/ControlRig_Pyramid_solid.uasset" 1128
"../../../Engine/Plugins/Animation/ControlRig/Content/Controls/ControlRig_Pyramid_solid.uexp" 1129
"../../../Engine/Plugins/Animation/ControlRig/Content/Controls/ControlRig_Pyramid_3mm.ubulk" 1130
"../../../Engine/Plugins/Animation/ControlRig/Content/Controls/ControlRig_Pyramid_3mm.uasset" 1131
"../../../Engine/Plugins/Animation/ControlRig/Content/Controls/ControlRig_Pyramid_3mm.uexp" 1132
"../../../Engine/Plugins/Animation/ControlRig/Content/Controls/ControlRig_Pyramid_1mm.ubulk" 1133
"../../../Engine/Plugins/Animation/ControlRig/Content/Controls/ControlRig_Pyramid_1mm.uasset" 1134
"../../../Engine/Plugins/Animation/ControlRig/Content/Controls/ControlRig_Pyramid_1mm.uexp" 1135
"../../../Engine/Plugins/Animation/ControlRig/Content/Controls/ControlRig_Octagon_solid.ubulk" 1136
"../../../Engine/Plugins/Animation/ControlRig/Content/Controls/ControlRig_Octagon_solid.uasset" 1137
"../../../Engine/Plugins/Animation/ControlRig/Content/Controls/ControlRig_Octagon_solid.uexp" 1138
"../../../Engine/Plugins/Animation/ControlRig/Content/Controls/ControlRig_Octagon_3mm.ubulk" 1139
"../../../Engine/Plugins/Animation/ControlRig/Content/Controls/ControlRig_Octagon_3mm.uasset" 1140
"../../../Engine/Plugins/Animation/ControlRig/Content/Controls/ControlRig_Octagon_3mm.uexp" 1141
"../../../Engine/Plugins/Animation/ControlRig/Content/Controls/ControlRig_Octagon_1mm.ubulk" 1142
"../../../Engine/Plugins/Animation/ControlRig/Content/Controls/ControlRig_Octagon_1mm.uasset" 1143
"../../../Engine/Plugins/Animation/ControlRig/Content/Controls/ControlRig_Octagon_1mm.uexp" 1144
"../../../Engine/Plugins/Animation/ControlRig/Content/Controls/ControlRig_Line.ubulk" 1145
"../../../Engine/Plugins/Animation/ControlRig/Content/Controls/ControlRig_Line.uasset" 1146
"../../../Engine/Plugins/Animation/ControlRig/Content/Controls/ControlRig_Line.uexp" 1147
"../../../Engine/Plugins/Animation/ControlRig/Content/Controls/ControlRig_Hexagon_solid.ubulk" 1148
"../../../Engine/Plugins/Animation/ControlRig/Content/Controls/ControlRig_Hexagon_solid.uasset" 1149
"../../../Engine/Plugins/Animation/ControlRig/Content/Controls/ControlRig_Hexagon_solid.uexp" 1150
"../../../Engine/Plugins/Animation/ControlRig/Content/Controls/ControlRig_Hexagon_3mm.ubulk" 1151
"../../../Engine/Plugins/Animation/ControlRig/Content/Controls/ControlRig_Hexagon_3mm.uasset" 1152
"../../../Engine/Plugins/Animation/ControlRig/Content/Controls/ControlRig_Hexagon_3mm.uexp" 1153
"../../../Engine/Plugins/Animation/ControlRig/Content/Controls/ControlRig_Hexagon_1mm.ubulk" 1154
"../../../Engine/Plugins/Animation/ControlRig/Content/Controls/ControlRig_Hexagon_1mm.uasset" 1155
"../../../Engine/Plugins/Animation/ControlRig/Content/Controls/ControlRig_Hexagon_1mm.uexp" 1156
"../../../Engine/Plugins/Animation/ControlRig/Content/Controls/ControlRig_HalfCircle_solid.ubulk" 1157
"../../../Engine/Plugins/Animation/ControlRig/Content/Controls/ControlRig_HalfCircle_solid.uasset" 1158
"../../../Engine/Plugins/Animation/ControlRig/Content/Controls/ControlRig_HalfCircle_solid.uexp" 1159
"../../../Engine/Plugins/Animation/ControlRig/Content/Controls/ControlRig_HalfCircle_3mm.ubulk" 1160
"../../../Engine/Plugins/Animation/ControlRig/Content/Controls/ControlRig_HalfCircle_3mm.uasset" 1161
"../../../Engine/Plugins/Animation/ControlRig/Content/Controls/ControlRig_HalfCircle_3mm.uexp" 1162
"../../../Engine/Plugins/Animation/ControlRig/Content/Controls/ControlRig_HalfCircle_1mm.ubulk" 1163
"../../../Engine/Plugins/Animation/ControlRig/Content/Controls/ControlRig_HalfCircle_1mm.uasset" 1164
"../../../Engine/Plugins/Animation/ControlRig/Content/Controls/ControlRig_HalfCircle_1mm.uexp" 1165
"../../../Engine/Plugins/Animation/ControlRig/Content/Controls/ControlRig_Diamond_solid.ubulk" 1166
"../../../Engine/Plugins/Animation/ControlRig/Content/Controls/ControlRig_Diamond_solid.uasset" 1167
"../../../Engine/Plugins/Animation/ControlRig/Content/Controls/ControlRig_Diamond_solid.uexp" 1168
"../../../Engine/Plugins/Animation/ControlRig/Content/Controls/ControlRig_Diamond_3mm.ubulk" 1169
"../../../Engine/Plugins/Animation/ControlRig/Content/Controls/ControlRig_Diamond_3mm.uasset" 1170
"../../../Engine/Plugins/Animation/ControlRig/Content/Controls/ControlRig_Diamond_3mm.uexp" 1171
"../../../Engine/Plugins/Animation/ControlRig/Content/Controls/ControlRig_Diamond_1mm.ubulk" 1172
"../../../Engine/Plugins/Animation/ControlRig/Content/Controls/ControlRig_Diamond_1mm.uasset" 1173
"../../../Engine/Plugins/Animation/ControlRig/Content/Controls/ControlRig_Diamond_1mm.uexp" 1174
"../../../Engine/Plugins/Animation/ControlRig/Content/Controls/ControlRig_Circle_solid.ubulk" 1175
"../../../Engine/Plugins/Animation/ControlRig/Content/Controls/ControlRig_Circle_solid.uasset" 1176
"../../../Engine/Plugins/Animation/ControlRig/Content/Controls/ControlRig_Circle_solid.uexp" 1177
"../../../Engine/Plugins/Animation/ControlRig/Content/Controls/ControlRig_Circle_3mm.ubulk" 1178
"../../../Engine/Plugins/Animation/ControlRig/Content/Controls/ControlRig_Circle_3mm.uasset" 1179
"../../../Engine/Plugins/Animation/ControlRig/Content/Controls/ControlRig_Circle_3mm.uexp" 1180
"../../../Engine/Plugins/Animation/ControlRig/Content/Controls/ControlRig_Circle_1mm.ubulk" 1181
"../../../Engine/Plugins/Animation/ControlRig/Content/Controls/ControlRig_Circle_1mm.uasset" 1182
"../../../Engine/Plugins/Animation/ControlRig/Content/Controls/ControlRig_Circle_1mm.uexp" 1183
"../../../Engine/Plugins/Animation/ControlRig/Content/Controls/ControlRig_Box_solid.ubulk" 1184
"../../../Engine/Plugins/Animation/ControlRig/Content/Controls/ControlRig_Box_solid.uasset" 1185
"../../../Engine/Plugins/Animation/ControlRig/Content/Controls/ControlRig_Box_solid.uexp" 1186
"../../../Engine/Plugins/Animation/ControlRig/Content/Controls/ControlRig_Box_3mm.ubulk" 1187
"../../../Engine/Plugins/Animation/ControlRig/Content/Controls/ControlRig_Box_3mm.uasset" 1188
"../../../Engine/Plugins/Animation/ControlRig/Content/Controls/ControlRig_Box_3mm.uexp" 1189
"../../../Engine/Plugins/Animation/ControlRig/Content/Controls/ControlRig_Box_1mm.ubulk" 1190
"../../../Engine/Plugins/Animation/ControlRig/Content/Controls/ControlRig_Box_1mm.uasset" 1191
"../../../Engine/Plugins/Animation/ControlRig/Content/Controls/ControlRig_Box_1mm.uexp" 1192
"../../../Engine/Plugins/Animation/ControlRig/Content/Controls/ControlRig_Arrow_solid.ubulk" 1193
"../../../Engine/Plugins/Animation/ControlRig/Content/Controls/ControlRig_Arrow_solid.uasset" 1194
"../../../Engine/Plugins/Animation/ControlRig/Content/Controls/ControlRig_Arrow_solid.uexp" 1195
"../../../Engine/Plugins/Animation/ControlRig/Content/Controls/ControlRig_Arrow_3mm.ubulk" 1196
"../../../Engine/Plugins/Animation/ControlRig/Content/Controls/ControlRig_Arrow_3mm.uasset" 1197
"../../../Engine/Plugins/Animation/ControlRig/Content/Controls/ControlRig_Arrow_3mm.uexp" 1198
"../../../Engine/Plugins/Animation/ControlRig/Content/Controls/ControlRig_Arrow_1mm.ubulk" 1199
"../../../Engine/Plugins/Animation/ControlRig/Content/Controls/ControlRig_Arrow_1mm.uasset" 1200
"../../../Engine/Plugins/Animation/ControlRig/Content/Controls/ControlRig_Arrow_1mm.uexp" 1201
"../../../Engine/Plugins/Animation/ControlRig/Content/Controls/ControlRig_Arrow4_solid.ubulk" 1202
"../../../Engine/Plugins/Animation/ControlRig/Content/Controls/ControlRig_Arrow4_solid.uasset" 1203
"../../../Engine/Plugins/Animation/ControlRig/Content/Controls/ControlRig_Arrow4_solid.uexp" 1204
"../../../Engine/Plugins/Animation/ControlRig/Content/Controls/ControlRig_Arrow4_3mm.ubulk" 1205
"../../../Engine/Plugins/Animation/ControlRig/Content/Controls/ControlRig_Arrow4_3mm.uasset" 1206
"../../../Engine/Plugins/Animation/ControlRig/Content/Controls/ControlRig_Arrow4_3mm.uexp" 1207
"../../../Engine/Plugins/Animation/ControlRig/Content/Controls/ControlRig_Arrow4_1mm.ubulk" 1208
"../../../Engine/Plugins/Animation/ControlRig/Content/Controls/ControlRig_Arrow4_1mm.uasset" 1209
"../../../Engine/Plugins/Animation/ControlRig/Content/Controls/ControlRig_Arrow4_1mm.uexp" 1210
"../../../Engine/Plugins/Animation/ControlRig/Content/Controls/ControlRig_Arrow2_solid.ubulk" 1211
"../../../Engine/Plugins/Animation/ControlRig/Content/Controls/ControlRig_Arrow2_solid.uasset" 1212
"../../../Engine/Plugins/Animation/ControlRig/Content/Controls/ControlRig_Arrow2_solid.uexp" 1213
"../../../Engine/Plugins/Animation/ControlRig/Content/Controls/ControlRig_Arrow2_3mm.ubulk" 1214
"../../../Engine/Plugins/Animation/ControlRig/Content/Controls/ControlRig_Arrow2_3mm.uasset" 1215
"../../../Engine/Plugins/Animation/ControlRig/Content/Controls/ControlRig_Arrow2_3mm.uexp" 1216
"../../../Engine/Plugins/Animation/ControlRig/Content/Controls/ControlRig_Arrow2_1mm.ubulk" 1217
"../../../Engine/Plugins/Animation/ControlRig/Content/Controls/ControlRig_Arrow2_1mm.uasset" 1218
"../../../Engine/Plugins/Animation/ControlRig/Content/Controls/ControlRig_Arrow2_1mm.uexp" 1219
"../../../Engine/Content/EditorMaterials/Camera/CineMat.uasset" 1220
"../../../Engine/Content/EditorMaterials/Camera/CineMat.uexp" 1221
"../../../Engine/Content/EditorMaterials/Camera/MI_CineMat_Rig.uasset" 1222
"../../../Engine/Content/EditorMaterials/Camera/MI_CineMat_Rig.uexp" 1223
"../../../Engine/Content/EditorMeshes/Camera/SM_RailRig_Track.ubulk" 1224
"../../../Engine/Content/EditorMeshes/Camera/SM_RailRig_Track.uasset" 1225
"../../../Engine/Content/EditorMeshes/Camera/SM_RailRig_Track.uexp" 1226
"../../../Engine/Content/EditorMeshes/Camera/SM_RailRig_Mount.ubulk" 1227
"../../../Engine/Content/EditorMeshes/Camera/SM_RailRig_Mount.uasset" 1228
"../../../Engine/Content/EditorMeshes/Camera/SM_RailRig_Mount.uexp" 1229
"../../../Engine/Content/EditorMeshes/Camera/SM_CraneRig_Mount.ubulk" 1230
"../../../Engine/Content/EditorMeshes/Camera/SM_CraneRig_Mount.uasset" 1231
"../../../Engine/Content/EditorMeshes/Camera/SM_CraneRig_Mount.uexp" 1232
"../../../Engine/Content/EditorMeshes/Camera/SM_CraneRig_Body.ubulk" 1233
"../../../Engine/Content/EditorMeshes/Camera/SM_CraneRig_Body.uasset" 1234
"../../../Engine/Content/EditorMeshes/Camera/SM_CraneRig_Body.uexp" 1235
"../../../Engine/Content/EditorMeshes/Camera/SM_CraneRig_Base.ubulk" 1236
"../../../Engine/Content/EditorMeshes/Camera/SM_CraneRig_Base.uasset" 1237
"../../../Engine/Content/EditorMeshes/Camera/SM_CraneRig_Base.uexp" 1238
"../../../Engine/Content/EditorMeshes/Camera/SM_CraneRig_Arm.ubulk" 1239
"../../../Engine/Content/EditorMeshes/Camera/SM_CraneRig_Arm.uasset" 1240
"../../../Engine/Content/EditorMeshes/Camera/SM_CraneRig_Arm.uexp" 1241
"../../../Engine/Content/VREditor/TransformGizmo/Xray.uasset" 1242
"../../../Engine/Content/VREditor/TransformGizmo/Xray.uexp" 1243
"../../../Engine/Content/VREditor/TransformGizmo/Main.uasset" 1244
"../../../Engine/Content/VREditor/TransformGizmo/Main.uexp" 1245
"../../../Engine/Content/VREditor/TransformGizmo/SM_Sequencer_Node.ubulk" 1246
"../../../Engine/Content/VREditor/TransformGizmo/SM_Sequencer_Node.uasset" 1247
"../../../Engine/Content/VREditor/TransformGizmo/SM_Sequencer_Node.uexp" 1248
"../../../Engine/Content/VREditor/TransformGizmo/TranslucentTransformGizmoMaterial.uasset" 1249
"../../../Engine/Content/VREditor/TransformGizmo/TranslucentTransformGizmoMaterial.uexp" 1250
"../../../Engine/Content/VREditor/LaserPointer/VR_LaserPower_01.ubulk" 1251
"../../../Engine/Content/VREditor/LaserPointer/VR_LaserPower_01.uasset" 1252
"../../../Engine/Content/VREditor/LaserPointer/VR_LaserPower_01.uexp" 1253
"../../../Engine/Content/VREditor/TransformGizmo/TransformGizmoMaterial.uasset" 1254
"../../../Engine/Content/VREditor/TransformGizmo/TransformGizmoMaterial.uexp" 1255
"../../../Engine/Content/VREditor/TransformGizmo/BoundingBoxEdge.ubulk" 1256
"../../../Engine/Content/VREditor/TransformGizmo/BoundingBoxEdge.uasset" 1257
"../../../Engine/Content/VREditor/TransformGizmo/BoundingBoxEdge.uexp" 1258
"../../../Engine/Content/VREditor/TransformGizmo/BoundingBoxCorner.ubulk" 1259
"../../../Engine/Content/VREditor/TransformGizmo/BoundingBoxCorner.uasset" 1260
"../../../Engine/Content/VREditor/TransformGizmo/BoundingBoxCorner.uexp" 1261
"E:/unreal projects/MyProject/Content/Abandoned_Building/Textures/T_Object_11_N.ubulk" 1262
"E:/unreal projects/MyProject/Content/Abandoned_Building/Textures/T_Object_11_N.uasset" 1263
"E:/unreal projects/MyProject/Content/Abandoned_Building/Textures/T_Object_11_N.uexp" 1264
"E:/unreal projects/MyProject/Content/Abandoned_Building/Textures/T_Object_11_BC.ubulk" 1265
"E:/unreal projects/MyProject/Content/Abandoned_Building/Textures/T_Object_11_BC.uasset" 1266
"E:/unreal projects/MyProject/Content/Abandoned_Building/Textures/T_Object_11_BC.uexp" 1267
"E:/unreal projects/MyProject/Content/Abandoned_Building/Textures/T_Object_11_AO_R_MT.ubulk" 1268
"E:/unreal projects/MyProject/Content/Abandoned_Building/Textures/T_Object_11_AO_R_MT.uasset" 1269
"E:/unreal projects/MyProject/Content/Abandoned_Building/Textures/T_Object_11_AO_R_MT.uexp" 1270
"E:/unreal projects/MyProject/Content/Abandoned_Building/Material_Instances/MI_Object_11.uasset" 1271
"E:/unreal projects/MyProject/Content/Abandoned_Building/Material_Instances/MI_Object_11.uexp" 1272
"E:/unreal projects/MyProject/Content/Abandoned_Building/Meshes/SM_Object_11.ubulk" 1273
"E:/unreal projects/MyProject/Content/Abandoned_Building/Meshes/SM_Object_11.uasset" 1274
"E:/unreal projects/MyProject/Content/Abandoned_Building/Meshes/SM_Object_11.uexp" 1275
"E:/unreal projects/MyProject/Content/Abandoned_Building/Textures/T_Object_10_N.ubulk" 1276
"E:/unreal projects/MyProject/Content/Abandoned_Building/Textures/T_Object_10_N.uasset" 1277
"E:/unreal projects/MyProject/Content/Abandoned_Building/Textures/T_Object_10_N.uexp" 1278
"E:/unreal projects/MyProject/Content/Abandoned_Building/Textures/T_Object_10_BC.ubulk" 1279
"E:/unreal projects/MyProject/Content/Abandoned_Building/Textures/T_Object_10_BC.uasset" 1280
"E:/unreal projects/MyProject/Content/Abandoned_Building/Textures/T_Object_10_BC.uexp" 1281
"E:/unreal projects/MyProject/Content/Abandoned_Building/Textures/T_Object_10_AO_R_MT.ubulk" 1282
"E:/unreal projects/MyProject/Content/Abandoned_Building/Textures/T_Object_10_AO_R_MT.uasset" 1283
"E:/unreal projects/MyProject/Content/Abandoned_Building/Textures/T_Object_10_AO_R_MT.uexp" 1284
"E:/unreal projects/MyProject/Content/Abandoned_Building/Material_Instances/MI_Object_10.uasset" 1285
"E:/unreal projects/MyProject/Content/Abandoned_Building/Material_Instances/MI_Object_10.uexp" 1286
"E:/unreal projects/MyProject/Content/Abandoned_Building/Meshes/SM_Object_10.ubulk" 1287
"E:/unreal projects/MyProject/Content/Abandoned_Building/Meshes/SM_Object_10.uasset" 1288
"E:/unreal projects/MyProject/Content/Abandoned_Building/Meshes/SM_Object_10.uexp" 1289
"E:/unreal projects/MyProject/Content/Abandoned_Building/Textures/T_Object_09_N.ubulk" 1290
"E:/unreal projects/MyProject/Content/Abandoned_Building/Textures/T_Object_09_N.uasset" 1291
"E:/unreal projects/MyProject/Content/Abandoned_Building/Textures/T_Object_09_N.uexp" 1292
"E:/unreal projects/MyProject/Content/Abandoned_Building/Textures/T_Object_09_BC.ubulk" 1293
"E:/unreal projects/MyProject/Content/Abandoned_Building/Textures/T_Object_09_BC.uasset" 1294
"E:/unreal projects/MyProject/Content/Abandoned_Building/Textures/T_Object_09_BC.uexp" 1295
"E:/unreal projects/MyProject/Content/Abandoned_Building/Textures/T_Object_09_AO_R_MT.ubulk" 1296
"E:/unreal projects/MyProject/Content/Abandoned_Building/Textures/T_Object_09_AO_R_MT.uasset" 1297
"E:/unreal projects/MyProject/Content/Abandoned_Building/Textures/T_Object_09_AO_R_MT.uexp" 1298
"E:/unreal projects/MyProject/Content/Abandoned_Building/Material_Instances/MI_Object_09.uasset" 1299
"E:/unreal projects/MyProject/Content/Abandoned_Building/Material_Instances/MI_Object_09.uexp" 1300
"E:/unreal projects/MyProject/Content/Abandoned_Building/Meshes/SM_Object_09.ubulk" 1301
"E:/unreal projects/MyProject/Content/Abandoned_Building/Meshes/SM_Object_09.uasset" 1302
"E:/unreal projects/MyProject/Content/Abandoned_Building/Meshes/SM_Object_09.uexp" 1303
"E:/unreal projects/MyProject/Content/Abandoned_Building/Textures/T_Object_08_N.ubulk" 1304
"E:/unreal projects/MyProject/Content/Abandoned_Building/Textures/T_Object_08_N.uasset" 1305
"E:/unreal projects/MyProject/Content/Abandoned_Building/Textures/T_Object_08_N.uexp" 1306
"E:/unreal projects/MyProject/Content/Abandoned_Building/Textures/T_Object_08_BC.ubulk" 1307
"E:/unreal projects/MyProject/Content/Abandoned_Building/Textures/T_Object_08_BC.uasset" 1308
"E:/unreal projects/MyProject/Content/Abandoned_Building/Textures/T_Object_08_BC.uexp" 1309
"E:/unreal projects/MyProject/Content/Abandoned_Building/Textures/T_Object_08_AO_R_MT.ubulk" 1310
"E:/unreal projects/MyProject/Content/Abandoned_Building/Textures/T_Object_08_AO_R_MT.uasset" 1311
"E:/unreal projects/MyProject/Content/Abandoned_Building/Textures/T_Object_08_AO_R_MT.uexp" 1312
"E:/unreal projects/MyProject/Content/Abandoned_Building/Material_Instances/MI_Object_08.uasset" 1313
"E:/unreal projects/MyProject/Content/Abandoned_Building/Material_Instances/MI_Object_08.uexp" 1314
"E:/unreal projects/MyProject/Content/Abandoned_Building/Meshes/SM_Object_08.ubulk" 1315
"E:/unreal projects/MyProject/Content/Abandoned_Building/Meshes/SM_Object_08.uasset" 1316
"E:/unreal projects/MyProject/Content/Abandoned_Building/Meshes/SM_Object_08.uexp" 1317
"E:/unreal projects/MyProject/Content/Abandoned_Building/Textures/T_Object_07_N.ubulk" 1318
"E:/unreal projects/MyProject/Content/Abandoned_Building/Textures/T_Object_07_N.uasset" 1319
"E:/unreal projects/MyProject/Content/Abandoned_Building/Textures/T_Object_07_N.uexp" 1320
"E:/unreal projects/MyProject/Content/Abandoned_Building/Textures/T_Object_07_BC.ubulk" 1321
"E:/unreal projects/MyProject/Content/Abandoned_Building/Textures/T_Object_07_BC.uasset" 1322
"E:/unreal projects/MyProject/Content/Abandoned_Building/Textures/T_Object_07_BC.uexp" 1323
"E:/unreal projects/MyProject/Content/Abandoned_Building/Textures/T_Object_07_AO_R_MT.ubulk" 1324
"E:/unreal projects/MyProject/Content/Abandoned_Building/Textures/T_Object_07_AO_R_MT.uasset" 1325
"E:/unreal projects/MyProject/Content/Abandoned_Building/Textures/T_Object_07_AO_R_MT.uexp" 1326
"E:/unreal projects/MyProject/Content/Abandoned_Building/Material_Instances/MI_Object_07.uasset" 1327
"E:/unreal projects/MyProject/Content/Abandoned_Building/Material_Instances/MI_Object_07.uexp" 1328
"E:/unreal projects/MyProject/Content/Abandoned_Building/Meshes/SM_Object_07.ubulk" 1329
"E:/unreal projects/MyProject/Content/Abandoned_Building/Meshes/SM_Object_07.uasset" 1330
"E:/unreal projects/MyProject/Content/Abandoned_Building/Meshes/SM_Object_07.uexp" 1331
"E:/unreal projects/MyProject/Content/Abandoned_Building/Textures/T_Object_05_N.ubulk" 1332
"E:/unreal projects/MyProject/Content/Abandoned_Building/Textures/T_Object_05_N.uasset" 1333
"E:/unreal projects/MyProject/Content/Abandoned_Building/Textures/T_Object_05_N.uexp" 1334
"E:/unreal projects/MyProject/Content/Abandoned_Building/Textures/T_Object_05_BC.ubulk" 1335
"E:/unreal projects/MyProject/Content/Abandoned_Building/Textures/T_Object_05_BC.uasset" 1336
"E:/unreal projects/MyProject/Content/Abandoned_Building/Textures/T_Object_05_BC.uexp" 1337
"E:/unreal projects/MyProject/Content/Abandoned_Building/Textures/T_Object_05_AO_R_MT.ubulk" 1338
"E:/unreal projects/MyProject/Content/Abandoned_Building/Textures/T_Object_05_AO_R_MT.uasset" 1339
"E:/unreal projects/MyProject/Content/Abandoned_Building/Textures/T_Object_05_AO_R_MT.uexp" 1340
"E:/unreal projects/MyProject/Content/Abandoned_Building/Material_Instances/MI_Object_05.uasset" 1341
"E:/unreal projects/MyProject/Content/Abandoned_Building/Material_Instances/MI_Object_05.uexp" 1342
"E:/unreal projects/MyProject/Content/Abandoned_Building/Meshes/SM_Object_05.ubulk" 1343
"E:/unreal projects/MyProject/Content/Abandoned_Building/Meshes/SM_Object_05.uasset" 1344
"E:/unreal projects/MyProject/Content/Abandoned_Building/Meshes/SM_Object_05.uexp" 1345
"E:/unreal projects/MyProject/Content/Abandoned_Building/Textures/T_Object_04_N.ubulk" 1346
"E:/unreal projects/MyProject/Content/Abandoned_Building/Textures/T_Object_04_N.uasset" 1347
"E:/unreal projects/MyProject/Content/Abandoned_Building/Textures/T_Object_04_N.uexp" 1348
"E:/unreal projects/MyProject/Content/Abandoned_Building/Textures/T_Object_04_BC.ubulk" 1349
"E:/unreal projects/MyProject/Content/Abandoned_Building/Textures/T_Object_04_BC.uasset" 1350
"E:/unreal projects/MyProject/Content/Abandoned_Building/Textures/T_Object_04_BC.uexp" 1351
"E:/unreal projects/MyProject/Content/Abandoned_Building/Textures/T_Object_04_AO_R_MT.ubulk" 1352
"E:/unreal projects/MyProject/Content/Abandoned_Building/Textures/T_Object_04_AO_R_MT.uasset" 1353
"E:/unreal projects/MyProject/Content/Abandoned_Building/Textures/T_Object_04_AO_R_MT.uexp" 1354
"E:/unreal projects/MyProject/Content/Abandoned_Building/Material_Instances/MI_Object_04.uasset" 1355
"E:/unreal projects/MyProject/Content/Abandoned_Building/Material_Instances/MI_Object_04.uexp" 1356
"E:/unreal projects/MyProject/Content/Abandoned_Building/Meshes/SM_Object_04.ubulk" 1357
"E:/unreal projects/MyProject/Content/Abandoned_Building/Meshes/SM_Object_04.uasset" 1358
"E:/unreal projects/MyProject/Content/Abandoned_Building/Meshes/SM_Object_04.uexp" 1359
"E:/unreal projects/MyProject/Content/Abandoned_Building/Textures/T_Object_03_N.ubulk" 1360
"E:/unreal projects/MyProject/Content/Abandoned_Building/Textures/T_Object_03_N.uasset" 1361
"E:/unreal projects/MyProject/Content/Abandoned_Building/Textures/T_Object_03_N.uexp" 1362
"E:/unreal projects/MyProject/Content/Abandoned_Building/Textures/T_Object_03_BC.ubulk" 1363
"E:/unreal projects/MyProject/Content/Abandoned_Building/Textures/T_Object_03_BC.uasset" 1364
"E:/unreal projects/MyProject/Content/Abandoned_Building/Textures/T_Object_03_BC.uexp" 1365
"E:/unreal projects/MyProject/Content/Abandoned_Building/Textures/T_Object_03_AO_R_MT.ubulk" 1366
"E:/unreal projects/MyProject/Content/Abandoned_Building/Textures/T_Object_03_AO_R_MT.uasset" 1367
"E:/unreal projects/MyProject/Content/Abandoned_Building/Textures/T_Object_03_AO_R_MT.uexp" 1368
"E:/unreal projects/MyProject/Content/Abandoned_Building/Material_Instances/MI_Object_03.uasset" 1369
"E:/unreal projects/MyProject/Content/Abandoned_Building/Material_Instances/MI_Object_03.uexp" 1370
"E:/unreal projects/MyProject/Content/Abandoned_Building/Meshes/SM_Object_03.ubulk" 1371
"E:/unreal projects/MyProject/Content/Abandoned_Building/Meshes/SM_Object_03.uasset" 1372
"E:/unreal projects/MyProject/Content/Abandoned_Building/Meshes/SM_Object_03.uexp" 1373
"E:/unreal projects/MyProject/Content/Abandoned_Building/Textures/T_Object_02_N.ubulk" 1374
"E:/unreal projects/MyProject/Content/Abandoned_Building/Textures/T_Object_02_N.uasset" 1375
"E:/unreal projects/MyProject/Content/Abandoned_Building/Textures/T_Object_02_N.uexp" 1376
"E:/unreal projects/MyProject/Content/Abandoned_Building/Textures/T_Object_02_BC.ubulk" 1377
"E:/unreal projects/MyProject/Content/Abandoned_Building/Textures/T_Object_02_BC.uasset" 1378
"E:/unreal projects/MyProject/Content/Abandoned_Building/Textures/T_Object_02_BC.uexp" 1379
"E:/unreal projects/MyProject/Content/Abandoned_Building/Textures/T_Object_02_AO_R_MT.ubulk" 1380
"E:/unreal projects/MyProject/Content/Abandoned_Building/Textures/T_Object_02_AO_R_MT.uasset" 1381
"E:/unreal projects/MyProject/Content/Abandoned_Building/Textures/T_Object_02_AO_R_MT.uexp" 1382
"E:/unreal projects/MyProject/Content/Abandoned_Building/Material_Instances/MI_Object_02.uasset" 1383
"E:/unreal projects/MyProject/Content/Abandoned_Building/Material_Instances/MI_Object_02.uexp" 1384
"E:/unreal projects/MyProject/Content/Abandoned_Building/Meshes/SM_Object_02.ubulk" 1385
"E:/unreal projects/MyProject/Content/Abandoned_Building/Meshes/SM_Object_02.uasset" 1386
"E:/unreal projects/MyProject/Content/Abandoned_Building/Meshes/SM_Object_02.uexp" 1387
"E:/unreal projects/MyProject/Content/Abandoned_Building/Textures/T_Object_01_N.ubulk" 1388
"E:/unreal projects/MyProject/Content/Abandoned_Building/Textures/T_Object_01_N.uasset" 1389
"E:/unreal projects/MyProject/Content/Abandoned_Building/Textures/T_Object_01_N.uexp" 1390
"E:/unreal projects/MyProject/Content/Abandoned_Building/Textures/T_Object_01_BC.ubulk" 1391
"E:/unreal projects/MyProject/Content/Abandoned_Building/Textures/T_Object_01_BC.uasset" 1392
"E:/unreal projects/MyProject/Content/Abandoned_Building/Textures/T_Object_01_BC.uexp" 1393
"E:/unreal projects/MyProject/Content/Abandoned_Building/Textures/T_Object_01_AO_R_MT.ubulk" 1394
"E:/unreal projects/MyProject/Content/Abandoned_Building/Textures/T_Object_01_AO_R_MT.uasset" 1395
"E:/unreal projects/MyProject/Content/Abandoned_Building/Textures/T_Object_01_AO_R_MT.uexp" 1396
"E:/unreal projects/MyProject/Content/Abandoned_Building/Material_Instances/MI_Object_01.uasset" 1397
"E:/unreal projects/MyProject/Content/Abandoned_Building/Material_Instances/MI_Object_01.uexp" 1398
"E:/unreal projects/MyProject/Content/Abandoned_Building/Meshes/SM_Object_01.ubulk" 1399
"E:/unreal projects/MyProject/Content/Abandoned_Building/Meshes/SM_Object_01.uasset" 1400
"E:/unreal projects/MyProject/Content/Abandoned_Building/Meshes/SM_Object_01.uexp" 1401
"E:/unreal projects/MyProject/Content/Abandoned_Building/Material_Instances/MI_Object_00.uasset" 1402
"E:/unreal projects/MyProject/Content/Abandoned_Building/Material_Instances/MI_Object_00.uexp" 1403
"E:/unreal projects/MyProject/Content/Abandoned_Building/Meshes/SM_Object_00.ubulk" 1404
"E:/unreal projects/MyProject/Content/Abandoned_Building/Meshes/SM_Object_00.uasset" 1405
"E:/unreal projects/MyProject/Content/Abandoned_Building/Meshes/SM_Object_00.uexp" 1406
"E:/unreal projects/MyProject/Content/Abandoned_Building/Textures/T_Plant_Bark_00_R.ubulk" 1407
"E:/unreal projects/MyProject/Content/Abandoned_Building/Textures/T_Plant_Bark_00_R.uasset" 1408
"E:/unreal projects/MyProject/Content/Abandoned_Building/Textures/T_Plant_Bark_00_R.uexp" 1409
"E:/unreal projects/MyProject/Content/Abandoned_Building/Textures/T_Plant_Bark_00_OCC.ubulk" 1410
"E:/unreal projects/MyProject/Content/Abandoned_Building/Textures/T_Plant_Bark_00_OCC.uasset" 1411
"E:/unreal projects/MyProject/Content/Abandoned_Building/Textures/T_Plant_Bark_00_OCC.uexp" 1412
"E:/unreal projects/MyProject/Content/Abandoned_Building/Textures/T_Plant_Bark_00_N.ubulk" 1413
"E:/unreal projects/MyProject/Content/Abandoned_Building/Textures/T_Plant_Bark_00_N.uasset" 1414
"E:/unreal projects/MyProject/Content/Abandoned_Building/Textures/T_Plant_Bark_00_N.uexp" 1415
"E:/unreal projects/MyProject/Content/Abandoned_Building/Textures/T_Plant_Bark_00_H.ubulk" 1416
"E:/unreal projects/MyProject/Content/Abandoned_Building/Textures/T_Plant_Bark_00_H.uasset" 1417
"E:/unreal projects/MyProject/Content/Abandoned_Building/Textures/T_Plant_Bark_00_H.uexp" 1418
"E:/unreal projects/MyProject/Content/Abandoned_Building/Textures/T_Plant_Bark_00_BC.ubulk" 1419
"E:/unreal projects/MyProject/Content/Abandoned_Building/Textures/T_Plant_Bark_00_BC.uasset" 1420
"E:/unreal projects/MyProject/Content/Abandoned_Building/Textures/T_Plant_Bark_00_BC.uexp" 1421
"E:/unreal projects/MyProject/Content/Abandoned_Building/Materials/M_Bark.uasset" 1422
"E:/unreal projects/MyProject/Content/Abandoned_Building/Materials/M_Bark.uexp" 1423
"E:/unreal projects/MyProject/Content/Abandoned_Building/Materials/MI_Bark.uasset" 1424
"E:/unreal projects/MyProject/Content/Abandoned_Building/Materials/MI_Bark.uexp" 1425
"E:/unreal projects/MyProject/Content/Abandoned_Building/Meshes/SM_Ivy_wall_02.ubulk" 1426
"E:/unreal projects/MyProject/Content/Abandoned_Building/Meshes/SM_Ivy_wall_02.uasset" 1427
"E:/unreal projects/MyProject/Content/Abandoned_Building/Meshes/SM_Ivy_wall_02.uexp" 1428
"E:/unreal projects/MyProject/Content/Abandoned_Building/Meshes/SM_Ivy_ground_00.ubulk" 1429
"E:/unreal projects/MyProject/Content/Abandoned_Building/Meshes/SM_Ivy_ground_00.uasset" 1430
"E:/unreal projects/MyProject/Content/Abandoned_Building/Meshes/SM_Ivy_ground_00.uexp" 1431
"E:/unreal projects/MyProject/Content/Abandoned_Building/Meshes/SM_Ivy_Corner_00.ubulk" 1432
"E:/unreal projects/MyProject/Content/Abandoned_Building/Meshes/SM_Ivy_Corner_00.uasset" 1433
"E:/unreal projects/MyProject/Content/Abandoned_Building/Meshes/SM_Ivy_Corner_00.uexp" 1434
"E:/unreal projects/MyProject/Content/Abandoned_Building/Textures/T_Garbige_N.ubulk" 1435
"E:/unreal projects/MyProject/Content/Abandoned_Building/Textures/T_Garbige_N.uasset" 1436
"E:/unreal projects/MyProject/Content/Abandoned_Building/Textures/T_Garbige_N.uexp" 1437
"E:/unreal projects/MyProject/Content/Abandoned_Building/Textures/T_Garbige_BC.ubulk" 1438
"E:/unreal projects/MyProject/Content/Abandoned_Building/Textures/T_Garbige_BC.uasset" 1439
"E:/unreal projects/MyProject/Content/Abandoned_Building/Textures/T_Garbige_BC.uexp" 1440
"E:/unreal projects/MyProject/Content/Abandoned_Building/Textures/T_Garbige_AO_R_MT.ubulk" 1441
"E:/unreal projects/MyProject/Content/Abandoned_Building/Textures/T_Garbige_AO_R_MT.uasset" 1442
"E:/unreal projects/MyProject/Content/Abandoned_Building/Textures/T_Garbige_AO_R_MT.uexp" 1443
"E:/unreal projects/MyProject/Content/Abandoned_Building/Materials/M_Base01.uasset" 1444
"E:/unreal projects/MyProject/Content/Abandoned_Building/Materials/M_Base01.uexp" 1445
"E:/unreal projects/MyProject/Content/Abandoned_Building/Material_Instances/MI_Garbige_00-18.uasset" 1446
"E:/unreal projects/MyProject/Content/Abandoned_Building/Material_Instances/MI_Garbige_00-18.uexp" 1447
"E:/unreal projects/MyProject/Content/Abandoned_Building/Meshes/SM_Garbige_18.ubulk" 1448
"E:/unreal projects/MyProject/Content/Abandoned_Building/Meshes/SM_Garbige_18.uasset" 1449
"E:/unreal projects/MyProject/Content/Abandoned_Building/Meshes/SM_Garbige_18.uexp" 1450
"E:/unreal projects/MyProject/Content/Abandoned_Building/Meshes/SM_Garbige_13.ubulk" 1451
"E:/unreal projects/MyProject/Content/Abandoned_Building/Meshes/SM_Garbige_13.uasset" 1452
"E:/unreal projects/MyProject/Content/Abandoned_Building/Meshes/SM_Garbige_13.uexp" 1453
"E:/unreal projects/MyProject/Content/Abandoned_Building/Meshes/SM_Garbige_12.ubulk" 1454
"E:/unreal projects/MyProject/Content/Abandoned_Building/Meshes/SM_Garbige_12.uasset" 1455
"E:/unreal projects/MyProject/Content/Abandoned_Building/Meshes/SM_Garbige_12.uexp" 1456
"E:/unreal projects/MyProject/Content/Abandoned_Building/Meshes/SM_Garbige_08.ubulk" 1457
"E:/unreal projects/MyProject/Content/Abandoned_Building/Meshes/SM_Garbige_08.uasset" 1458
"E:/unreal projects/MyProject/Content/Abandoned_Building/Meshes/SM_Garbige_08.uexp" 1459
"E:/unreal projects/MyProject/Content/Abandoned_Building/Meshes/SM_Garbige_05.ubulk" 1460
"E:/unreal projects/MyProject/Content/Abandoned_Building/Meshes/SM_Garbige_05.uasset" 1461
"E:/unreal projects/MyProject/Content/Abandoned_Building/Meshes/SM_Garbige_05.uexp" 1462
"E:/unreal projects/MyProject/Content/Abandoned_Building/Meshes/SM_Garbige_00.ubulk" 1463
"E:/unreal projects/MyProject/Content/Abandoned_Building/Meshes/SM_Garbige_00.uasset" 1464
"E:/unreal projects/MyProject/Content/Abandoned_Building/Meshes/SM_Garbige_00.uexp" 1465
"E:/unreal projects/MyProject/Content/Abandoned_Building/Textures/T_Street_Shaft_00_N.ubulk" 1466
"E:/unreal projects/MyProject/Content/Abandoned_Building/Textures/T_Street_Shaft_00_N.uasset" 1467
"E:/unreal projects/MyProject/Content/Abandoned_Building/Textures/T_Street_Shaft_00_N.uexp" 1468
"E:/unreal projects/MyProject/Content/Abandoned_Building/Textures/T_Street_Shaft_00_BC.ubulk" 1469
"E:/unreal projects/MyProject/Content/Abandoned_Building/Textures/T_Street_Shaft_00_BC.uasset" 1470
"E:/unreal projects/MyProject/Content/Abandoned_Building/Textures/T_Street_Shaft_00_BC.uexp" 1471
"E:/unreal projects/MyProject/Content/Abandoned_Building/Textures/T_Brick_N.ubulk" 1472
"E:/unreal projects/MyProject/Content/Abandoned_Building/Textures/T_Brick_N.uasset" 1473
"E:/unreal projects/MyProject/Content/Abandoned_Building/Textures/T_Brick_N.uexp" 1474
"E:/unreal projects/MyProject/Content/Abandoned_Building/Textures/T_Brick_BC.ubulk" 1475
"E:/unreal projects/MyProject/Content/Abandoned_Building/Textures/T_Brick_BC.uasset" 1476
"E:/unreal projects/MyProject/Content/Abandoned_Building/Textures/T_Brick_BC.uexp" 1477
"E:/unreal projects/MyProject/Content/Abandoned_Building/Materials/M_Brick_01.uasset" 1478
"E:/unreal projects/MyProject/Content/Abandoned_Building/Materials/M_Brick_01.uexp" 1479
"E:/unreal projects/MyProject/Content/Abandoned_Building/Material_Instances/MI_Bricks_Pile.uasset" 1480
"E:/unreal projects/MyProject/Content/Abandoned_Building/Material_Instances/MI_Bricks_Pile.uexp" 1481
"E:/unreal projects/MyProject/Content/Abandoned_Building/Meshes/SM_Brick_Pile.ubulk" 1482
"E:/unreal projects/MyProject/Content/Abandoned_Building/Meshes/SM_Brick_Pile.uasset" 1483
"E:/unreal projects/MyProject/Content/Abandoned_Building/Meshes/SM_Brick_Pile.uexp" 1484
"E:/unreal projects/MyProject/Content/Abandoned_Building/Textures/T_Street_Shaft_00_AO_R_MT.ubulk" 1485
"E:/unreal projects/MyProject/Content/Abandoned_Building/Textures/T_Street_Shaft_00_AO_R_MT.uasset" 1486
"E:/unreal projects/MyProject/Content/Abandoned_Building/Textures/T_Street_Shaft_00_AO_R_MT.uexp" 1487
"E:/unreal projects/MyProject/Content/Abandoned_Building/Textures/T_Dirt.ubulk" 1488
"E:/unreal projects/MyProject/Content/Abandoned_Building/Textures/T_Dirt.uasset" 1489
"E:/unreal projects/MyProject/Content/Abandoned_Building/Textures/T_Dirt.uexp" 1490
"E:/unreal projects/MyProject/Content/Abandoned_Building/Textures/T_Bricks_Brick_10_N.ubulk" 1491
"E:/unreal projects/MyProject/Content/Abandoned_Building/Textures/T_Bricks_Brick_10_N.uasset" 1492
"E:/unreal projects/MyProject/Content/Abandoned_Building/Textures/T_Bricks_Brick_10_N.uexp" 1493
"E:/unreal projects/MyProject/Content/Abandoned_Building/Textures/T_Bricks_Brick_10_BC.ubulk" 1494
"E:/unreal projects/MyProject/Content/Abandoned_Building/Textures/T_Bricks_Brick_10_BC.uasset" 1495
"E:/unreal projects/MyProject/Content/Abandoned_Building/Textures/T_Bricks_Brick_10_BC.uexp" 1496
"E:/unreal projects/MyProject/Content/Abandoned_Building/Textures/T_Bricks_Brick_10_AO_R_MT.ubulk" 1497
"E:/unreal projects/MyProject/Content/Abandoned_Building/Textures/T_Bricks_Brick_10_AO_R_MT.uasset" 1498
"E:/unreal projects/MyProject/Content/Abandoned_Building/Textures/T_Bricks_Brick_10_AO_R_MT.uexp" 1499
"../../../Engine/Content/Functions/Engine_MaterialFunctions02/Texturing/CustomRotator.uasset" 1500
"../../../Engine/Content/Functions/Engine_MaterialFunctions02/Texturing/CustomRotator.uexp" 1501
"E:/unreal projects/MyProject/Content/Abandoned_Building/Materials/M_Brick.uasset" 1502
"E:/unreal projects/MyProject/Content/Abandoned_Building/Materials/M_Brick.uexp" 1503
"E:/unreal projects/MyProject/Content/Abandoned_Building/Material_Instances/MI_Bricks_Brick_10.uasset" 1504
"E:/unreal projects/MyProject/Content/Abandoned_Building/Material_Instances/MI_Bricks_Brick_10.uexp" 1505
"E:/unreal projects/MyProject/Content/Abandoned_Building/Meshes/SM_Bricks_Brick_10.ubulk" 1506
"E:/unreal projects/MyProject/Content/Abandoned_Building/Meshes/SM_Bricks_Brick_10.uasset" 1507
"E:/unreal projects/MyProject/Content/Abandoned_Building/Meshes/SM_Bricks_Brick_10.uexp" 1508
"E:/unreal projects/MyProject/Content/Abandoned_Building/Textures/T_AbandonedBuilding_11_N_00.ubulk" 1509
"E:/unreal projects/MyProject/Content/Abandoned_Building/Textures/T_AbandonedBuilding_11_N_00.uasset" 1510
"E:/unreal projects/MyProject/Content/Abandoned_Building/Textures/T_AbandonedBuilding_11_N_00.uexp" 1511
"E:/unreal projects/MyProject/Content/Abandoned_Building/Textures/T_AbandonedBuilding_11_BC_00.ubulk" 1512
"E:/unreal projects/MyProject/Content/Abandoned_Building/Textures/T_AbandonedBuilding_11_BC_00.uasset" 1513
"E:/unreal projects/MyProject/Content/Abandoned_Building/Textures/T_AbandonedBuilding_11_BC_00.uexp" 1514
"E:/unreal projects/MyProject/Content/Abandoned_Building/Textures/T_AbandonedBuilding_11_AO_R_MT_00.ubulk" 1515
"E:/unreal projects/MyProject/Content/Abandoned_Building/Textures/T_AbandonedBuilding_11_AO_R_MT_00.uasset" 1516
"E:/unreal projects/MyProject/Content/Abandoned_Building/Textures/T_AbandonedBuilding_11_AO_R_MT_00.uexp" 1517
"E:/unreal projects/MyProject/Content/Abandoned_Building/Material_Instances/MI_AbandonedBuilding_11.uasset" 1518
"E:/unreal projects/MyProject/Content/Abandoned_Building/Material_Instances/MI_AbandonedBuilding_11.uexp" 1519
"E:/unreal projects/MyProject/Content/Abandoned_Building/Textures/T_AbandonedBuilding_11_N_01.ubulk" 1520
"E:/unreal projects/MyProject/Content/Abandoned_Building/Textures/T_AbandonedBuilding_11_N_01.uasset" 1521
"E:/unreal projects/MyProject/Content/Abandoned_Building/Textures/T_AbandonedBuilding_11_N_01.uexp" 1522
"E:/unreal projects/MyProject/Content/Abandoned_Building/Textures/T_AbandonedBuilding_11_BC_01.ubulk" 1523
"E:/unreal projects/MyProject/Content/Abandoned_Building/Textures/T_AbandonedBuilding_11_BC_01.uasset" 1524
"E:/unreal projects/MyProject/Content/Abandoned_Building/Textures/T_AbandonedBuilding_11_BC_01.uexp" 1525
"E:/unreal projects/MyProject/Content/Abandoned_Building/Textures/T_AbandonedBuilding_11_AO_R_MT_01.ubulk" 1526
"E:/unreal projects/MyProject/Content/Abandoned_Building/Textures/T_AbandonedBuilding_11_AO_R_MT_01.uasset" 1527
"E:/unreal projects/MyProject/Content/Abandoned_Building/Textures/T_AbandonedBuilding_11_AO_R_MT_01.uexp" 1528
"E:/unreal projects/MyProject/Content/Abandoned_Building/Material_Instances/MI_AbandonedBuilding_11_1.uasset" 1529
"E:/unreal projects/MyProject/Content/Abandoned_Building/Material_Instances/MI_AbandonedBuilding_11_1.uexp" 1530
"E:/unreal projects/MyProject/Content/Abandoned_Building/Meshes/SM_AbandonedBuilding_11.ubulk" 1531
"E:/unreal projects/MyProject/Content/Abandoned_Building/Meshes/SM_AbandonedBuilding_11.uasset" 1532
"E:/unreal projects/MyProject/Content/Abandoned_Building/Meshes/SM_AbandonedBuilding_11.uexp" 1533
"E:/unreal projects/MyProject/Content/Abandoned_Building/Textures/T_AbandonedBuilding_06_N.ubulk" 1534
"E:/unreal projects/MyProject/Content/Abandoned_Building/Textures/T_AbandonedBuilding_06_N.uasset" 1535
"E:/unreal projects/MyProject/Content/Abandoned_Building/Textures/T_AbandonedBuilding_06_N.uexp" 1536
"E:/unreal projects/MyProject/Content/Abandoned_Building/Textures/T_AbandonedBuilding_06_BC.ubulk" 1537
"E:/unreal projects/MyProject/Content/Abandoned_Building/Textures/T_AbandonedBuilding_06_BC.uasset" 1538
"E:/unreal projects/MyProject/Content/Abandoned_Building/Textures/T_AbandonedBuilding_06_BC.uexp" 1539
"E:/unreal projects/MyProject/Content/Abandoned_Building/Textures/T_AbandonedBuilding_06_AO_R_MT.ubulk" 1540
"E:/unreal projects/MyProject/Content/Abandoned_Building/Textures/T_AbandonedBuilding_06_AO_R_MT.uasset" 1541
"E:/unreal projects/MyProject/Content/Abandoned_Building/Textures/T_AbandonedBuilding_06_AO_R_MT.uexp" 1542
"E:/unreal projects/MyProject/Content/Abandoned_Building/Material_Instances/MI_AbandonedBuilding_06.uasset" 1543
"E:/unreal projects/MyProject/Content/Abandoned_Building/Material_Instances/MI_AbandonedBuilding_06.uexp" 1544
"E:/unreal projects/MyProject/Content/Abandoned_Building/Meshes/SM_AbandonedBuilding_06.ubulk" 1545
"E:/unreal projects/MyProject/Content/Abandoned_Building/Meshes/SM_AbandonedBuilding_06.uasset" 1546
"E:/unreal projects/MyProject/Content/Abandoned_Building/Meshes/SM_AbandonedBuilding_06.uexp" 1547
"../../../Engine/Content/ArtTools/RenderToTexture/Meshes/S_1_Unit_Plane.ubulk" 1548
"../../../Engine/Content/ArtTools/RenderToTexture/Meshes/S_1_Unit_Plane.uasset" 1549
"../../../Engine/Content/ArtTools/RenderToTexture/Meshes/S_1_Unit_Plane.uexp" 1550
"../../../Engine/Content/EngineMaterials/Substrate/Glints2/AGlintTex2dArray2.uasset" 1551
"../../../Engine/Content/EngineMaterials/Substrate/Glints2/AGlintTex2dArray2.uexp" 1552
"../../../Engine/Content/EngineMaterials/Substrate/GLints/AGlintTex2dArray.uasset" 1553
"../../../Engine/Content/EngineMaterials/Substrate/GLints/AGlintTex2dArray.uexp" 1554
"../../../Engine/Content/EngineResources/DefaultTextureCube.uasset" 1555
"../../../Engine/Content/EngineResources/DefaultTextureCube.uexp" 1556
"../../../Engine/Plugins/2D/Paper2D/Content/DefaultSpriteMaterial.uasset" 1557
"../../../Engine/Plugins/2D/Paper2D/Content/DefaultSpriteMaterial.uexp" 1558
"../../../Engine/Plugins/2D/Paper2D/Content/OpaqueUnlitSpriteMaterial.uasset" 1559
"../../../Engine/Plugins/2D/Paper2D/Content/OpaqueUnlitSpriteMaterial.uexp" 1560
"../../../Engine/Plugins/2D/Paper2D/Content/MaskedUnlitSpriteMaterial.uasset" 1561
"../../../Engine/Plugins/2D/Paper2D/Content/MaskedUnlitSpriteMaterial.uexp" 1562
"../../../Engine/Plugins/Runtime/AR/AppleAR/AppleARKit/Content/M_OcclusionOverlay.uasset" 1563
"../../../Engine/Plugins/Runtime/AR/AppleAR/AppleARKit/Content/M_OcclusionOverlay.uexp" 1564
"../../../Engine/Plugins/Runtime/AR/AppleAR/AppleARKit/Content/MI_MatteOcclusionOverlay.uasset" 1565
"../../../Engine/Plugins/Runtime/AR/AppleAR/AppleARKit/Content/MI_MatteOcclusionOverlay.uexp" 1566
"../../../Engine/Plugins/Runtime/AR/AppleAR/AppleARKit/Content/MI_DepthOcclusionOverlay.uasset" 1567
"../../../Engine/Plugins/Runtime/AR/AppleAR/AppleARKit/Content/MI_DepthOcclusionOverlay.uexp" 1568
"../../../Engine/Plugins/NNE/NNEDenoiser/Content/NNE_oidn2-3-0_rt_hdr_calb_cnrm_large__dyn__fp16_opset11_ForwardAlpha.uasset" 1569
"../../../Engine/Plugins/NNE/NNEDenoiser/Content/NNE_oidn2-3-0_rt_hdr_calb_cnrm_large__dyn__fp16_opset11_ForwardAlpha.uexp" 1570
"../../../Engine/Plugins/NNE/NNEDenoiser/Content/NNE_oidn2-3-0_rt_hdr_calb_cnrm_large__dyn__fp16_opset11_DenoiseAlpha.uasset" 1571
"../../../Engine/Plugins/NNE/NNEDenoiser/Content/NNE_oidn2-3-0_rt_hdr_calb_cnrm_large__dyn__fp16_opset11_DenoiseAlpha.uexp" 1572
"../../../Engine/Plugins/NNE/NNEDenoiser/Content/NNE_oidn2-3-0_rt_hdr_alb_nrm__dyn__fp16_opset11_ForwardAlpha.uasset" 1573
"../../../Engine/Plugins/NNE/NNEDenoiser/Content/NNE_oidn2-3-0_rt_hdr_alb_nrm__dyn__fp16_opset11_ForwardAlpha.uexp" 1574
"../../../Engine/Plugins/NNE/NNEDenoiser/Content/NNE_oidn2-3-0_rt_hdr_alb_nrm__dyn__fp16_opset11_DenoiseAlpha.uasset" 1575
"../../../Engine/Plugins/NNE/NNEDenoiser/Content/NNE_oidn2-3-0_rt_hdr_alb_nrm__dyn__fp16_opset11_DenoiseAlpha.uexp" 1576
"../../../Engine/Plugins/NNE/NNEDenoiser/Content/NNE_oidn2-3-0_rt_hdr_alb_nrm_small__dyn__fp16_opset11_ForwardAlpha.uasset" 1577
"../../../Engine/Plugins/NNE/NNEDenoiser/Content/NNE_oidn2-3-0_rt_hdr_alb_nrm_small__dyn__fp16_opset11_ForwardAlpha.uexp" 1578
"../../../Engine/Plugins/NNE/NNEDenoiser/Content/NNE_oidn2-3-0_rt_hdr_alb_nrm_small__dyn__fp16_opset11_DenoiseAlpha.uasset" 1579
"../../../Engine/Plugins/NNE/NNEDenoiser/Content/NNE_oidn2-3-0_rt_hdr_alb_nrm_small__dyn__fp16_opset11_DenoiseAlpha.uexp" 1580
"../../../Engine/Content/Functions/Engine_MaterialFunctions03/Math/WithinRangeFloat2.uasset" 1581
"../../../Engine/Content/Functions/Engine_MaterialFunctions03/Math/WithinRangeFloat2.uexp" 1582
"../../../Engine/Content/EditorLandscapeResources/SelectBrushMaterial.uasset" 1583
"../../../Engine/Content/EditorLandscapeResources/SelectBrushMaterial.uexp" 1584
"../../../Engine/Content/EditorLandscapeResources/SelectBrushMaterial_SelectedRegion.uasset" 1585
"../../../Engine/Content/EditorLandscapeResources/SelectBrushMaterial_SelectedRegion.uexp" 1586
"../../../Engine/Content/EditorLandscapeResources/SelectBrushMaterial_Selected.uasset" 1587
"../../../Engine/Content/EditorLandscapeResources/SelectBrushMaterial_Selected.uexp" 1588
"../../../Engine/Content/EditorLandscapeResources/MaskBrushMaterial.uasset" 1589
"../../../Engine/Content/EditorLandscapeResources/MaskBrushMaterial.uexp" 1590
"../../../Engine/Content/EditorLandscapeResources/MaskBrushMaterial_MaskedRegion.uasset" 1591
"../../../Engine/Content/EditorLandscapeResources/MaskBrushMaterial_MaskedRegion.uexp" 1592
"../../../Engine/Content/EditorLandscapeResources/ColorMaskBrushMaterial.uasset" 1593
"../../../Engine/Content/EditorLandscapeResources/ColorMaskBrushMaterial.uexp" 1594
"../../../Engine/Content/EditorLandscapeResources/ColorMaskBrushMaterial_MaskedRegion.uasset" 1595
"../../../Engine/Content/EditorLandscapeResources/ColorMaskBrushMaterial_MaskedRegion.uexp" 1596
"../../../Engine/Content/EngineResources/LandscapeVisibilityLayerInfo.uasset" 1597
"../../../Engine/Content/EngineResources/LandscapeVisibilityLayerInfo.uexp" 1598
"../../../Engine/Content/EngineResources/WhiteSquareTexture.uasset" 1599
"../../../Engine/Content/EngineResources/WhiteSquareTexture.uexp" 1600
"../../../Engine/Content/EngineMaterials/Widget3DPassThrough.uasset" 1601
"../../../Engine/Content/EngineMaterials/Widget3DPassThrough.uexp" 1602
"../../../Engine/Content/EngineMaterials/Widget3DPassThrough_Translucent.uasset" 1603
"../../../Engine/Content/EngineMaterials/Widget3DPassThrough_Translucent.uexp" 1604
"../../../Engine/Content/EngineMaterials/Widget3DPassThrough_Translucent_OneSided.uasset" 1605
"../../../Engine/Content/EngineMaterials/Widget3DPassThrough_Translucent_OneSided.uexp" 1606
"../../../Engine/Content/EngineMaterials/Widget3DPassThrough_Opaque.uasset" 1607
"../../../Engine/Content/EngineMaterials/Widget3DPassThrough_Opaque.uexp" 1608
"../../../Engine/Content/EngineMaterials/Widget3DPassThrough_Opaque_OneSided.uasset" 1609
"../../../Engine/Content/EngineMaterials/Widget3DPassThrough_Opaque_OneSided.uexp" 1610
"../../../Engine/Content/EngineMaterials/Widget3DPassThrough_Masked_OneSided.uasset" 1611
"../../../Engine/Content/EngineMaterials/Widget3DPassThrough_Masked_OneSided.uexp" 1612
"../../../Engine/Content/EngineMaterials/Widget3DPassThrough_Masked.uasset" 1613
"../../../Engine/Content/EngineMaterials/Widget3DPassThrough_Masked.uexp" 1614
"../../../Engine/Plugins/Runtime/AR/ARUtilities/Content/Materials/M_ScreenSpacePassthroughCamera.uasset" 1615
"../../../Engine/Plugins/Runtime/AR/ARUtilities/Content/Materials/M_ScreenSpacePassthroughCamera.uexp" 1616
"../../../Engine/Plugins/Runtime/AR/ARUtilities/Content/Materials/MI_ScreenSpacePassthroughCameraExternalTexture.uasset" 1617
"../../../Engine/Plugins/Runtime/AR/ARUtilities/Content/Materials/MI_ScreenSpacePassthroughCameraExternalTexture.uexp" 1618
"../../../Engine/Plugins/MetaHuman/MetaHumanCoreTechLib/Content/GenericTracker/FaceDetector.uasset" 1619
"../../../Engine/Plugins/MetaHuman/MetaHumanCoreTechLib/Content/GenericTracker/FaceDetector.uexp" 1620
"../../../Engine/Plugins/MetaHuman/MetaHumanAnimator/Content/GenericTracker/TeethConfidence.uasset" 1621
"../../../Engine/Plugins/MetaHuman/MetaHumanAnimator/Content/GenericTracker/TeethConfidence.uexp" 1622
"../../../Engine/Plugins/MetaHuman/MetaHumanAnimator/Content/GenericTracker/Teeth.uasset" 1623
"../../../Engine/Plugins/MetaHuman/MetaHumanAnimator/Content/GenericTracker/Teeth.uexp" 1624
"../../../Engine/Plugins/MetaHuman/MetaHumanAnimator/Content/GenericTracker/NasolabialNose.uasset" 1625
"../../../Engine/Plugins/MetaHuman/MetaHumanAnimator/Content/GenericTracker/NasolabialNose.uexp" 1626
"../../../Engine/Plugins/MetaHuman/MetaHumanAnimator/Content/GenericTracker/LipZip.uasset" 1627
"../../../Engine/Plugins/MetaHuman/MetaHumanAnimator/Content/GenericTracker/LipZip.uexp" 1628
"../../../Engine/Plugins/MetaHuman/MetaHumanAnimator/Content/GenericTracker/Lips.uasset" 1629
"../../../Engine/Plugins/MetaHuman/MetaHumanAnimator/Content/GenericTracker/Lips.uexp" 1630
"../../../Engine/Plugins/MetaHuman/MetaHumanAnimator/Content/GenericTracker/LeftEye.uasset" 1631
"../../../Engine/Plugins/MetaHuman/MetaHumanAnimator/Content/GenericTracker/LeftEye.uexp" 1632
"../../../Engine/Plugins/MetaHuman/MetaHumanAnimator/Content/GenericTracker/LeftBrowWholeFace.uasset" 1633
"../../../Engine/Plugins/MetaHuman/MetaHumanAnimator/Content/GenericTracker/LeftBrowWholeFace.uexp" 1634
"../../../Engine/Plugins/MetaHuman/MetaHumanAnimator/Content/GenericTracker/FaceTracker.uasset" 1635
"../../../Engine/Plugins/MetaHuman/MetaHumanAnimator/Content/GenericTracker/FaceTracker.uexp" 1636
"../../../Engine/Plugins/MetaHuman/MetaHumanAnimator/Content/GenericTracker/Chin.uasset" 1637
"../../../Engine/Plugins/MetaHuman/MetaHumanAnimator/Content/GenericTracker/Chin.uexp" 1638
"../../../Engine/Content/EngineDebugMaterials/HeatmapGradient.ubulk" 1639
"../../../Engine/Content/EngineDebugMaterials/HeatmapGradient.uasset" 1640
"../../../Engine/Content/EngineDebugMaterials/HeatmapGradient.uexp" 1641
"../../../Engine/Content/EngineMaterials/Good64x64TilingNoiseHighFreq.uasset" 1642
"../../../Engine/Content/EngineMaterials/Good64x64TilingNoiseHighFreq.uexp" 1643
"E:/unreal projects/MyProject/Content/Abandoned_Building/Textures/T_Sticks_Large_00_BC.ubulk" 1644
"E:/unreal projects/MyProject/Content/Abandoned_Building/Textures/T_Sticks_Large_00_BC.uasset" 1645
"E:/unreal projects/MyProject/Content/Abandoned_Building/Textures/T_Sticks_Large_00_BC.uexp" 1646
"E:/unreal projects/MyProject/Content/Abandoned_Building/Textures/T_Sticks_Large_00_AO_R_MT.ubulk" 1647
"E:/unreal projects/MyProject/Content/Abandoned_Building/Textures/T_Sticks_Large_00_AO_R_MT.uasset" 1648
"E:/unreal projects/MyProject/Content/Abandoned_Building/Textures/T_Sticks_Large_00_AO_R_MT.uexp" 1649
"E:/unreal projects/MyProject/Content/Abandoned_Building/Textures/T_Rocks_Small_N.ubulk" 1650
"E:/unreal projects/MyProject/Content/Abandoned_Building/Textures/T_Rocks_Small_N.uasset" 1651
"E:/unreal projects/MyProject/Content/Abandoned_Building/Textures/T_Rocks_Small_N.uexp" 1652
"E:/unreal projects/MyProject/Content/Abandoned_Building/Textures/T_Rocks_Small_BC.ubulk" 1653
"E:/unreal projects/MyProject/Content/Abandoned_Building/Textures/T_Rocks_Small_BC.uasset" 1654
"E:/unreal projects/MyProject/Content/Abandoned_Building/Textures/T_Rocks_Small_BC.uexp" 1655
"E:/unreal projects/MyProject/Content/Abandoned_Building/Textures/T_Rocks_Small_AO_R_MT.ubulk" 1656
"E:/unreal projects/MyProject/Content/Abandoned_Building/Textures/T_Rocks_Small_AO_R_MT.uasset" 1657
"E:/unreal projects/MyProject/Content/Abandoned_Building/Textures/T_Rocks_Small_AO_R_MT.uexp" 1658
"E:/unreal projects/MyProject/Content/Abandoned_Building/Textures/T_Grass_N.uasset" 1659
"E:/unreal projects/MyProject/Content/Abandoned_Building/Textures/T_Grass_N.uexp" 1660
"E:/unreal projects/MyProject/Content/Abandoned_Building/Textures/T_Detail_N.uasset" 1661
"E:/unreal projects/MyProject/Content/Abandoned_Building/Textures/T_Detail_N.uexp" 1662
"../../../Engine/Content/Functions/Engine_MaterialFunctions01/ImageAdjustment/CheapContrast_RGB.uasset" 1663
"../../../Engine/Content/Functions/Engine_MaterialFunctions01/ImageAdjustment/CheapContrast_RGB.uexp" 1664
"../../../Engine/Content/Functions/Engine_MaterialFunctions02/Texturing/ScreenAlignedPixelToPixelUVs.uasset" 1665
"../../../Engine/Content/Functions/Engine_MaterialFunctions02/Texturing/ScreenAlignedPixelToPixelUVs.uexp" 1666
"../../../Engine/Content/Functions/Engine_MaterialFunctions02/Utility/DitherTemporalAA.uasset" 1667
"../../../Engine/Content/Functions/Engine_MaterialFunctions02/Utility/DitherTemporalAA.uexp" 1668
"../../../Engine/Content/Functions/Engine_MaterialFunctions02/Math/AddComponents.uasset" 1669
"../../../Engine/Content/Functions/Engine_MaterialFunctions02/Math/AddComponents.uexp" 1670
"../../../Engine/Content/Functions/Engine_MaterialFunctions01/AlphaBlend/WorldAlignedBlend.uasset" 1671
"../../../Engine/Content/Functions/Engine_MaterialFunctions01/AlphaBlend/WorldAlignedBlend.uexp" 1672
"E:/unreal projects/MyProject/Content/Abandoned_Building/Materials/M_Rocks_Base.uasset" 1673
"E:/unreal projects/MyProject/Content/Abandoned_Building/Materials/M_Rocks_Base.uexp" 1674
"E:/unreal projects/MyProject/Content/Abandoned_Building/Materials/MI_Sticks_Large_00.uasset" 1675
"E:/unreal projects/MyProject/Content/Abandoned_Building/Materials/MI_Sticks_Large_00.uexp" 1676
"../../../Engine/Plugins/MetaHuman/MetaHumanCharacter/Content/Textures/T_Gray_N.uasset" 1677
"../../../Engine/Plugins/MetaHuman/MetaHumanCharacter/Content/Textures/T_Gray_N.uexp" 1678
"../../../Engine/Plugins/MetaHuman/MetaHumanCharacter/Content/Textures/T_Gray_Body_R.ubulk" 1679
"../../../Engine/Plugins/MetaHuman/MetaHumanCharacter/Content/Textures/T_Gray_Body_R.uasset" 1680
"../../../Engine/Plugins/MetaHuman/MetaHumanCharacter/Content/Textures/T_Gray_Body_R.uexp" 1681
"../../../Engine/Plugins/MetaHuman/MetaHumanCharacter/Content/Textures/T_Gray_Body_D.ubulk" 1682
"../../../Engine/Plugins/MetaHuman/MetaHumanCharacter/Content/Textures/T_Gray_Body_D.uasset" 1683
"../../../Engine/Plugins/MetaHuman/MetaHumanCharacter/Content/Textures/T_Gray_Body_D.uexp" 1684
"../../../Engine/Plugins/MetaHuman/MetaHumanCharacter/Content/Textures/T_Default_BaseColor_White.uasset" 1685
"../../../Engine/Plugins/MetaHuman/MetaHumanCharacter/Content/Textures/T_Default_BaseColor_White.uexp" 1686
"../../../Engine/Plugins/MetaHuman/MetaHumanCharacter/Content/Textures/T_BodyHideMask.ubulk" 1687
"../../../Engine/Plugins/MetaHuman/MetaHumanCharacter/Content/Textures/T_BodyHideMask.uasset" 1688
"../../../Engine/Plugins/MetaHuman/MetaHumanCharacter/Content/Textures/T_BodyHideMask.uexp" 1689
"../../../Engine/Content/Functions/Engine_MaterialFunctions02/SmoothStep.uasset" 1690
"../../../Engine/Content/Functions/Engine_MaterialFunctions02/SmoothStep.uexp" 1691
"../../../Engine/Plugins/MetaHuman/MetaHumanCharacter/Content/Materials/MF_GrayNormal.uasset" 1692
"../../../Engine/Plugins/MetaHuman/MetaHumanCharacter/Content/Materials/MF_GrayNormal.uexp" 1693
"../../../Engine/Plugins/MetaHuman/MetaHumanCharacter/Content/Materials/M_GrayTexture_Body.uasset" 1694
"../../../Engine/Plugins/MetaHuman/MetaHumanCharacter/Content/Materials/M_GrayTexture_Body.uexp" 1695
"../../../Engine/Plugins/Animation/ControlRig/Content/Controls/DefaultGizmoLibrary.uasset" 1696
"../../../Engine/Plugins/Animation/ControlRig/Content/Controls/DefaultGizmoLibrary.uexp" 1697
"../../../Engine/Plugins/MetaHuman/MetaHumanCharacter/Content/Controls/CRSL_MetaHuman_Gizmo.uasset" 1698
"../../../Engine/Plugins/MetaHuman/MetaHumanCharacter/Content/Controls/CRSL_MetaHuman_Gizmo.uexp" 1699
"../../../Engine/Plugins/MetaHuman/MetaHumanCharacter/Content/Face/CR_MetaHuman_HeadMovement_IK_Proc.uasset" 1700
"../../../Engine/Plugins/MetaHuman/MetaHumanCharacter/Content/Face/CR_MetaHuman_HeadMovement_IK_Proc.uexp" 1701
"../../../Engine/Plugins/MetaHuman/MetaHumanCharacter/Content/Body/ABP_Body_PostProcess.uasset" 1702
"../../../Engine/Plugins/MetaHuman/MetaHumanCharacter/Content/Body/ABP_Body_PostProcess.uexp" 1703
"../../../Engine/Plugins/MetaHuman/MetaHumanCharacter/Content/Body/IdentityTemplate/PHYS_Body.uasset" 1704
"../../../Engine/Plugins/MetaHuman/MetaHumanCharacter/Content/Body/IdentityTemplate/PHYS_Body.uexp" 1705
"../../../Engine/Plugins/MetaHuman/MetaHumanCharacter/Content/Body/IdentityTemplate/SKM_Body.uasset" 1706
"../../../Engine/Plugins/MetaHuman/MetaHumanCharacter/Content/Body/IdentityTemplate/SKM_Body.uexp" 1707
"../../../Engine/Plugins/Interchange/Assets/Content/gltf/MaterialBodies/MF_Unlit_Body.uasset" 1708
"../../../Engine/Plugins/Interchange/Assets/Content/gltf/MaterialBodies/MF_Unlit_Body.uexp" 1709
"../../../Engine/Plugins/Interchange/Assets/Content/gltf/M_Unlit.uasset" 1710
"../../../Engine/Plugins/Interchange/Assets/Content/gltf/M_Unlit.uexp" 1711
"../../../Engine/Plugins/Interchange/Assets/Content/gltf/MaterialInstances/MI_Unlit_Opaque_DS.uasset" 1712
"../../../Engine/Plugins/Interchange/Assets/Content/gltf/MaterialInstances/MI_Unlit_Opaque_DS.uexp" 1713
"../../../Engine/Plugins/Interchange/Assets/Content/gltf/MaterialInstances/MI_Unlit_Opaque.uasset" 1714
"../../../Engine/Plugins/Interchange/Assets/Content/gltf/MaterialInstances/MI_Unlit_Opaque.uexp" 1715
"../../../Engine/Plugins/Interchange/Assets/Content/gltf/MaterialInstances/MI_Unlit_Mask_DS.uasset" 1716
"../../../Engine/Plugins/Interchange/Assets/Content/gltf/MaterialInstances/MI_Unlit_Mask_DS.uexp" 1717
"../../../Engine/Plugins/Interchange/Assets/Content/gltf/MaterialInstances/MI_Unlit_Mask.uasset" 1718
"../../../Engine/Plugins/Interchange/Assets/Content/gltf/MaterialInstances/MI_Unlit_Mask.uexp" 1719
"../../../Engine/Plugins/Interchange/Assets/Content/gltf/MaterialInstances/MI_Unlit_Blend_DS.uasset" 1720
"../../../Engine/Plugins/Interchange/Assets/Content/gltf/MaterialInstances/MI_Unlit_Blend_DS.uexp" 1721
"../../../Engine/Plugins/Interchange/Assets/Content/gltf/MaterialInstances/MI_Unlit_Blend.uasset" 1722
"../../../Engine/Plugins/Interchange/Assets/Content/gltf/MaterialInstances/MI_Unlit_Blend.uexp" 1723
"../../../Engine/Plugins/Interchange/Assets/Content/Utilities/New_LUT.uasset" 1724
"../../../Engine/Plugins/Interchange/Assets/Content/Utilities/New_LUT.uexp" 1725
"../../../Engine/Content/Functions/Engine_MaterialFunctions03/Math/RemapValueRange.uasset" 1726
"../../../Engine/Content/Functions/Engine_MaterialFunctions03/Math/RemapValueRange.uexp" 1727
"../../../Engine/Plugins/Interchange/Assets/Content/Functions/MF_Iridescence.uasset" 1728
"../../../Engine/Plugins/Interchange/Assets/Content/Functions/MF_Iridescence.uexp" 1729
"../../../Engine/Plugins/Interchange/Assets/Content/gltf/MaterialFunctions/MF_Fresnel_DS.uasset" 1730
"../../../Engine/Plugins/Interchange/Assets/Content/gltf/MaterialFunctions/MF_Fresnel_DS.uexp" 1731
"../../../Engine/Plugins/Interchange/Assets/Content/gltf/MaterialFunctions/MF_Temporal_Blur.uasset" 1732
"../../../Engine/Plugins/Interchange/Assets/Content/gltf/MaterialFunctions/MF_Temporal_Blur.uexp" 1733
"../../../Engine/Plugins/Interchange/Assets/Content/gltf/MaterialFunctions/MF_Transmission.uasset" 1734
"../../../Engine/Plugins/Interchange/Assets/Content/gltf/MaterialFunctions/MF_Transmission.uexp" 1735
"../../../Engine/Plugins/Interchange/Assets/Content/gltf/MaterialBodies/MF_Transmission_Body.uasset" 1736
"../../../Engine/Plugins/Interchange/Assets/Content/gltf/MaterialBodies/MF_Transmission_Body.uexp" 1737
"../../../Engine/Plugins/Interchange/Assets/Content/gltf/M_Transmission.uasset" 1738
"../../../Engine/Plugins/Interchange/Assets/Content/gltf/M_Transmission.uexp" 1739
"../../../Engine/Plugins/Interchange/Assets/Content/gltf/MaterialInstances/MI_Transmission_DS.uasset" 1740
"../../../Engine/Plugins/Interchange/Assets/Content/gltf/MaterialInstances/MI_Transmission_DS.uexp" 1741
"../../../Engine/Plugins/Interchange/Assets/Content/gltf/MaterialInstances/MI_Transmission.uasset" 1742
"../../../Engine/Plugins/Interchange/Assets/Content/gltf/MaterialInstances/MI_Transmission.uexp" 1743
"../../../Engine/Plugins/Interchange/Assets/Content/gltf/MaterialFunctions/MF_DiffuseSpecGloss.uasset" 1744
"../../../Engine/Plugins/Interchange/Assets/Content/gltf/MaterialFunctions/MF_DiffuseSpecGloss.uexp" 1745
"../../../Engine/Plugins/Interchange/Assets/Content/gltf/MaterialFunctions/MF_MaxComponentValue.uasset" 1746
"../../../Engine/Plugins/Interchange/Assets/Content/gltf/MaterialFunctions/MF_MaxComponentValue.uexp" 1747
"../../../Engine/Plugins/Interchange/Assets/Content/gltf/MaterialFunctions/MF_PerceivedBrightness.uasset" 1748
"../../../Engine/Plugins/Interchange/Assets/Content/gltf/MaterialFunctions/MF_PerceivedBrightness.uexp" 1749
"../../../Engine/Plugins/Interchange/Assets/Content/gltf/MaterialFunctions/MF_SpecGlossToMetalRoughness.uasset" 1750
"../../../Engine/Plugins/Interchange/Assets/Content/gltf/MaterialFunctions/MF_SpecGlossToMetalRoughness.uexp" 1751
"../../../Engine/Plugins/Interchange/Assets/Content/gltf/MaterialBodies/MF_SpecularGlossiness_Body.uasset" 1752
"../../../Engine/Plugins/Interchange/Assets/Content/gltf/MaterialBodies/MF_SpecularGlossiness_Body.uexp" 1753
"../../../Engine/Plugins/Interchange/Assets/Content/gltf/M_SpecularGlossiness.uasset" 1754
"../../../Engine/Plugins/Interchange/Assets/Content/gltf/M_SpecularGlossiness.uexp" 1755
"../../../Engine/Plugins/Interchange/Assets/Content/gltf/MaterialInstances/MI_SpecularGlossiness_Opaque_DS.uasset" 1756
"../../../Engine/Plugins/Interchange/Assets/Content/gltf/MaterialInstances/MI_SpecularGlossiness_Opaque_DS.uexp" 1757
"../../../Engine/Plugins/Interchange/Assets/Content/gltf/MaterialInstances/MI_SpecularGlossiness_Opaque.uasset" 1758
"../../../Engine/Plugins/Interchange/Assets/Content/gltf/MaterialInstances/MI_SpecularGlossiness_Opaque.uexp" 1759
"../../../Engine/Plugins/Interchange/Assets/Content/gltf/MaterialInstances/MI_SpecularGlossiness_Mask_DS.uasset" 1760
"../../../Engine/Plugins/Interchange/Assets/Content/gltf/MaterialInstances/MI_SpecularGlossiness_Mask_DS.uexp" 1761
"../../../Engine/Plugins/Interchange/Assets/Content/gltf/MaterialInstances/MI_SpecularGlossiness_Mask.uasset" 1762
"../../../Engine/Plugins/Interchange/Assets/Content/gltf/MaterialInstances/MI_SpecularGlossiness_Mask.uexp" 1763
"../../../Engine/Plugins/Interchange/Assets/Content/gltf/MaterialInstances/MI_SpecularGlossiness_Blend_DS.uasset" 1764
"../../../Engine/Plugins/Interchange/Assets/Content/gltf/MaterialInstances/MI_SpecularGlossiness_Blend_DS.uexp" 1765
"../../../Engine/Plugins/Interchange/Assets/Content/gltf/MaterialInstances/MI_SpecularGlossiness_Blend.uasset" 1766
"../../../Engine/Plugins/Interchange/Assets/Content/gltf/MaterialInstances/MI_SpecularGlossiness_Blend.uexp" 1767
"../../../Engine/Plugins/Interchange/Assets/Content/gltf/MaterialFunctions/MF_Sheen.uasset" 1768
"../../../Engine/Plugins/Interchange/Assets/Content/gltf/MaterialFunctions/MF_Sheen.uexp" 1769
"../../../Engine/Plugins/Interchange/Assets/Content/gltf/MaterialBodies/MF_Sheen_Body.uasset" 1770
"../../../Engine/Plugins/Interchange/Assets/Content/gltf/MaterialBodies/MF_Sheen_Body.uexp" 1771
"../../../Engine/Plugins/Interchange/Assets/Content/gltf/M_Sheen.uasset" 1772
"../../../Engine/Plugins/Interchange/Assets/Content/gltf/M_Sheen.uexp" 1773
"../../../Engine/Plugins/Interchange/Assets/Content/gltf/MaterialInstances/MI_Sheen_Opaque_DS.uasset" 1774
"../../../Engine/Plugins/Interchange/Assets/Content/gltf/MaterialInstances/MI_Sheen_Opaque_DS.uexp" 1775
"../../../Engine/Plugins/Interchange/Assets/Content/gltf/MaterialInstances/MI_Sheen_Opaque.uasset" 1776
"../../../Engine/Plugins/Interchange/Assets/Content/gltf/MaterialInstances/MI_Sheen_Opaque.uexp" 1777
"../../../Engine/Plugins/Interchange/Assets/Content/gltf/MaterialInstances/MI_Sheen_Mask_DS.uasset" 1778
"../../../Engine/Plugins/Interchange/Assets/Content/gltf/MaterialInstances/MI_Sheen_Mask_DS.uexp" 1779
"../../../Engine/Plugins/Interchange/Assets/Content/gltf/MaterialInstances/MI_Sheen_Mask.uasset" 1780
"../../../Engine/Plugins/Interchange/Assets/Content/gltf/MaterialInstances/MI_Sheen_Mask.uexp" 1781
"../../../Engine/Plugins/Interchange/Assets/Content/gltf/MaterialInstances/MI_Sheen_Blend_DS.uasset" 1782
"../../../Engine/Plugins/Interchange/Assets/Content/gltf/MaterialInstances/MI_Sheen_Blend_DS.uexp" 1783
"../../../Engine/Plugins/Interchange/Assets/Content/gltf/MaterialInstances/MI_Sheen_Blend.uasset" 1784
"../../../Engine/Plugins/Interchange/Assets/Content/gltf/MaterialInstances/MI_Sheen_Blend.uexp" 1785
"../../../Engine/Plugins/Interchange/Assets/Content/gltf/MaterialInstances/MI_Default_Mask_DS.uasset" 1786
"../../../Engine/Plugins/Interchange/Assets/Content/gltf/MaterialInstances/MI_Default_Mask_DS.uexp" 1787
"../../../Engine/Plugins/Interchange/Assets/Content/gltf/MaterialInstances/MI_Default_Mask.uasset" 1788
"../../../Engine/Plugins/Interchange/Assets/Content/gltf/MaterialInstances/MI_Default_Mask.uexp" 1789
"../../../Engine/Plugins/Interchange/Assets/Content/gltf/MaterialInstances/MI_Default_Blend_DS.uasset" 1790
"../../../Engine/Plugins/Interchange/Assets/Content/gltf/MaterialInstances/MI_Default_Blend_DS.uexp" 1791
"../../../Engine/Plugins/Interchange/Assets/Content/gltf/MaterialInstances/MI_Default_Blend.uasset" 1792
"../../../Engine/Plugins/Interchange/Assets/Content/gltf/MaterialInstances/MI_Default_Blend.uexp" 1793
"../../../Engine/Plugins/Interchange/Assets/Content/gltf/MaterialFunctions/MF_Clearcoat.uasset" 1794
"../../../Engine/Plugins/Interchange/Assets/Content/gltf/MaterialFunctions/MF_Clearcoat.uexp" 1795
"../../../Engine/Plugins/Interchange/Assets/Content/gltf/MaterialBodies/MF_ClearCoat_Body.uasset" 1796
"../../../Engine/Plugins/Interchange/Assets/Content/gltf/MaterialBodies/MF_ClearCoat_Body.uexp" 1797
"../../../Engine/Plugins/Interchange/Assets/Content/gltf/M_ClearCoat.uasset" 1798
"../../../Engine/Plugins/Interchange/Assets/Content/gltf/M_ClearCoat.uexp" 1799
"../../../Engine/Plugins/Interchange/Assets/Content/gltf/MaterialInstances/MI_ClearCoat_Opaque_DS.uasset" 1800
"../../../Engine/Plugins/Interchange/Assets/Content/gltf/MaterialInstances/MI_ClearCoat_Opaque_DS.uexp" 1801
"../../../Engine/Plugins/Interchange/Assets/Content/gltf/MaterialInstances/MI_ClearCoat_Opaque.uasset" 1802
"../../../Engine/Plugins/Interchange/Assets/Content/gltf/MaterialInstances/MI_ClearCoat_Opaque.uexp" 1803
"../../../Engine/Plugins/Interchange/Assets/Content/gltf/MaterialInstances/MI_ClearCoat_Mask_DS.uasset" 1804
"../../../Engine/Plugins/Interchange/Assets/Content/gltf/MaterialInstances/MI_ClearCoat_Mask_DS.uexp" 1805
"../../../Engine/Plugins/Interchange/Assets/Content/gltf/MaterialInstances/MI_ClearCoat_Mask.uasset" 1806
"../../../Engine/Plugins/Interchange/Assets/Content/gltf/MaterialInstances/MI_ClearCoat_Mask.uexp" 1807
"../../../Engine/Plugins/Interchange/Assets/Content/gltf/MaterialInstances/MI_ClearCoat_Blend_DS.uasset" 1808
"../../../Engine/Plugins/Interchange/Assets/Content/gltf/MaterialInstances/MI_ClearCoat_Blend_DS.uexp" 1809
"../../../Engine/Plugins/Interchange/Assets/Content/gltf/MaterialInstances/MI_ClearCoat_Blend.uasset" 1810
"../../../Engine/Plugins/Interchange/Assets/Content/gltf/MaterialInstances/MI_ClearCoat_Blend.uexp" 1811
"../../../Engine/Content/EngineMaterials/Substrate/Volume/SubstrateSimpleVolumeLUT3D.uasset" 1812
"../../../Engine/Content/EngineMaterials/Substrate/Volume/SubstrateSimpleVolumeLUT3D.uexp" 1813
"../../../Engine/Content/EngineMaterials/Substrate/Volume/SubstrateSimpleVolumeEnvLUT3D.uasset" 1814
"../../../Engine/Content/EngineMaterials/Substrate/Volume/SubstrateSimpleVolumeEnvLUT3D.uexp" 1815
"E:/unreal projects/MyProject/Content/Fab/Simple_Burlap_Pin_Effigy/simple_burlap_pin_effigy/Textures/simple_burlap_pin_effigy_texture_0.ubulk" 1816
"E:/unreal projects/MyProject/Content/Fab/Simple_Burlap_Pin_Effigy/simple_burlap_pin_effigy/Textures/simple_burlap_pin_effigy_texture_0.uasset" 1817
"E:/unreal projects/MyProject/Content/Fab/Simple_Burlap_Pin_Effigy/simple_burlap_pin_effigy/Textures/simple_burlap_pin_effigy_texture_0.uexp" 1818
"E:/unreal projects/MyProject/Content/Fab/Simple_Burlap_Pin_Effigy/simple_burlap_pin_effigy/Textures/simple_burlap_pin_effigy_texture_1.ubulk" 1819
"E:/unreal projects/MyProject/Content/Fab/Simple_Burlap_Pin_Effigy/simple_burlap_pin_effigy/Textures/simple_burlap_pin_effigy_texture_1.uasset" 1820
"E:/unreal projects/MyProject/Content/Fab/Simple_Burlap_Pin_Effigy/simple_burlap_pin_effigy/Textures/simple_burlap_pin_effigy_texture_1.uexp" 1821
"E:/unreal projects/MyProject/Content/Fab/Simple_Burlap_Pin_Effigy/simple_burlap_pin_effigy/Textures/simple_burlap_pin_effigy_texture_2.ubulk" 1822
"E:/unreal projects/MyProject/Content/Fab/Simple_Burlap_Pin_Effigy/simple_burlap_pin_effigy/Textures/simple_burlap_pin_effigy_texture_2.uasset" 1823
"E:/unreal projects/MyProject/Content/Fab/Simple_Burlap_Pin_Effigy/simple_burlap_pin_effigy/Textures/simple_burlap_pin_effigy_texture_2.uexp" 1824
"E:/unreal projects/MyProject/Content/Fab/Simple_Burlap_Pin_Effigy/simple_burlap_pin_effigy/Materials/Simple_Berlap_Pin_Effigy.uasset" 1825
"E:/unreal projects/MyProject/Content/Fab/Simple_Burlap_Pin_Effigy/simple_burlap_pin_effigy/Materials/Simple_Berlap_Pin_Effigy.uexp" 1826
"../../../Engine/Plugins/Fab/Content/MaterialFunctions/QMF_Tiling.uasset" 1827
"../../../Engine/Plugins/Fab/Content/MaterialFunctions/QMF_Tiling.uexp" 1828
"../../../Engine/Plugins/Fab/Content/MaterialFunctions/QMF_RoughnessAdjustments.uasset" 1829
"../../../Engine/Plugins/Fab/Content/MaterialFunctions/QMF_RoughnessAdjustments.uexp" 1830
"../../../Engine/Plugins/Fab/Content/MaterialFunctions/QMF_NormalAdjustments.uasset" 1831
"../../../Engine/Plugins/Fab/Content/MaterialFunctions/QMF_NormalAdjustments.uexp" 1832
"../../../Engine/Plugins/Fab/Content/MaterialFunctions/QMF_BaseColorAdjustments.uasset" 1833
"../../../Engine/Plugins/Fab/Content/MaterialFunctions/QMF_BaseColorAdjustments.uexp" 1834
"../../../Engine/Plugins/Fab/Content/MaterialFunctions/QMF_AOAdjustments.uasset" 1835
"../../../Engine/Plugins/Fab/Content/MaterialFunctions/QMF_AOAdjustments.uexp" 1836
"../../../Engine/Plugins/Fab/Content/Textures/Standard/T_DefaultNormal.uasset" 1837
"../../../Engine/Plugins/Fab/Content/Textures/Standard/T_DefaultNormal.uexp" 1838
"../../../Engine/Plugins/Fab/Content/Textures/Standard/T_DefaultMasks.uasset" 1839
"../../../Engine/Plugins/Fab/Content/Textures/Standard/T_DefaultMasks.uexp" 1840
"../../../Engine/Plugins/Fab/Content/Textures/Standard/T_DefaultDisplacement.uasset" 1841
"../../../Engine/Plugins/Fab/Content/Textures/Standard/T_DefaultDisplacement.uexp" 1842
"../../../Engine/Plugins/Fab/Content/Textures/Standard/T_DefaultColor.uasset" 1843
"../../../Engine/Plugins/Fab/Content/Textures/Standard/T_DefaultColor.uexp" 1844
"../../../Engine/Plugins/Fab/Content/Materials/Standard/M_MS_Srf.uasset" 1845
"../../../Engine/Plugins/Fab/Content/Materials/Standard/M_MS_Srf.uexp" 1846
"E:/unreal projects/MyProject/Content/Fab/Megascans/Surfaces/Swamp_Water_tgmjffbqx/Medium/tgmjffbqx_tier_2/Textures/T_tgmjffbqx_2K_ORM.ubulk" 1847
"E:/unreal projects/MyProject/Content/Fab/Megascans/Surfaces/Swamp_Water_tgmjffbqx/Medium/tgmjffbqx_tier_2/Textures/T_tgmjffbqx_2K_ORM.uasset" 1848
"E:/unreal projects/MyProject/Content/Fab/Megascans/Surfaces/Swamp_Water_tgmjffbqx/Medium/tgmjffbqx_tier_2/Textures/T_tgmjffbqx_2K_ORM.uexp" 1849
"E:/unreal projects/MyProject/Content/Fab/Megascans/Surfaces/Swamp_Water_tgmjffbqx/Medium/tgmjffbqx_tier_2/Textures/T_tgmjffbqx_2K_N.ubulk" 1850
"E:/unreal projects/MyProject/Content/Fab/Megascans/Surfaces/Swamp_Water_tgmjffbqx/Medium/tgmjffbqx_tier_2/Textures/T_tgmjffbqx_2K_N.uasset" 1851
"E:/unreal projects/MyProject/Content/Fab/Megascans/Surfaces/Swamp_Water_tgmjffbqx/Medium/tgmjffbqx_tier_2/Textures/T_tgmjffbqx_2K_N.uexp" 1852
"E:/unreal projects/MyProject/Content/Fab/Megascans/Surfaces/Swamp_Water_tgmjffbqx/Medium/tgmjffbqx_tier_2/Textures/T_tgmjffbqx_2K_B.ubulk" 1853
"E:/unreal projects/MyProject/Content/Fab/Megascans/Surfaces/Swamp_Water_tgmjffbqx/Medium/tgmjffbqx_tier_2/Textures/T_tgmjffbqx_2K_B.uasset" 1854
"E:/unreal projects/MyProject/Content/Fab/Megascans/Surfaces/Swamp_Water_tgmjffbqx/Medium/tgmjffbqx_tier_2/Textures/T_tgmjffbqx_2K_B.uexp" 1855
"E:/unreal projects/MyProject/Content/Fab/Megascans/Surfaces/Swamp_Water_tgmjffbqx/Medium/tgmjffbqx_tier_2/Materials/MI_tgmjffbqx.uasset" 1856
"E:/unreal projects/MyProject/Content/Fab/Megascans/Surfaces/Swamp_Water_tgmjffbqx/Medium/tgmjffbqx_tier_2/Materials/MI_tgmjffbqx.uexp" 1857
"../../../Engine/Plugins/NNE/NNEDenoiser/Content/NNED_Oidn2-3_HighQuality_Alpha.uasset" 1858
"../../../Engine/Plugins/NNE/NNEDenoiser/Content/NNED_Oidn2-3_HighQuality_Alpha.uexp" 1859
"../../../Engine/Plugins/NNE/NNEDenoiser/Content/NNED_Oidn2-3_HighQuality.uasset" 1860
"../../../Engine/Plugins/NNE/NNEDenoiser/Content/NNED_Oidn2-3_HighQuality.uexp" 1861
"../../../Engine/Plugins/NNE/NNEDenoiser/Content/NNED_Oidn2-3_Fast_Alpha.uasset" 1862
"../../../Engine/Plugins/NNE/NNEDenoiser/Content/NNED_Oidn2-3_Fast_Alpha.uexp" 1863
"../../../Engine/Plugins/NNE/NNEDenoiser/Content/NNED_Oidn2-3_Fast.uasset" 1864
"../../../Engine/Plugins/NNE/NNEDenoiser/Content/NNED_Oidn2-3_Fast.uexp" 1865
"../../../Engine/Plugins/NNE/NNEDenoiser/Content/NNED_Oidn2-3_Balanced_Alpha.uasset" 1866
"../../../Engine/Plugins/NNE/NNEDenoiser/Content/NNED_Oidn2-3_Balanced_Alpha.uexp" 1867
"../../../Engine/Plugins/NNE/NNEDenoiser/Content/NNED_Oidn2-3_Balanced.uasset" 1868
"../../../Engine/Plugins/NNE/NNEDenoiser/Content/NNED_Oidn2-3_Balanced.uexp" 1869
"../../../Engine/Plugins/NNE/NNEDenoiser/Content/NNEDT_Oidn2-3_Balanced_Alpha.uasset" 1870
"../../../Engine/Plugins/NNE/NNEDenoiser/Content/NNEDT_Oidn2-3_Balanced_Alpha.uexp" 1871
"../../../Engine/Plugins/NNE/NNEDenoiser/Content/NNEDT_Oidn2-3_Balanced.uasset" 1872
"../../../Engine/Plugins/NNE/NNEDenoiser/Content/NNEDT_Oidn2-3_Balanced.uexp" 1873
"../../../Engine/Plugins/MetaHuman/MetaHumanCoreTechLib/Content/RealtimeMono/DefaultSmoothing.uasset" 1874
"../../../Engine/Plugins/MetaHuman/MetaHumanCoreTechLib/Content/RealtimeMono/DefaultSmoothing.uexp" 1875
"../../../Engine/Plugins/Animation/DeformerGraph/Content/DeformerFunctions/DG_Function_LinearBlendSkin_Morph_Cloth.uasset" 1876
"../../../Engine/Plugins/Animation/DeformerGraph/Content/DeformerFunctions/DG_Function_LinearBlendSkin_Morph_Cloth.uexp" 1877
"../../../Engine/Plugins/Animation/DeformerGraph/Content/Deformers/DG_LinearBlendSkin_Morph_Cloth.uasset" 1878
"../../../Engine/Plugins/Animation/DeformerGraph/Content/Deformers/DG_LinearBlendSkin_Morph_Cloth.uexp" 1879
"../../../Engine/Content/VREditor/Sounds/UI/Drop_Item_From_ContentBrowser.ubulk" 1880
"../../../Engine/Content/VREditor/Sounds/UI/Drop_Item_From_ContentBrowser.uasset" 1881
"../../../Engine/Content/VREditor/Sounds/UI/Drop_Item_From_ContentBrowser.uexp" 1882
"../../../Engine/Content/VREditor/TransformGizmo/TransformGizmoMaterial_Inst.uasset" 1883
"../../../Engine/Content/VREditor/TransformGizmo/TransformGizmoMaterial_Inst.uexp" 1884
"../../../Engine/Content/VREditor/TransformGizmo/TranslucentTransformGizmoMaterial_Inst.uasset" 1885
"../../../Engine/Content/VREditor/TransformGizmo/TranslucentTransformGizmoMaterial_Inst.uexp" 1886
"../../../Engine/Content/Functions/Engine_MaterialFunctions02/SplitComponents.uasset" 1887
"../../../Engine/Content/Functions/Engine_MaterialFunctions02/SplitComponents.uexp" 1888
"../../../Engine/Content/VREditor/SnapGrid/SnapGridMaterial.uasset" 1889
"../../../Engine/Content/VREditor/SnapGrid/SnapGridMaterial.uexp" 1890
"../../../Engine/Content/VREditor/SnapGrid/SnapGridPlaneMesh.ubulk" 1891
"../../../Engine/Content/VREditor/SnapGrid/SnapGridPlaneMesh.uasset" 1892
"../../../Engine/Content/VREditor/SnapGrid/SnapGridPlaneMesh.uexp" 1893
"../../../Engine/Content/VREditor/Sounds/UI/Gizmo_Handle_Clicked.ubulk" 1894
"../../../Engine/Content/VREditor/Sounds/UI/Gizmo_Handle_Clicked.uasset" 1895
"../../../Engine/Content/VREditor/Sounds/UI/Gizmo_Handle_Clicked.uexp" 1896
"../../../Engine/Content/VREditor/Sounds/UI/Object_PickUp.ubulk" 1897
"../../../Engine/Content/VREditor/Sounds/UI/Object_PickUp.uasset" 1898
"../../../Engine/Content/VREditor/Sounds/UI/Object_PickUp.uexp" 1899
"../../../Engine/Content/VREditor/Sounds/UI/Object_Snaps_To_Another_Actor.ubulk" 1900
"../../../Engine/Content/VREditor/Sounds/UI/Object_Snaps_To_Another_Actor.uasset" 1901
"../../../Engine/Content/VREditor/Sounds/UI/Object_Snaps_To_Another_Actor.uexp" 1902
"../../../Engine/Content/VREditor/Sounds/UI/Object_Snaps_To_Grid.ubulk" 1903
"../../../Engine/Content/VREditor/Sounds/UI/Object_Snaps_To_Grid.uasset" 1904
"../../../Engine/Content/VREditor/Sounds/UI/Object_Snaps_To_Grid.uexp" 1905
"../../../Engine/Content/VREditor/Sounds/UI/Scaling_Down.ubulk" 1906
"../../../Engine/Content/VREditor/Sounds/UI/Scaling_Down.uasset" 1907
"../../../Engine/Content/VREditor/Sounds/UI/Scaling_Down.uexp" 1908
"../../../Engine/Content/VREditor/Sounds/UI/Scaling_Up.ubulk" 1909
"../../../Engine/Content/VREditor/Sounds/UI/Scaling_Up.uasset" 1910
"../../../Engine/Content/VREditor/Sounds/UI/Scaling_Up.uexp" 1911
"../../../Engine/Content/VREditor/Sounds/UI/Selection_Changes.ubulk" 1912
"../../../Engine/Content/VREditor/Sounds/UI/Selection_Changes.uasset" 1913
"../../../Engine/Content/VREditor/Sounds/UI/Selection_Changes.uexp" 1914
"../../../Engine/Content/VREditor/TransformGizmo/PlaneTranslationHandle.ubulk" 1915
"../../../Engine/Content/VREditor/TransformGizmo/PlaneTranslationHandle.uasset" 1916
"../../../Engine/Content/VREditor/TransformGizmo/PlaneTranslationHandle.uexp" 1917
"../../../Engine/Content/VREditor/TransformGizmo/RotationHandleFull.ubulk" 1918
"../../../Engine/Content/VREditor/TransformGizmo/RotationHandleFull.uasset" 1919
"../../../Engine/Content/VREditor/TransformGizmo/RotationHandleFull.uexp" 1920
"../../../Engine/Content/VREditor/TransformGizmo/RotationHandleIndicator.ubulk" 1921
"../../../Engine/Content/VREditor/TransformGizmo/RotationHandleIndicator.uasset" 1922
"../../../Engine/Content/VREditor/TransformGizmo/RotationHandleIndicator.uexp" 1923
"../../../Engine/Content/VREditor/TransformGizmo/RotationHandleQuarter.ubulk" 1924
"../../../Engine/Content/VREditor/TransformGizmo/RotationHandleQuarter.uasset" 1925
"../../../Engine/Content/VREditor/TransformGizmo/RotationHandleQuarter.uexp" 1926
"../../../Engine/Content/VREditor/TransformGizmo/StartRotationHandleIndicator.ubulk" 1927
"../../../Engine/Content/VREditor/TransformGizmo/StartRotationHandleIndicator.uasset" 1928
"../../../Engine/Content/VREditor/TransformGizmo/StartRotationHandleIndicator.uexp" 1929
"../../../Engine/Content/VREditor/TransformGizmo/TransformGizmoFreeRotation.ubulk" 1930
"../../../Engine/Content/VREditor/TransformGizmo/TransformGizmoFreeRotation.uasset" 1931
"../../../Engine/Content/VREditor/TransformGizmo/TransformGizmoFreeRotation.uexp" 1932
"../../../Engine/Content/VREditor/TransformGizmo/TranslateArrowHandle.ubulk" 1933
"../../../Engine/Content/VREditor/TransformGizmo/TranslateArrowHandle.uasset" 1934
"../../../Engine/Content/VREditor/TransformGizmo/TranslateArrowHandle.uexp" 1935
"../../../Engine/Content/VREditor/TransformGizmo/UniformScaleHandle.ubulk" 1936
"../../../Engine/Content/VREditor/TransformGizmo/UniformScaleHandle.uasset" 1937
"../../../Engine/Content/VREditor/TransformGizmo/UniformScaleHandle.uexp" 1938
"E:/unreal projects/MyProject/Content/Input/IMC_MouseLook.uasset" 1939
"E:/unreal projects/MyProject/Content/Input/IMC_MouseLook.uexp" 1940
"E:/unreal projects/MyProject/Content/Input/IMC_Default.uasset" 1941
"E:/unreal projects/MyProject/Content/Input/IMC_Default.uexp" 1942
"../../../Engine/Content/MobileResources/HUD/VirtualJoystick_Thumb.uasset" 1943
"../../../Engine/Content/MobileResources/HUD/VirtualJoystick_Thumb.uexp" 1944
"../../../Engine/Content/MobileResources/HUD/VirtualJoystick_Background.uasset" 1945
"../../../Engine/Content/MobileResources/HUD/VirtualJoystick_Background.uexp" 1946
"E:/unreal projects/MyProject/Content/Input/Touch/UI_Thumbstick.uasset" 1947
"E:/unreal projects/MyProject/Content/Input/Touch/UI_Thumbstick.uexp" 1948
"E:/unreal projects/MyProject/Content/Input/Touch/UI_TouchSimple.uasset" 1949
"E:/unreal projects/MyProject/Content/Input/Touch/UI_TouchSimple.uexp" 1950
"E:/unreal projects/MyProject/Content/ThirdPerson/Blueprints/BP_ThirdPersonPlayerController.uasset" 1951
"E:/unreal projects/MyProject/Content/ThirdPerson/Blueprints/BP_ThirdPersonPlayerController.uexp" 1952
"E:/unreal projects/MyProject/Content/ThirdPerson/Blueprints/BP_ThirdPersonGameMode.uasset" 1953
"E:/unreal projects/MyProject/Content/ThirdPerson/Blueprints/BP_ThirdPersonGameMode.uexp" 1954
"E:/unreal projects/MyProject/Content/ThirdPerson/Lvl_ThirdPerson.uexp" 1955
"E:/unreal projects/MyProject/Content/ThirdPerson/Lvl_ThirdPerson.umap" 1956
"../../../Engine/Content/MapTemplates/SM_Template_Map_Floor.ubulk" 1957
"../../../Engine/Content/MapTemplates/SM_Template_Map_Floor.uasset" 1958
"../../../Engine/Content/MapTemplates/SM_Template_Map_Floor.uexp" 1959
"../../../Engine/Content/EngineSky/T_Sky_Stars.ubulk" 1960
"../../../Engine/Content/EngineSky/T_Sky_Stars.uasset" 1961
"../../../Engine/Content/EngineSky/T_Sky_Stars.uexp" 1962
"../../../Engine/Content/EngineSky/T_Sky_Clouds_M.ubulk" 1963
"../../../Engine/Content/EngineSky/T_Sky_Clouds_M.uasset" 1964
"../../../Engine/Content/EngineSky/T_Sky_Clouds_M.uexp" 1965
"../../../Engine/Content/EngineSky/T_Sky_Blue.ubulk" 1966
"../../../Engine/Content/EngineSky/T_Sky_Blue.uasset" 1967
"../../../Engine/Content/EngineSky/T_Sky_Blue.uexp" 1968
"../../../Engine/Content/EngineSky/M_Sky_Panning_Clouds2.uasset" 1969
"../../../Engine/Content/EngineSky/M_Sky_Panning_Clouds2.uexp" 1970
"../../../Engine/Content/EngineSky/SM_SkySphere.ubulk" 1971
"../../../Engine/Content/EngineSky/SM_SkySphere.uasset" 1972
"../../../Engine/Content/EngineSky/SM_SkySphere.uexp" 1973
"../../../Engine/Content/EngineSky/M_SimpleSkyDome.uasset" 1974
"../../../Engine/Content/EngineSky/M_SimpleSkyDome.uexp" 1975
"../../../Engine/Content/Functions/Engine_MaterialFunctions03/Blends/Blend_Overlay.uasset" 1976
"../../../Engine/Content/Functions/Engine_MaterialFunctions03/Blends/Blend_Overlay.uexp" 1977
"../../../Engine/Content/Functions/Engine_MaterialFunctions01/Gradient/LinearGradient.uasset" 1978
"../../../Engine/Content/Functions/Engine_MaterialFunctions01/Gradient/LinearGradient.uexp" 1979
"../../../Engine/Content/Functions/Engine_MaterialFunctions01/ImageAdjustment/CheapContrast.uasset" 1980
"../../../Engine/Content/Functions/Engine_MaterialFunctions01/ImageAdjustment/CheapContrast.uexp" 1981
"../../../Engine/Content/OpenWorldTemplate/LandscapeMaterial/T_GridChecker_A.ubulk" 1982
"../../../Engine/Content/OpenWorldTemplate/LandscapeMaterial/T_GridChecker_A.uasset" 1983
"../../../Engine/Content/OpenWorldTemplate/LandscapeMaterial/T_GridChecker_A.uexp" 1984
"../../../Engine/Content/OpenWorldTemplate/LandscapeMaterial/MF_ProcGrid.uasset" 1985
"../../../Engine/Content/OpenWorldTemplate/LandscapeMaterial/MF_ProcGrid.uexp" 1986
"../../../Engine/Content/OpenWorldTemplate/LandscapeMaterial/M_ProcGrid.uasset" 1987
"../../../Engine/Content/OpenWorldTemplate/LandscapeMaterial/M_ProcGrid.uexp" 1988
"../../../Engine/Content/OpenWorldTemplate/LandscapeMaterial/MI_ProcGrid.uasset" 1989
"../../../Engine/Content/OpenWorldTemplate/LandscapeMaterial/MI_ProcGrid.uexp" 1990
"../../../Engine/Content/EngineSky/VolumetricClouds/VT_PerlinWorley_Balanced.uasset" 1991
"../../../Engine/Content/EngineSky/VolumetricClouds/VT_PerlinWorley_Balanced.uexp" 1992
"../../../Engine/Content/EngineSky/VolumetricClouds/T_Profile_08.ubulk" 1993
"../../../Engine/Content/EngineSky/VolumetricClouds/T_Profile_08.uasset" 1994
"../../../Engine/Content/EngineSky/VolumetricClouds/T_Profile_08.uexp" 1995
"../../../Engine/Content/EngineSky/VolumetricClouds/T_CloudPattern.ubulk" 1996
"../../../Engine/Content/EngineSky/VolumetricClouds/T_CloudPattern.uasset" 1997
"../../../Engine/Content/EngineSky/VolumetricClouds/T_CloudPattern.uexp" 1998
"../../../Engine/Content/EngineSky/VolumetricClouds/T_CloudMask.ubulk" 1999
"../../../Engine/Content/EngineSky/VolumetricClouds/T_CloudMask.uasset" 2000
"../../../Engine/Content/EngineSky/VolumetricClouds/T_CloudMask.uexp" 2001
"../../../Engine/Content/Functions/Engine_MaterialFunctions02/Utility/BreakOutFloat4Components.uasset" 2002
"../../../Engine/Content/Functions/Engine_MaterialFunctions02/Utility/BreakOutFloat4Components.uexp" 2003
"../../../Engine/Content/Functions/Engine_MaterialFunctions02/Utility/MakeFloat4.uasset" 2004
"../../../Engine/Content/Functions/Engine_MaterialFunctions02/Utility/MakeFloat4.uexp" 2005
"../../../Engine/Content/EngineResources/DefaultVolumeTexture2D.uasset" 2006
"../../../Engine/Content/EngineResources/DefaultVolumeTexture2D.uexp" 2007
"../../../Engine/Content/EngineResources/DefaultVolumeTexture.uasset" 2008
"../../../Engine/Content/EngineResources/DefaultVolumeTexture.uexp" 2009
"../../../Engine/Content/EngineSky/VolumetricClouds/VT_Lightning.uasset" 2010
"../../../Engine/Content/EngineSky/VolumetricClouds/VT_Lightning.uexp" 2011
"../../../Engine/Content/Functions/Engine_MaterialFunctions01/Units/Km-to-Cm.uasset" 2012
"../../../Engine/Content/Functions/Engine_MaterialFunctions01/Units/Km-to-Cm.uexp" 2013
"../../../Engine/Content/EngineSky/VolumetricClouds/m_SimpleVolumetricCloud.uasset" 2014
"../../../Engine/Content/EngineSky/VolumetricClouds/m_SimpleVolumetricCloud.uexp" 2015
"../../../Engine/Content/EngineSky/VolumetricClouds/m_SimpleVolumetricCloud_Inst.uasset" 2016
"../../../Engine/Content/EngineSky/VolumetricClouds/m_SimpleVolumetricCloud_Inst.uexp" 2017
"E:/unreal projects/MyProject/Content/Fab/SculptJanuary2021_-_Day_27_-_Dead_Eyes/sculptjanuary2021_day_27_dead_eyes/Materials/wood.uasset" 2018
"E:/unreal projects/MyProject/Content/Fab/SculptJanuary2021_-_Day_27_-_Dead_Eyes/sculptjanuary2021_day_27_dead_eyes/Materials/wood.uexp" 2019
"E:/unreal projects/MyProject/Content/Fab/SculptJanuary2021_-_Day_27_-_Dead_Eyes/sculptjanuary2021_day_27_dead_eyes/Materials/flesh.uasset" 2020
"E:/unreal projects/MyProject/Content/Fab/SculptJanuary2021_-_Day_27_-_Dead_Eyes/sculptjanuary2021_day_27_dead_eyes/Materials/flesh.uexp" 2021
"E:/unreal projects/MyProject/Content/Fab/SculptJanuary2021_-_Day_27_-_Dead_Eyes/sculptjanuary2021_day_27_dead_eyes/Materials/dead_eyes.uasset" 2022
"E:/unreal projects/MyProject/Content/Fab/SculptJanuary2021_-_Day_27_-_Dead_Eyes/sculptjanuary2021_day_27_dead_eyes/Materials/dead_eyes.uexp" 2023
"E:/unreal projects/MyProject/Content/Fab/SculptJanuary2021_-_Day_27_-_Dead_Eyes/sculptjanuary2021_day_27_dead_eyes/StaticMeshes/sculptjanuary2021_day_27_dead_eyes.ubulk" 2024
"E:/unreal projects/MyProject/Content/Fab/SculptJanuary2021_-_Day_27_-_Dead_Eyes/sculptjanuary2021_day_27_dead_eyes/StaticMeshes/sculptjanuary2021_day_27_dead_eyes.uasset" 2025
"E:/unreal projects/MyProject/Content/Fab/SculptJanuary2021_-_Day_27_-_Dead_Eyes/sculptjanuary2021_day_27_dead_eyes/StaticMeshes/sculptjanuary2021_day_27_dead_eyes.uexp" 2026
"E:/unreal projects/MyProject/Content/MainMenu/MainMenu.uasset" 2027
"E:/unreal projects/MyProject/Content/MainMenu/MainMenu.uexp" 2028
"E:/unreal projects/MyProject/Content/MainMenu/BW_MENU.uasset" 2029
"E:/unreal projects/MyProject/Content/MainMenu/BW_MENU.uexp" 2030
"E:/unreal projects/MyProject/Content/ThirdPerson/Lvl_Menu.uexp" 2031
"E:/unreal projects/MyProject/Content/ThirdPerson/Lvl_Menu.umap" 2032
"../../../Engine/Content/Maps/Entry_BuiltData.uasset" 2033
"../../../Engine/Content/Maps/Entry_BuiltData.uexp" 2034
"../../../Engine/Content/Maps/Entry.uexp" 2035
"../../../Engine/Content/Maps/Entry.umap" 2036
