"E:/unreal projects/MyProject/MyProject.uproject" 1
"../../../Engine/Plugins/AudioGameplay/AudioGameplay.uplugin" 2
"../../../Engine/Plugins/AudioInsights/AudioInsights.uplugin" 3
"../../../Engine/Plugins/AudioGameplayVolume/AudioGameplayVolume.uplugin" 4
"../../../Engine/Plugins/BlueprintFileUtils/BlueprintFileUtils.uplugin" 5
"../../../Engine/Plugins/ChaosCloth/ChaosCloth.uplugin" 6
"../../../Engine/Plugins/Bridge/Bridge.uplugin" 7
"../../../Engine/Plugins/ChaosClothAssetEditor/ChaosClothAssetEditor.uplugin" 8
"../../../Engine/Plugins/ChaosClothAsset/ChaosClothAsset.uplugin" 9
"../../../Engine/Plugins/ChaosVD/ChaosVD.uplugin" 10
"../../../Engine/Plugins/DiscoveryBeaconReceiver/DiscoveryBeaconReceiver.uplugin" 11
"../../../Engine/Plugins/CmdLinkServer/CmdLinkServer.uplugin" 12
"../../../Engine/Plugins/IoStoreInsights/IoStoreInsights.uplugin" 13
"../../../Engine/Plugins/EnhancedInput/EnhancedInput.uplugin" 14
"../../../Engine/Plugins/FastBuildController/FastBuildController.uplugin" 15
"../../../Engine/Plugins/JsonBlueprintUtilities/JsonBlueprintUtilities.uplugin" 16
"../../../Engine/Plugins/LightWeightInstancesEditor/LightWeightInstancesEditor.uplugin" 17
"../../../Engine/Plugins/MassInsights/MassInsights.uplugin" 18
"../../../Engine/Plugins/ChaosInsights/ChaosInsights.uplugin" 19
"../../../Engine/Plugins/MemoryUsageQueries/MemoryUsageQueries.uplugin" 20
"../../../Engine/Plugins/ScriptPlugin/ScriptPlugin.uplugin" 21
"../../../Engine/Plugins/Mutable/Mutable.uplugin" 22
"../../../Engine/Plugins/RenderGraphInsights/RenderGraphInsights.uplugin" 23
"../../../Engine/Plugins/MeshPainting/MeshPainting.uplugin" 24
"../../../Engine/Plugins/TextureGraph/TextureGraph.uplugin" 25
"../../../Engine/Plugins/Chooser/Chooser.uplugin" 26
"../../../Engine/Plugins/PCG/PCG.uplugin" 27
"../../../Engine/Plugins/UbaController/UbaController.uplugin" 28
"../../../Engine/Plugins/WorldMetrics/WorldMetrics.uplugin" 29
"../../../Engine/Plugins/Editor/AssetManagerEditor/AssetManagerEditor.uplugin" 30
"../../../Engine/Plugins/XGEController/XGEController.uplugin" 31
"../../../Engine/Plugins/Editor/AssetReferenceRestrictions/AssetReferenceRestrictions.uplugin" 32
"../../../Engine/Plugins/Editor/AssetRegistryExport/AssetRegistryExport.uplugin" 33
"../../../Engine/Plugins/Editor/AssetSearch/AssetSearch.uplugin" 34
"../../../Engine/Plugins/Editor/BlueprintHeaderView/BlueprintHeaderView.uplugin" 35
"../../../Engine/Plugins/Editor/ChangelistReview/ChangelistReview.uplugin" 36
"../../../Engine/Plugins/Editor/BlueprintMaterialTextureNodes/BlueprintMaterialTextureNodes.uplugin" 37
"../../../Engine/Plugins/Editor/ConsoleVariablesEditor/ConsoleVariables.uplugin" 38
"../../../Engine/Plugins/Editor/ColorGrading/ColorGrading.uplugin" 39
"../../../Engine/Plugins/Fab/Fab.uplugin" 40
"../../../Engine/Plugins/Editor/DataValidation/DataValidation.uplugin" 41
"../../../Engine/Plugins/Editor/CurveEditorTools/CurveEditorTools.uplugin" 42
"../../../Engine/Plugins/Editor/EngineAssetDefinitions/EngineAssetDefinitions.uplugin" 43
"../../../Engine/Plugins/Editor/DisplayClusterLaunch/DisplayClusterLaunch.uplugin" 44
"../../../Engine/Plugins/Editor/GameplayTagsEditor/GameplayTagsEditor.uplugin" 45
"../../../Engine/Plugins/Editor/EditorSysConfigAssistant/EditorSysConfigAssistant.uplugin" 46
"../../../Engine/Plugins/Editor/EditorDebugTools/EditorDebugTools.uplugin" 47
"../../../Engine/Plugins/Editor/FacialAnimation/FacialAnimation.uplugin" 48
"../../../Engine/Plugins/TraceUtilities/TraceUtilities.uplugin" 49
"../../../Engine/Plugins/Editor/LiveUpdateForSlate/LiveUpdateForSlate.uplugin" 50
"../../../Engine/Plugins/Editor/CryptoKeys/CryptoKeys.uplugin" 51
"../../../Engine/Plugins/Editor/EditorScriptingUtilities/EditorScriptingUtilities.uplugin" 52
"../../../Engine/Plugins/Editor/MacGraphicsSwitching/MacGraphicsSwitching.uplugin" 53
"../../../Engine/Plugins/Editor/MeshLODToolset/MeshLODToolset.uplugin" 54
"../../../Engine/Plugins/Editor/GeometryMode/GeometryMode.uplugin" 55
"../../../Engine/Plugins/Editor/MobileLauncherProfileWizard/MobileLauncherProfileWizard.uplugin" 56
"../../../Engine/Plugins/Editor/PluginBrowser/PluginBrowser.uplugin" 57
"../../../Engine/Plugins/Editor/MaterialAnalyzer/MaterialAnalyzer.uplugin" 58
"../../../Engine/Plugins/Editor/MakeCookedEditorAsDLC/MakeCookedEditorAsDLC.uplugin" 59
"../../../Engine/Plugins/Editor/SampleToolsEditorMode/SampleToolsEditorMode.uplugin" 60
"../../../Engine/Plugins/Editor/ModelingToolsEditorMode/ModelingToolsEditorMode.uplugin" 61
"../../../Engine/Plugins/Enterprise/DataprepEditor/DataprepEditor.uplugin" 62
"../../../Engine/Plugins/Editor/SequencerAnimTools/SequencerAnimTools.uplugin" 63
"../../../Engine/Plugins/Editor/ScriptableToolsEditorMode/ScriptableToolsEditorMode.uplugin" 64
"../../../Engine/Plugins/Enterprise/AxFImporter/AxFImporter.uplugin" 65
"../../../Engine/Plugins/Editor/ProxyLODPlugin/ProxyLODPlugin.uplugin" 66
"../../../Engine/Plugins/Editor/ModelViewViewModelPreview/ModelViewViewModelPreview.uplugin" 67
"../../../Engine/Plugins/Editor/SpeedTreeImporter/SpeedTreeImporter.uplugin" 68
"../../../Engine/Plugins/Enterprise/DatasmithCADImporter/DatasmithCADImporter.uplugin" 69
"../../../Engine/Plugins/Editor/StylusInput/StylusInput.uplugin" 70
"../../../Engine/Plugins/Editor/StaticMeshEditorModeling/StaticMeshEditorModeling.uplugin" 71
"../../../Engine/Plugins/Enterprise/DatasmithC4DImporter/DatasmithC4DImporter.uplugin" 72
"../../../Engine/Plugins/Editor/WaveformEditor/WaveformEditor.uplugin" 73
"../../../Engine/Plugins/Editor/UVEditor/UVEditor.uplugin" 74
"../../../Engine/Plugins/Importers/AlembicImporter/AlembicImporter.uplugin" 75
"../../../Engine/Plugins/Editor/GuidedTutorials/GuidedTutorials.uplugin" 76
"../../../Engine/Plugins/Editor/UMGWidgetPreview/UMGWidgetPreview.uplugin" 77
"../../../Engine/Plugins/Importers/USDImporterMDL/USDImporterMDL.uplugin" 78
"../../../Engine/Plugins/Importers/USDImporter/USDImporter.uplugin" 79
"../../../Engine/Plugins/Enterprise/DatasmithFBXImporter/DatasmithFBXImporter.uplugin" 80
"../../../Engine/Plugins/Messaging/TcpMessaging/TcpMessaging.uplugin" 81
"../../../Engine/Plugins/Enterprise/GLTFExporter/GLTFExporter.uplugin" 82
"../../../Engine/Plugins/Enterprise/DatasmithContent/DatasmithContent.uplugin" 83
"../../../Engine/Plugins/Enterprise/DatasmithImporter/DatasmithImporter.uplugin" 84
"../../../Engine/Plugins/Enterprise/LidarPointCloud/LidarPointCloud.uplugin" 85
"../../../Engine/Plugins/Importers/USDMultiUser/USDMultiUser.uplugin" 86
"../../../Engine/Plugins/Enterprise/VariantManager/VariantManager.uplugin" 87
"../../../Engine/Plugins/Editor/WorldPartitionHLODUtilities/WorldPartitionHLODUtilities.uplugin" 88
"../../../Engine/Plugins/Enterprise/MDLImporter/MDLImporter.uplugin" 89
"../../../Engine/Plugins/Messaging/MessagingDebugger/MessagingDebugger.uplugin" 90
"../../../Engine/Plugins/PCGInterops/PCGExternalDataInterop/PCGExternalDataInterop.uplugin" 91
"../../../Engine/Plugins/Enterprise/VariantManagerContent/VariantManagerContent.uplugin" 92
"../../../Engine/Plugins/Messaging/UdpMessaging/UdpMessaging.uplugin" 93
"../../../Engine/Plugins/PCGInterops/PCGGeometryScriptInterop/PCGGeometryScriptInterop.uplugin" 94
"../../../Engine/Plugins/Runtime/ADM/ADM.uplugin" 95
"../../../Engine/Plugins/Runtime/AndroidFileServer/AndroidFileServer.uplugin" 96
"../../../Engine/Plugins/Runtime/ActorLayerUtilities/ActorLayerUtilities.uplugin" 97
"../../../Engine/Plugins/Runtime/AndroidBackgroundService/AndroidBackgroundService.uplugin" 98
"../../../Engine/Plugins/Runtime/AndroidPermission/AndroidPermission.uplugin" 99
"../../../Engine/Plugins/Runtime/ApexDestruction/ApexDestruction.uplugin" 100
"../../../Engine/Plugins/Runtime/AppleImageUtils/AppleImageUtils.uplugin" 101
"../../../Engine/Plugins/Runtime/ArchVisCharacter/ArchVisCharacter.uplugin" 102
"../../../Engine/Plugins/Runtime/AppleMoviePlayer/AppleMoviePlayer.uplugin" 103
"../../../Engine/Plugins/Runtime/AndroidDeviceProfileSelector/AndroidDeviceProfileSelector.uplugin" 104
"../../../Engine/Plugins/Runtime/AssetTags/AssetTags.uplugin" 105
"../../../Engine/Plugins/Runtime/AnimationBudgetAllocator/AnimationBudgetAllocator.uplugin" 106
"../../../Engine/Plugins/Runtime/AudioModulation/AudioModulation.uplugin" 107
"../../../Engine/Plugins/Runtime/AudioWidgets/AudioWidgets.uplugin" 108
"../../../Engine/Plugins/Runtime/ComputeFramework/ComputeFramework.uplugin" 109
"../../../Engine/Plugins/Importers/AlembicHairImporter/AlembicHairImporter.uplugin" 110
"../../../Engine/Plugins/Runtime/AndroidMoviePlayer/AndroidMoviePlayer.uplugin" 111
"../../../Engine/Plugins/Runtime/AudioCapture/AudioCapture.uplugin" 112
"../../../Engine/Plugins/Runtime/CommonUI/CommonUI.uplugin" 113
"../../../Engine/Plugins/Runtime/DataRegistry/DataRegistry.uplugin" 114
"../../../Engine/Plugins/Runtime/ChunkDownloader/ChunkDownloader.uplugin" 115
"../../../Engine/Plugins/Runtime/AudioSynesthesia/AudioSynesthesia.uplugin" 116
"../../../Engine/Plugins/Runtime/GameFeatures/GameFeatures.uplugin" 117
"../../../Engine/Plugins/Runtime/AudioMotorSim/AudioMotorSim.uplugin" 118
"../../../Engine/Plugins/Runtime/CableComponent/CableComponent.uplugin" 119
"../../../Engine/Plugins/Runtime/GameplayAbilities/GameplayAbilities.uplugin" 120
"../../../Engine/Plugins/Runtime/CustomMeshComponent/CustomMeshComponent.uplugin" 121
"../../../Engine/Plugins/Runtime/Firebase/Firebase.uplugin" 122
"../../../Engine/Plugins/Runtime/GameplayInteractions/GameplayInteractions.uplugin" 123
"../../../Engine/Plugins/Runtime/GameplayStateTree/GameplayStateTree.uplugin" 124
"../../../Engine/Plugins/Runtime/GeometryProcessing/GeometryProcessing.uplugin" 125
"../../../Engine/Plugins/Runtime/GeometryScripting/GeometryScripting.uplugin" 126
"../../../Engine/Plugins/Runtime/GeometryCache/GeometryCache.uplugin" 127
"../../../Engine/Plugins/Runtime/GooglePAD/GooglePAD.uplugin" 128
"../../../Engine/Plugins/Runtime/GeoReferencing/GeoReferencing.uplugin" 129
"../../../Engine/Plugins/Runtime/HairStrands/HairStrands.uplugin" 130
"../../../Engine/Plugins/Runtime/ExampleDeviceProfileSelector/ExampleDeviceProfileSelector.uplugin" 131
"../../../Engine/Plugins/Runtime/GoogleCloudMessaging/GoogleCloudMessaging.uplugin" 132
"../../../Engine/Plugins/Runtime/Harmonix/Harmonix.uplugin" 133
"../../../Engine/Plugins/Runtime/InputDebugging/InputDebugging.uplugin" 134
"../../../Engine/Plugins/Runtime/HPMotionController/HPMotionController.uplugin" 135
"../../../Engine/Plugins/Runtime/HTTPChunkInstaller/HTTPChunkInstaller.uplugin" 136
"../../../Engine/Plugins/Runtime/IOSDeviceProfileSelector/IOSDeviceProfileSelector.uplugin" 137
"../../../Engine/Plugins/Runtime/InstancedActors/InstancedActors.uplugin" 138
"../../../Engine/Plugins/Runtime/LevelStreamingPersistence/LevelStreamingPersistence.uplugin" 139
"../../../Engine/Plugins/Runtime/LinuxDeviceProfileSelector/LinuxDeviceProfileSelector.uplugin" 140
"../../../Engine/Plugins/Runtime/LocationServicesAndroidImpl/LocationServicesAndroidImpl.uplugin" 141
"../../../Engine/Plugins/Runtime/IOSReplayKit/IOSReplayKit.uplugin" 142
"../../../Engine/Plugins/Runtime/LiveLinkOvernDisplay/LiveLinkOverNDisplay.uplugin" 143
"../../../Engine/Plugins/Runtime/LocationServicesBPLibrary/LocationServicesBPLibrary.uplugin" 144
"../../../Engine/Plugins/Runtime/LocationServicesIOSImpl/LocationServicesIOSImpl.uplugin" 145
"../../../Engine/Plugins/Runtime/GameInput/GameInput.uplugin" 146
"../../../Engine/Plugins/Runtime/MassGameplay/MassGameplay.uplugin" 147
"../../../Engine/Plugins/Runtime/Metasound/Metasound.uplugin" 148
"../../../Engine/Plugins/Runtime/MixedRealityCaptureFramework/MixedRealityCaptureFramework.uplugin" 149
"../../../Engine/Plugins/Runtime/MeshModelingToolset/MeshModelingToolset.uplugin" 150
"../../../Engine/Plugins/Runtime/MicrosoftSpatialAudio/MicroSoftSpatialSound.uplugin" 151
"../../../Engine/Plugins/Runtime/MobileFSR/MobileFSR.uplugin" 152
"../../../Engine/Plugins/Runtime/MIDIDevice/MIDIDevice.uplugin" 153
"../../../Engine/Plugins/Runtime/GameplayBehaviorSmartObjects/GameplayBehaviorSmartObjects.uplugin" 154
"../../../Engine/Plugins/Runtime/MassEntity/MassEntity.uplugin" 155
"../../../Engine/Plugins/Runtime/ModularGameplay/ModularGameplay.uplugin" 156
"../../../Engine/Plugins/Runtime/MsQuic/MsQuic.uplugin" 157
"../../../Engine/Plugins/Runtime/ModelViewViewModel/ModelViewViewModel.uplugin" 158
"../../../Engine/Plugins/Runtime/MultiServerReplication/MultiServerReplication.uplugin" 159
"../../../Engine/Plugins/Runtime/MobilePatchingUtils/MobilePatchingUtils.uplugin" 160
"../../../Engine/Plugins/Runtime/MusicEnvironment/MusicEnvironment.uplugin" 161
"../../../Engine/Plugins/Runtime/NetworkPredictionExtras/NetworkPredictionExtras.uplugin" 162
"../../../Engine/Plugins/Runtime/NetworkPrediction/NetworkPrediction.uplugin" 163
"../../../Engine/Plugins/Runtime/nDisplayModularFeatures/nDisplayModularFeatures.uplugin" 164
"../../../Engine/Plugins/Runtime/NavCorridor/NavCorridor.uplugin" 165
"../../../Engine/Plugins/Runtime/HDRIBackdrop/HDRIBackdrop.uplugin" 166
"../../../Engine/Plugins/Runtime/nDisplay/nDisplay.uplugin" 167
"../../../Engine/Plugins/Runtime/OpenXRMsftHandInteraction/OpenXRMsftHandInteraction.uplugin" 168
"../../../Engine/Plugins/Runtime/OpenXRHandTracking/OpenXRHandTracking.uplugin" 169
"../../../Engine/Plugins/Runtime/NetworkPredictionInsights/NetworkPredictionInsights.uplugin" 170
"../../../Engine/Plugins/Runtime/OpenCV/OpenCV.uplugin" 171
"../../../Engine/Plugins/Runtime/OSC/OSC.uplugin" 172
"../../../Engine/Plugins/Runtime/ProceduralMeshComponent/ProceduralMeshComponent.uplugin" 173
"../../../Engine/Plugins/Runtime/OpenXREyeTracker/OpenXREyeTracker.uplugin" 174
"../../../Engine/Plugins/Runtime/OptionalMobileFeaturesBPLibrary/OptionalMobileFeaturesBPLibrary.uplugin" 175
"../../../Engine/Plugins/Runtime/PreLoadScreenMoviePlayer/PreLoadScreenMoviePlayer.uplugin" 176
"../../../Engine/Plugins/Runtime/RenderTrace/RenderTrace.uplugin" 177
"../../../Engine/Plugins/Runtime/PropertyBindingUtils/PropertyBindingUtils.uplugin" 178
"../../../Engine/Plugins/Runtime/ReplicationGraph/ReplicationGraph.uplugin" 179
"../../../Engine/Plugins/Runtime/PropertyAccess/PropertyAccessEditor.uplugin" 180
"../../../Engine/Plugins/Runtime/ResonanceAudio/ResonanceAudio.uplugin" 181
"../../../Engine/Plugins/Runtime/ReplicationSystemTestPlugin/ReplicationSystemTestPlugin.uplugin" 182
"../../../Engine/Plugins/Runtime/SkeletalMerging/SkeletalMerging.uplugin" 183
"../../../Engine/Plugins/Runtime/Soundscape/Soundscape.uplugin" 184
"../../../Engine/Plugins/Runtime/OpenXRViveTracker/OpenXRViveTracker.uplugin" 185
"../../../Engine/Plugins/Runtime/RigVM/RigVM.uplugin" 186
"../../../Engine/Plugins/Runtime/SoundFields/SoundFields.uplugin" 187
"../../../Engine/Plugins/Runtime/SmartObjects/SmartObjects.uplugin" 188
"../../../Engine/Plugins/Runtime/SoundCueTemplates/SoundCueTemplates.uplugin" 189
"../../../Engine/Plugins/Runtime/ScriptableToolsFramework/ScriptableToolsFramework.uplugin" 190
"../../../Engine/Plugins/Runtime/Spatialization/Spatialization.uplugin" 191
"../../../Engine/Plugins/Runtime/SoundMod/SoundMod.uplugin" 192
"../../../Engine/Plugins/Runtime/SoundUtilities/SoundUtilities.uplugin" 193
"../../../Engine/Plugins/Runtime/Synthesis/Synthesis.uplugin" 194
"../../../Engine/Plugins/Runtime/SunPosition/SunPosition.uplugin" 195
"../../../Engine/Plugins/Runtime/USDCore/USDCore.uplugin" 196
"../../../Engine/Plugins/VirtualProduction/ActorModifier/ActorModifier.uplugin" 197
"../../../Engine/Plugins/Runtime/StateTree/StateTree.uplugin" 198
"../../../Engine/Plugins/VirtualProduction/ActorModifierCore/ActorModifierCore.uplugin" 199
"../../../Engine/Plugins/Runtime/SignificanceManager/SignificanceManager.uplugin" 200
"../../../Engine/Plugins/VirtualProduction/CameraCalibration/CameraCalibration.uplugin" 201
"../../../Engine/Plugins/Runtime/OpenXR/OpenXR.uplugin" 202
"../../../Engine/Plugins/Runtime/WaveTable/WaveTable.uplugin" 203
"../../../Engine/Plugins/Runtime/WebMMoviePlayer/WebMMoviePlayer.uplugin" 204
"../../../Engine/Plugins/Runtime/WebBrowserWidget/WebBrowserWidget.uplugin" 205
"../../../Engine/Plugins/VirtualProduction/Avalanche/Avalanche.uplugin" 206
"../../../Engine/Plugins/Runtime/XRBase/XRBase.uplugin" 207
"../../../Engine/Plugins/VirtualProduction/CameraCalibrationCore/CameraCalibrationCore.uplugin" 208
"../../../Engine/Plugins/Runtime/WarpUtils/WarpUtils.uplugin" 209
"../../../Engine/Plugins/Runtime/WindowsDeviceProfileSelector/WindowsDeviceProfileSelector.uplugin" 210
"../../../Engine/Plugins/Runtime/WindowsMoviePlayer/WindowsMoviePlayer.uplugin" 211
"../../../Engine/Plugins/Runtime/WorldConditions/WorldConditions.uplugin" 212
"../../../Engine/Plugins/Runtime/WebBrowserNativeProxy/WebBrowserNativeProxy.uplugin" 213
"../../../Engine/Plugins/VirtualProduction/CameraCalibrationML/CameraCalibrationML.uplugin" 214
"../../../Engine/Plugins/VirtualProduction/CaptureData/CaptureData.uplugin" 215
"../../../Engine/Plugins/Runtime/ZoneGraphAnnotations/ZoneGraphAnnotations.uplugin" 216
"../../../Engine/Plugins/VirtualProduction/CinematicAssemblyTools/CinematicAssemblyTools.uplugin" 217
"../../../Engine/Plugins/VirtualProduction/CompositePlane/CompositePlane.uplugin" 218
"../../../Engine/Plugins/VirtualProduction/EpicStageApp/EpicStageApp.uplugin" 219
"../../../Engine/Plugins/VirtualProduction/CustomDetailsView/CustomDetailsView.uplugin" 220
"../../../Engine/Plugins/VirtualProduction/DataCharts/DataCharts.uplugin" 221
"../../../Engine/Plugins/VirtualProduction/ClonerEffector/ClonerEffector.uplugin" 222
"../../../Engine/Plugins/VirtualProduction/DynamicMaterial/DynamicMaterial.uplugin" 223
"../../../Engine/Plugins/Runtime/ZoneGraph/ZoneGraph.uplugin" 224
"../../../Engine/Plugins/VirtualProduction/ICVFX/ICVFX.uplugin" 225
"../../../Engine/Plugins/VirtualProduction/GeometryMask/GeometryMask.uplugin" 226
"../../../Engine/Plugins/VirtualProduction/LensComponent/LensComponent.uplugin" 227
"../../../Engine/Plugins/VirtualProduction/LevelSnapshots/LevelSnapshots.uplugin" 228
"../../../Engine/Plugins/VirtualProduction/ICVFXTesting/ICVFXTesting.uplugin" 229
"../../../Engine/Plugins/VirtualProduction/LiveLinkFreeD/LiveLinkFreeD.uplugin" 230
"../../../Engine/Plugins/VirtualProduction/LiveLinkLens/LiveLinkLens.uplugin" 231
"../../../Engine/Plugins/VirtualProduction/LiveLinkInputDevice/LiveLinkInputDevice.uplugin" 232
"../../../Engine/Plugins/VirtualProduction/LiveLinkCamera/LiveLinkCamera.uplugin" 233
"../../../Engine/Plugins/VirtualProduction/LiveLinkOpenTrackIO/LiveLinkOpenTrackIO.uplugin" 234
"../../../Engine/Plugins/VirtualProduction/LiveLinkPrestonMDR/LiveLinkPrestonMDR.uplugin" 235
"../../../Engine/Plugins/VirtualProduction/LiveLinkMasterLockit/LiveLinkMasterLockit.uplugin" 236
"../../../Engine/Plugins/VirtualProduction/LiveLinkXR/LiveLinkXR.uplugin" 237
"../../../Engine/Plugins/VirtualProduction/PerformanceCaptureWorkflow/PerformanceCaptureWorkflow.uplugin" 238
"../../../Engine/Plugins/VirtualProduction/PropertyAnimatorCore/PropertyAnimatorCore.uplugin" 239
"../../../Engine/Plugins/VirtualProduction/RemoteControl/RemoteControl.uplugin" 240
"../../../Engine/Plugins/VirtualProduction/RemoteControlProtocolDMX/RemoteControlProtocolDMX.uplugin" 241
"../../../Engine/Plugins/VirtualProduction/OperatorStack/OperatorStack.uplugin" 242
"../../../Engine/Plugins/MovieScene/CustomizableSequencerTracks/CustomizableSequencerTracks.uplugin" 243
"../../../Engine/Plugins/VirtualProduction/PropertyAnimator/PropertyAnimator.uplugin" 244
"../../../Engine/Plugins/VirtualProduction/RemoteControlInterception/RemoteControlInterception.uplugin" 245
"../../../Engine/Plugins/VirtualProduction/LiveLinkVRPN/LiveLinkVRPN.uplugin" 246
"../../../Engine/Plugins/VirtualProduction/RemoteControlWebInterface/RemoteControlWebInterface.uplugin" 247
"../../../Engine/Plugins/VirtualProduction/StageMonitoring/StageMonitoring.uplugin" 248
"../../../Engine/Plugins/VirtualProduction/SequencerPlaylists/SequencerPlaylists.uplugin" 249
"../../../Engine/Plugins/VirtualProduction/RemoteControlProtocolMIDI/RemoteControlProtocolMIDI.uplugin" 250
"../../../Engine/Plugins/MovieScene/ActorSequence/ActorSequence.uplugin" 251
"../../../Engine/Plugins/VirtualProduction/StormSync/StormSync.uplugin" 252
"../../../Engine/Plugins/VirtualProduction/RemoteControlProtocolOSC/RemoteControlProtocolOSC.uplugin" 253
"../../../Engine/Plugins/VirtualProduction/Switchboard/Switchboard.uplugin" 254
"../../../Engine/Plugins/VirtualProduction/TextureShare/TextureShare.uplugin" 255
"../../../Engine/Plugins/MovieScene/LevelSequenceEditor/LevelSequenceEditor.uplugin" 256
"../../../Engine/Plugins/MovieScene/MoviePipelineMaskRenderPass/MoviePipelineMaskRenderPass.uplugin" 257
"../../../Engine/Plugins/VirtualProduction/MultiUserTakes/MultiUserTakes.uplugin" 258
"../../../Engine/Plugins/VirtualProduction/Takes/Takes.uplugin" 259
"../../../Engine/Plugins/VirtualProduction/StormSyncAvalancheBridge/StormSyncAvalancheBridge.uplugin" 260
"../../../Engine/Plugins/MovieScene/MovieRenderPipeline/MovieRenderPipeline.uplugin" 261
"../../../Engine/Plugins/NNE/NNEDenoiser/NNEDenoiser.uplugin" 262
"../../../Engine/Plugins/VirtualProduction/TimedDataMonitor/TimedDataMonitor.uplugin" 263
"../../../Engine/Plugins/VirtualProduction/VirtualCameraCore/VirtualCameraCore.uplugin" 264
"../../../Engine/Plugins/Performance/PerformanceMonitor/PerformanceMonitor.uplugin" 265
"../../../Engine/Plugins/NNE/NNERuntimeORT/NNERuntimeORT.uplugin" 266
"../../../Engine/Plugins/VirtualProduction/VirtualScouting/VirtualScouting.uplugin" 267
"../../../Engine/Plugins/VirtualProduction/VirtualCamera/VirtualCamera.uplugin" 268
"../../../Engine/Plugins/Performance/AutomatedPerfTesting/AutomatedPerfTesting.uplugin" 269
"../../../Engine/Plugins/MovieScene/MovieSceneTextTrack/MovieSceneTextTrack.uplugin" 270
"../../../Engine/Plugins/MovieScene/ReplayTracks/ReplayTracks.uplugin" 271
"../../../Engine/Plugins/MovieScene/TemplateSequence/TemplateSequence.uplugin" 272
"../../../Engine/Plugins/MovieScene/SequencerScripting/SequencerScripting.uplugin" 273
"../../../Engine/Plugins/Online/EOSOverlayInputProvider/EOSOverlayInputProvider.uplugin" 274
"../../../Engine/Plugins/Online/OnlineFramework/OnlineFramework.uplugin" 275
"../../../Engine/Plugins/Online/OnlineServices/OnlineServices.uplugin" 276
"../../../Engine/Plugins/Online/EOSShared/EOSShared.uplugin" 277
"../../../Engine/Plugins/Online/OnlineBase/OnlineBase.uplugin" 278
"../../../Engine/Plugins/Online/OnlineServicesEOS/OnlineServicesEOS.uplugin" 279
"../../../Engine/Plugins/Online/OnlineServicesOSSAdapter/OnlineServicesOSSAdapter.uplugin" 280
"../../../Engine/Plugins/Online/OnlineServicesEOSGS/OnlineServicesEOSGS.uplugin" 281
"../../../Engine/Plugins/Online/OnlineSubsystemAmazon/OnlineSubsystemAmazon.uplugin" 282
"../../../Engine/Plugins/Online/OnlineSubsystemApple/OnlineSubsystemApple.uplugin" 283
"../../../Engine/Plugins/Online/OnlineSubsystem/OnlineSubsystem.uplugin" 284
"../../../Engine/Plugins/Protocols/MQTT/MQTT.uplugin" 285
"../../../Engine/Plugins/Online/OnlineServicesNull/OnlineServicesNull.uplugin" 286
"../../../Engine/Plugins/Online/OnlineSubsystemEOS/OnlineSubsystemEOS.uplugin" 287
"../../../Engine/Plugins/2D/Paper2D/Paper2D.uplugin" 288
"../../../Engine/Plugins/Slate/SlateInsights/SlateInsights.uplugin" 289
"../../../Engine/Plugins/Slate/SlateScripting/SlateScripting.uplugin" 290
"../../../Engine/Plugins/Portal/LauncherChunkInstaller/LauncherChunkInstaller.uplugin" 291
"../../../Engine/Plugins/Online/OnlineSubsystemFacebook/OnlineSubsystemFacebook.uplugin" 292
"../../../Engine/Plugins/Online/OnlineServicesEpicCommon/OnlineServicesEpicCommon.uplugin" 293
"../../../Engine/Plugins/Animation/ACLPlugin/ACLPlugin.uplugin" 294
"../../../Engine/Plugins/AI/HTNPlanner/HTNPlanner.uplugin" 295
"../../../Engine/Plugins/Online/OnlineSubsystemNull/OnlineSubsystemNull.uplugin" 296
"../../../Engine/Plugins/Online/OnlineSubsystemGoogle/OnlineSubsystemGoogle.uplugin" 297
"../../../Engine/Plugins/Animation/AnimationLocomotionLibrary/AnimationLocomotionLibrary.uplugin" 298
"../../../Engine/Plugins/AI/AISupport/AISupport.uplugin" 299
"../../../Engine/Plugins/AI/EnvironmentQueryEditor/EnvironmentQueryEditor.uplugin" 300
"../../../Engine/Plugins/Online/WebAuth/WebAuth.uplugin" 301
"../../../Engine/Plugins/Online/SocketSubsystemEOS/SocketSubsystemEOS.uplugin" 302
"../../../Engine/Plugins/Online/OnlineSubsystemUtils/OnlineSubsystemUtils.uplugin" 303
"../../../Engine/Plugins/AI/MassCrowd/MassCrowd.uplugin" 304
"../../../Engine/Plugins/AI/MassAI/MassAI.uplugin" 305
"../../../Engine/Plugins/Animation/AnimationModifierLibrary/AnimationModifierLibrary.uplugin" 306
"../../../Engine/Plugins/Online/SocketSubsystemSteamIP/SocketSubsystemSteamIP.uplugin" 307
"../../../Engine/Plugins/Animation/AnimatorKit/AnimatorKit.uplugin" 308
"../../../Engine/Plugins/Online/OnlineSubsystemTencent/OnlineSubsystemTencent.uplugin" 309
"../../../Engine/Plugins/Animation/BlendSpaceMotionAnalysis/BlendSpaceMotionAnalysis.uplugin" 310
"../../../Engine/Plugins/Animation/AnimationData/AnimationData.uplugin" 311
"../../../Engine/Plugins/Animation/AnimationWarping/AnimationWarping.uplugin" 312
"../../../Engine/Plugins/Animation/ControlRigModules/ControlRigModules.uplugin" 313
"../../../Engine/Plugins/Online/OnlineSubsystemSteam/OnlineSubsystemSteam.uplugin" 314
"../../../Engine/Plugins/AI/MLAdapter/MLAdapter.uplugin" 315
"../../../Engine/Plugins/Animation/BlendStack/BlendStack.uplugin" 316
"../../../Engine/Plugins/Animation/DeformerGraph/DeformerGraph.uplugin" 317
"../../../Engine/Plugins/Animation/ControlRig/ControlRig.uplugin" 318
"../../../Engine/Plugins/Animation/ControlRigSpline/ControlRigSpline.uplugin" 319
"../../../Engine/Plugins/Animation/LiveLink/LiveLink.uplugin" 320
"../../../Engine/Plugins/Animation/GameplayInsights/GameplayInsights.uplugin" 321
"../../../Engine/Plugins/Animation/DNACalib/DNACalib.uplugin" 322
"../../../Engine/Plugins/Animation/IKRig/IKRig.uplugin" 323
"../../../Engine/Plugins/Animation/GeneSplicer/GeneSplicer.uplugin" 324
"../../../Engine/Plugins/Cameras/CameraShakePreviewer/CameraShakePreviewer.uplugin" 325
"../../../Engine/Plugins/Animation/LiveLinkCurveDebugUI/LiveLinkCurveDebugUI.uplugin" 326
"../../../Engine/Plugins/Compositing/OpenColorIO/OpenColorIO.uplugin" 327
"../../../Engine/Plugins/Compression/OodleNetwork/OodleNetwork.uplugin" 328
"../../../Engine/Plugins/Compositing/Composure/Composure.uplugin" 329
"../../../Engine/Plugins/Compositing/OpenCVLensDistortion/OpenCVLensDistortion.uplugin" 330
"../../../Engine/Plugins/Compositing/LensDistortion/LensDistortion.uplugin" 331
"../../../Engine/Plugins/Cameras/EngineCameras/EngineCameras.uplugin" 332
"../../../Engine/Plugins/Animation/LiveLinkDevice/LiveLinkDevice.uplugin" 333
"../../../Engine/Plugins/Developer/BlankPlugin/BlankPlugin.uplugin" 334
"../../../Engine/Plugins/Animation/PoseSearch/PoseSearch.uplugin" 335
"../../../Engine/Plugins/Animation/PerformanceCaptureCore/PerformanceCaptureCore.uplugin" 336
"../../../Engine/Plugins/Animation/SkeletalMeshModelingTools/SkeletalMeshModelingTools.uplugin" 337
"../../../Engine/Plugins/Animation/LiveLinkExampleDevice/LiveLinkExampleDevice.uplugin" 338
"../../../Engine/Plugins/Cameras/GameplayCameras/GameplayCameras.uplugin" 339
"../../../Engine/Plugins/Animation/LiveLinkHub/LiveLinkHub.uplugin" 340
"../../../Engine/Plugins/Developer/CLionSourceCodeAccess/CLionSourceCodeAccess.uplugin" 341
"../../../Engine/Plugins/Animation/TweeningUtils/TweeningUtils.uplugin" 342
"../../../Engine/Plugins/Developer/CodeLiteSourceCodeAccess/CodeLiteSourceCodeAccess.uplugin" 343
"../../../Engine/Plugins/Developer/DirectoryPlaceholder/DirectoryPlaceholder.uplugin" 344
"../../../Engine/Plugins/Animation/RigLogic/RigLogic.uplugin" 345
"../../../Engine/Plugins/Animation/MotionWarping/MotionWarping.uplugin" 346
"../../../Engine/Plugins/Developer/FieldNotificationTrace/FieldNotificationTrace.uplugin" 347
"../../../Engine/Plugins/Developer/NullSourceCodeAccess/NullSourceCodeAccess.uplugin" 348
"../../../Engine/Plugins/Developer/KDevelopSourceCodeAccess/KDevelopSourceCodeAccess.uplugin" 349
"../../../Engine/Plugins/Developer/N10XSourceCodeAccess/N10XSourceCodeAccess.uplugin" 350
"../../../Engine/Plugins/Developer/AnimationSharing/AnimationSharing.uplugin" 351
"../../../Engine/Plugins/Developer/GitSourceControl/GitSourceControl.uplugin" 352
"../../../Engine/Plugins/Developer/PerforceSourceControl/PerforceSourceControl.uplugin" 353
"../../../Engine/Plugins/Developer/PixWinPlugin/PixWinPlugin.uplugin" 354
"../../../Engine/Plugins/Developer/DumpGPUServices/DumpGPUServices.uplugin" 355
"../../../Engine/Plugins/Developer/NamingTokens/NamingTokens.uplugin" 356
"../../../Engine/Plugins/Developer/PlasticSourceControl/PlasticSourceControl.uplugin" 357
"../../../Engine/Plugins/Experimental/AdvancedRenamer/AdvancedRenamer.uplugin" 358
"../../../Engine/Plugins/Experimental/ActorPalette/ActorPalette.uplugin" 359
"../../../Engine/Plugins/Developer/ProjectLauncher/ProjectLauncher.uplugin" 360
"../../../Engine/Plugins/Experimental/AnimNext/AnimNext.uplugin" 361
"../../../Engine/Plugins/Developer/PluginUtils/PluginUtils.uplugin" 362
"../../../Engine/Plugins/Developer/RenderDocPlugin/RenderDocPlugin.uplugin" 363
"../../../Engine/Plugins/Developer/SubversionSourceControl/SubversionSourceControl.uplugin" 364
"../../../Engine/Plugins/Developer/RiderSourceCodeAccess/RiderSourceCodeAccess.uplugin" 365
"../../../Engine/Plugins/Developer/OneSkyLocalizationService/OneSkyLocalizationService.uplugin" 366
"../../../Engine/Plugins/Experimental/AbilitySystemGameFeatureActions/AbilitySystemGameFeatureActions.uplugin" 367
"../../../Engine/Plugins/Developer/UObjectPlugin/UObjectPlugin.uplugin" 368
"../../../Engine/Plugins/Developer/VisualStudioSourceCodeAccess/VisualStudioSourceCodeAccess.uplugin" 369
"../../../Engine/Plugins/Developer/TraceDataFiltering/TraceDataFilters.uplugin" 370
"../../../Engine/Plugins/Experimental/AnimNextControlRig/AnimNextControlRig.uplugin" 371
"../../../Engine/Plugins/Developer/XcodeGPUDebuggerPlugin/XcodeGPUDebuggerPlugin.uplugin" 372
"../../../Engine/Plugins/Experimental/AnimNextAnimGraph/AnimNextAnimGraph.uplugin" 373
"../../../Engine/Plugins/Developer/XCodeSourceCodeAccess/XCodeSourceCodeAccess.uplugin" 374
"../../../Engine/Plugins/Experimental/AnimNextPoseSearch/AnimNextPoseSearch.uplugin" 375
"../../../Engine/Plugins/Experimental/AnimNextStateTree/AnimNextStateTree.uplugin" 376
"../../../Engine/Plugins/Experimental/AnimNextWarping/AnimNextWarping.uplugin" 377
"../../../Engine/Plugins/Developer/PropertyAccessNode/PropertyAccessNode.uplugin" 378
"../../../Engine/Plugins/Experimental/AnimNextChooser/AnimNextChooser.uplugin" 379
"../../../Engine/Plugins/Developer/TraceSourceFiltering/TraceSourceFilters.uplugin" 380
"../../../Engine/Plugins/Experimental/AsyncMessageSystem/AsyncMessageSystem.uplugin" 381
"../../../Engine/Plugins/Experimental/AsyncMessageSystemTests/AsyncMessageSystemTests.uplugin" 382
"../../../Engine/Plugins/Developer/TextureFormatOodle/TextureFormatOodle.uplugin" 383
"../../../Engine/Plugins/Experimental/AvalancheSequenceNavigator/AvalancheSequenceNavigator.uplugin" 384
"../../../Engine/Plugins/Experimental/AutomationUtils/AutomationUtils.uplugin" 385
"../../../Engine/Plugins/Experimental/AvalancheDisplayCluster/AvalancheDisplayCluster.uplugin" 386
"../../../Engine/Plugins/Experimental/AnimToTexture/AnimToTexture.uplugin" 387
"../../../Engine/Plugins/Experimental/AvalancheSceneState/AvalancheSceneState.uplugin" 388
"../../../Engine/Plugins/Developer/VisualStudioCodeSourceCodeAccess/VisualStudioCodeSourceCodeAccess.uplugin" 389
"../../../Engine/Plugins/Experimental/BlueprintSnapNodes/BlueprintSnapNodes.uplugin" 390
"../../../Engine/Plugins/Experimental/ChaosCaching/ChaosCaching.uplugin" 391
"../../../Engine/Plugins/Experimental/ChaosCachingUSD/ChaosCachingUSD.uplugin" 392
"../../../Engine/Plugins/Experimental/BackChannel/BackChannel.uplugin" 393
"../../../Engine/Plugins/Experimental/BlueprintStats/BlueprintStats.uplugin" 394
"../../../Engine/Plugins/Experimental/AvalancheDataLink/AvalancheDataLink.uplugin" 395
"../../../Engine/Plugins/Experimental/CelestialVault/CelestialVault.uplugin" 396
"../../../Engine/Plugins/Experimental/ChaosFlesh/ChaosFlesh.uplugin" 397
"../../../Engine/Plugins/Experimental/ChaosClothEditor/ChaosClothEditor.uplugin" 398
"../../../Engine/Plugins/Experimental/ChaosEditor/ChaosEditor.uplugin" 399
"../../../Engine/Plugins/Experimental/ChaosModularVehicle/ChaosModularVehicle.uplugin" 400
"../../../Engine/Plugins/Experimental/ChaosMover/ChaosMover.uplugin" 401
"../../../Engine/Plugins/Experimental/ChaosModularVehicleExamples/ChaosModularVehicleExamples.uplugin" 402
"../../../Engine/Plugins/Experimental/ChaosOutfitAsset/ChaosOutfitAsset.uplugin" 403
"../../../Engine/Plugins/Experimental/ChaosNiagara/ChaosNiagara.uplugin" 404
"../../../Engine/Plugins/Experimental/CineCameraRigs/CineCameraRigs.uplugin" 405
"../../../Engine/Plugins/Experimental/ChaosSolverPlugin/ChaosSolverPlugin.uplugin" 406
"../../../Engine/Plugins/Experimental/CinematicPrestreaming/CinematicPrestreaming.uplugin" 407
"../../../Engine/Plugins/Experimental/ChaosUserDataPT/ChaosUserDataPT.uplugin" 408
"../../../Engine/Plugins/Experimental/CodeEditor/CodeEditor.uplugin" 409
"../../../Engine/Plugins/Experimental/CodeView/CodeView.uplugin" 410
"../../../Engine/Plugins/Experimental/Buoyancy/Buoyancy.uplugin" 411
"../../../Engine/Plugins/Experimental/ControlFlows/ControlFlows.uplugin" 412
"../../../Engine/Plugins/Experimental/CommonConversation/CommonConversation.uplugin" 413
"../../../Engine/Plugins/Experimental/ChaosVehiclesPlugin/ChaosVehiclesPlugin.uplugin" 414
"../../../Engine/Plugins/Experimental/CineCameraSceneCapture/CineCameraSceneCapture.uplugin" 415
"../../../Engine/Plugins/Experimental/CharacterAI/CharacterAI.uplugin" 416
"../../../Engine/Plugins/Experimental/Dataflow/Dataflow.uplugin" 417
"../../../Engine/Plugins/Experimental/DataLink/DataLink.uplugin" 418
"../../../Engine/Plugins/Experimental/ColorCorrectRegions/ColorCorrectRegions.uplugin" 419
"../../../Engine/Plugins/Experimental/DaySequence/DaySequence.uplugin" 420
"../../../Engine/Plugins/Experimental/DataLinkOAuth/DataLinkOAuth.uplugin" 421
"../../../Engine/Plugins/Experimental/DefaultInstallBundleManager/DefaultInstallBundleManager.uplugin" 422
"../../../Engine/Plugins/Experimental/DynamicMaterialMediaStreamBridge/DynamicMaterialMediaStreamBridge.uplugin" 423
"../../../Engine/Plugins/Experimental/EditorPerformance/EditorPerformance.uplugin" 424
"../../../Engine/Plugins/Experimental/EditorTelemetry/EditorTelemetry.uplugin" 425
"../../../Engine/Plugins/Experimental/EditorDataStorage/EditorDataStorage.uplugin" 426
"../../../Engine/Plugins/Experimental/EditorDataStorageFeatures/EditorDataStorageFeatures.uplugin" 427
"../../../Engine/Plugins/Experimental/FieldSystemPlugin/FieldSystemPlugin.uplugin" 428
"../../../Engine/Plugins/Experimental/FastGeoStreaming/FastGeoStreaming.uplugin" 429
"../../../Engine/Plugins/Experimental/GameplayBehaviors/GameplayBehaviors.uplugin" 430
"../../../Engine/Plugins/Experimental/FloatingProperties/FloatingProperties.uplugin" 431
"../../../Engine/Plugins/Experimental/GameplayGraph/GameplayGraph.uplugin" 432
"../../../Engine/Plugins/Experimental/FullBodyIK/FullBodyIK.uplugin" 433
"../../../Engine/Plugins/Experimental/GameInputWindows/GameInputWindows.uplugin" 434
"../../../Engine/Plugins/Experimental/Fracture/Fracture.uplugin" 435
"../../../Engine/Plugins/Experimental/GeometryCacheAbcFile/GeometryCacheAbcFile.uplugin" 436
"../../../Engine/Plugins/Experimental/GeometryCollectionPlugin/GeometryCollectionPlugin.uplugin" 437
"../../../Engine/Plugins/Experimental/GameplayTargetingSystem/TargetingSystem.uplugin" 438
"../../../Engine/Plugins/Experimental/EvaluationNotifies/EvaluationNotifies.uplugin" 439
"../../../Engine/Plugins/Experimental/Gauntlet/Gauntlet.uplugin" 440
"../../../Engine/Plugins/Experimental/GizmoEdMode/GizmoEdMode.uplugin" 441
"../../../Engine/Plugins/Experimental/GizmoFramework/GizmoFramework.uplugin" 442
"../../../Engine/Plugins/Experimental/GeometryFlow/GeometryFlow.uplugin" 443
"../../../Engine/Plugins/Experimental/GeometryCacheLevelSequenceBaker/GeometryCacheLevelSequenceBaker.uplugin" 444
"../../../Engine/Plugins/Experimental/ImageWidgets/ImageWidgets.uplugin" 445
"../../../Engine/Plugins/Experimental/GeometryDataflow/GeometryDataflow.uplugin" 446
"../../../Engine/Plugins/Experimental/HairStrandsMutable/HairStrandsMutable.uplugin" 447
"../../../Engine/Plugins/Experimental/InlineMaterialInstance/InlineMaterialInstance.uplugin" 448
"../../../Engine/Plugins/Experimental/InteractionInterface/InteractionInterface.uplugin" 449
"../../../Engine/Plugins/Experimental/JWT/JWT.uplugin" 450
"../../../Engine/Plugins/Experimental/HairCardGenerator/HairCardGenerator.uplugin" 451
"../../../Engine/Plugins/Experimental/ImpostorBaker/ImpostorBaker.uplugin" 452
"../../../Engine/Plugins/Experimental/Landmass/Landmass.uplugin" 453
"../../../Engine/Plugins/Experimental/GPULightmass/GPULightmass.uplugin" 454
"../../../Engine/Plugins/Experimental/Iris/Iris.uplugin" 455
"../../../Engine/Plugins/Experimental/InstanceDataObjectFixupTool/InstanceDataObjectFixupTool.uplugin" 456
"../../../Engine/Plugins/Experimental/LevelSequenceNavigatorBridge/LevelSequenceNavigatorBridge.uplugin" 457
"../../../Engine/Plugins/Experimental/ImagePlate/ImagePlate.uplugin" 458
"../../../Engine/Plugins/Experimental/LiveLinkControlRig/LiveLinkControlRig.uplugin" 459
"../../../Engine/Plugins/Experimental/LiveLinkFaceImporter/LiveLinkFaceImporter.uplugin" 460
"../../../Engine/Plugins/Experimental/LiveLinkOpenVR/LiveLinkOpenVR.uplugin" 461
"../../../Engine/Plugins/Experimental/LearningAgents/LearningAgents.uplugin" 462
"../../../Engine/Plugins/Experimental/LocalizableMessage/LocalizableMessage.uplugin" 463
"../../../Engine/Plugins/Experimental/MediaViewer/MediaViewer.uplugin" 464
"../../../Engine/Plugins/Experimental/MediaStream/MediaStream.uplugin" 465
"../../../Engine/Plugins/Experimental/MeshModelingToolsetExp/MeshModelingToolsetExp.uplugin" 466
"../../../Engine/Plugins/Experimental/MetasoundExperimental/MetasoundExperimental.uplugin" 467
"../../../Engine/Plugins/Experimental/MotorSimOutputMotoSynth/MotorSimOutputMotoSynth.uplugin" 468
"../../../Engine/Plugins/Experimental/MotoSynth/MotoSynth.uplugin" 469
"../../../Engine/Plugins/Experimental/MLflow/MLflow.uplugin" 470
"../../../Engine/Plugins/Experimental/MoverAnimNext/MoverAnimNext.uplugin" 471
"../../../Engine/Plugins/Experimental/MoverTests/MoverTests.uplugin" 472
"../../../Engine/Plugins/Experimental/MoverIntegrations/MoverIntegrations.uplugin" 473
"../../../Engine/Plugins/Experimental/Mover/Mover.uplugin" 474
"../../../Engine/Plugins/Experimental/LandscapePatch/LandscapePatch.uplugin" 475
"../../../Engine/Plugins/Experimental/MovieSceneAnimMixer/MovieSceneAnimMixer.uplugin" 476
"../../../Engine/Plugins/Experimental/MutableClothing/MutableClothing.uplugin" 477
"../../../Engine/Plugins/Experimental/MutablePopulation/MutablePopulation.uplugin" 478
"../../../Engine/Plugins/Experimental/HairModelingToolset/HairModelingToolset.uplugin" 479
"../../../Engine/Plugins/Experimental/MoverExamples/MoverExamples.uplugin" 480
"../../../Engine/Plugins/Experimental/NaniteDisplacedMesh/NaniteDisplacedMesh.uplugin" 481
"../../../Engine/Plugins/Experimental/NFORDenoise/NFORDenoise.uplugin" 482
"../../../Engine/Plugins/Experimental/NeuralRendering/NeuralRendering.uplugin" 483
"../../../Engine/Plugins/Experimental/NNERuntimeBasicCpu/NNERuntimeBasicCpu.uplugin" 484
"../../../Engine/Plugins/Experimental/MeshResizing/MeshResizing.uplugin" 485
"../../../Engine/Plugins/Experimental/NNERuntimeIREE/NNERuntimeIREE.uplugin" 486
"../../../Engine/Plugins/Experimental/NNERuntimeRDG/NNERuntimeRDG.uplugin" 487
"../../../Engine/Plugins/Experimental/OpenImageDenoise/OpenImageDenoise.uplugin" 488
"../../../Engine/Plugins/Experimental/OptiXDenoise/OptiXDenoise.uplugin" 489
"../../../Engine/Plugins/Experimental/NNERuntimeCoreML/NNERuntimeCoreML.uplugin" 490
"../../../Engine/Plugins/Experimental/PCGBiomeCore/PCGBiomeCore.uplugin" 491
"../../../Engine/Plugins/Experimental/LowLevelNetTrace/LowLevelNetTrace.uplugin" 492
"../../../Engine/Plugins/Experimental/PhysicsControl/PhysicsControl.uplugin" 493
"../../../Engine/Plugins/Experimental/PixelStreamingPlayer/PixelStreamingPlayer.uplugin" 494
"../../../Engine/Plugins/Experimental/MovieScenePoseSearchTracks/MovieScenePoseSearchTracks.uplugin" 495
"../../../Engine/Plugins/Experimental/PanoramicCapture/PanoramicCapture.uplugin" 496
"../../../Engine/Plugins/Experimental/PlanarCutPlugin/PlanarCut.uplugin" 497
"../../../Engine/Plugins/Experimental/PlainProps/PlainProps.uplugin" 498
"../../../Engine/Plugins/Experimental/PlainPropsUObject/PlainPropsUObject.uplugin" 499
"../../../Engine/Plugins/Experimental/RazerChromaDevices/RazerChromaDevices.uplugin" 500
"../../../Engine/Plugins/Experimental/PluginAudit/PluginAudit.uplugin" 501
"../../../Engine/Plugins/Experimental/PluginReferenceViewer/PluginReferenceViewer.uplugin" 502
"../../../Engine/Plugins/Experimental/PostProcessMaterialChainGraph/PostProcessMaterialChainGraph.uplugin" 503
"../../../Engine/Plugins/Experimental/PCGBiomeSample/PCGBiomeSample.uplugin" 504
"../../../Engine/Plugins/Experimental/PlatformCrypto/PlatformCrypto.uplugin" 505
"../../../Engine/Plugins/Experimental/RemoteSession/RemoteSession.uplugin" 506
"../../../Engine/Plugins/Experimental/PSDImporterMaterialDesignerBridge/PSDImporterMaterialDesignerBridge.uplugin" 507
"../../../Engine/Plugins/Experimental/RemoteControlComponents/RemoteControlComponents.uplugin" 508
"../../../Engine/Plugins/Experimental/RenderGrid/RenderGrid.uplugin" 509
"../../../Engine/Plugins/Experimental/PluginTemplateTool/PluginTemplateTool.uplugin" 510
"../../../Engine/Plugins/Experimental/RigLogicAnimNext/RigLogicAnimNext.uplugin" 511
"../../../Engine/Plugins/Experimental/RigLogicMutable/RigLogicMutable.uplugin" 512
"../../../Engine/Plugins/Experimental/QuicMessaging/QuicMessaging.uplugin" 513
"../../../Engine/Plugins/Experimental/SceneState/SceneState.uplugin" 514
"../../../Engine/Plugins/Experimental/RuntimeTelemetry/RuntimeTelemetry.uplugin" 515
"../../../Engine/Plugins/Experimental/PythonScriptPlugin/PythonScriptPlugin.uplugin" 516
"../../../Engine/Plugins/Experimental/PythonFoundationPackages/PythonFoundationPackages.uplugin" 517
"../../../Engine/Plugins/Experimental/SerializationUtils/SerializationUtils.uplugin" 518
"../../../Engine/Plugins/Experimental/SecuritySandbox/SecuritySandbox.uplugin" 519
"../../../Engine/Plugins/Experimental/PSDImporter/PSDImporter.uplugin" 520
"../../../Engine/Plugins/Experimental/ScreenReader/ScreenReader.uplugin" 521
"../../../Engine/Plugins/Experimental/RawInput/RawInput.uplugin" 522
"../../../Engine/Plugins/Experimental/Shotgrid/Shotgrid.uplugin" 523
"../../../Engine/Plugins/Experimental/SequenceNavigator/SequenceNavigator.uplugin" 524
"../../../Engine/Plugins/Experimental/SkeletalReduction/SkeletalReduction.uplugin" 525
"../../../Engine/Plugins/Experimental/SpatialReadiness/SpatialReadiness.uplugin" 526
"../../../Engine/Plugins/Experimental/SlateModelViewViewModel/SlateModelViewViewModel.uplugin" 527
"../../../Engine/Plugins/Experimental/SlateIM/SlateIM.uplugin" 528
"../../../Engine/Plugins/Experimental/StructUtils/StructUtils.uplugin" 529
"../../../Engine/Plugins/Experimental/StateGraph/StateGraph.uplugin" 530
"../../../Engine/Plugins/Experimental/SlateScreenReader/SlateScreenReader.uplugin" 531
"../../../Engine/Plugins/Experimental/SimpleHMD/SimpleHMD.uplugin" 532
"../../../Engine/Plugins/Experimental/SurfaceEffects/SurfaceEffects.uplugin" 533
"../../../Engine/Plugins/Experimental/SubmitToolEditor/SubmitToolEditor.uplugin" 534
"../../../Engine/Plugins/Experimental/SVGImporter/SVGImporter.uplugin" 535
"../../../Engine/Plugins/Experimental/SubtitlesAndClosedCaptions/SubtitlesAndClosedCaptions.uplugin" 536
"../../../Engine/Plugins/Experimental/Text3D/Text3D.uplugin" 537
"../../../Engine/Plugins/Experimental/TechAudioTools/TechAudioTools.uplugin" 538
"../../../Engine/Plugins/Experimental/TetMeshing/TetMeshing.uplugin" 539
"../../../Engine/Plugins/Experimental/TargetDeviceServicesScripting/TargetDeviceServicesScripting.uplugin" 540
"../../../Engine/Plugins/Experimental/Tensorboard/Tensorboard.uplugin" 541
"../../../Engine/Plugins/Experimental/ToolPresets/ToolPresets.uplugin" 542
"../../../Engine/Plugins/Experimental/UIFramework/UIFramework.uplugin" 543
"../../../Engine/Plugins/Experimental/TextureMediaPlayer/TextureMediaPlayer.uplugin" 544
"../../../Engine/Plugins/Experimental/UserToolBoxCore/UserToolBoxCore.uplugin" 545
"../../../Engine/Plugins/Experimental/TextToSpeech/TextToSpeech.uplugin" 546
"../../../Engine/Plugins/Experimental/UserToolBoxBasicCommand/UserToolBoxBasicCommand.uplugin" 547
"../../../Engine/Plugins/Experimental/VirtualHeightfieldMesh/VirtualHeightfieldMesh.uplugin" 548
"../../../Engine/Plugins/Experimental/VirtualProductionUtilities/VirtualProductionUtilities.uplugin" 549
"../../../Engine/Plugins/Experimental/Water/Water.uplugin" 550
"../../../Engine/Plugins/FX/Cascade/Cascade.uplugin" 551
"../../../Engine/Plugins/Experimental/Volumetrics/Volumetrics.uplugin" 552
"../../../Engine/Plugins/FX/ExampleCustomDataInterface/ExampleCustomDataInterface.uplugin" 553
"../../../Engine/Plugins/Experimental/WaterAdvanced/WaterAdvanced.uplugin" 554
"../../../Engine/Plugins/Experimental/WaveFunctionCollapse/WaveFunctionCollapse.uplugin" 555
"../../../Engine/Plugins/Experimental/WaterExtras/WaterExtras.uplugin" 556
"../../../Engine/Plugins/FX/CascadeToNiagaraConverter/CascadeToNiagaraConverter.uplugin" 557
"../../../Engine/Plugins/Interchange/Runtime/Interchange.uplugin" 558
"../../../Engine/Plugins/Experimental/WebSocketMessaging/WebSocketMessaging.uplugin" 559
"../../../Engine/Plugins/Interchange/Assets/InterchangeAssets.uplugin" 560
"../../../Engine/Plugins/Interchange/Editor/InterchangeEditor.uplugin" 561
"../../../Engine/Plugins/Experimental/WidgetEditorToolPalette/WidgetEditorToolPalette.uplugin" 562
"../../../Engine/Plugins/FX/NiagaraFluids/NiagaraFluids.uplugin" 563
"../../../Engine/Plugins/FX/NiagaraSimCaching/NiagaraSimCaching.uplugin" 564
"../../../Engine/Plugins/Experimental/WebSocketNetworking/WebSocketNetworking.uplugin" 565
"../../../Engine/Plugins/FX/NiagaraMRQ/NiagaraMRQ.uplugin" 566
"../../../Engine/Plugins/FX/Niagara/Niagara.uplugin" 567
"../../../Engine/Plugins/Experimental/XRCreativeFramework/XRCreativeFramework.uplugin" 568
"../../../Engine/Plugins/Media/AppleProResDecoderElectra/AppleProResDecoderElectra.uplugin" 569
"../../../Engine/Plugins/Media/AndroidMedia/AndroidMedia.uplugin" 570
"../../../Engine/Plugins/Media/AndroidCamera/AndroidCamera.uplugin" 571
"../../../Engine/Plugins/Experimental/Workspace/Workspace.uplugin" 572
"../../../Engine/Plugins/Media/AppleProResMedia/AppleProResMedia.uplugin" 573
"../../../Engine/Plugins/Media/AudioCaptureTimecodeProvider/AudioCaptureTimecodeProvider.uplugin" 574
"../../../Engine/Plugins/Media/AvidDNxMedia/AvidDNxMedia.uplugin" 575
"../../../Engine/Plugins/Media/BlackmagicMedia/BlackmagicMedia.uplugin" 576
"../../../Engine/Plugins/Media/AvfMedia/AvfMedia.uplugin" 577
"../../../Engine/Plugins/Media/D3D12VideoDecodersElectra/D3D12VideoDecodersElectra.uplugin" 578
"../../../Engine/Plugins/Media/AjaMedia/AjaMedia.uplugin" 579
"../../../Engine/Plugins/Media/AvidDNxHDDecoderElectra/AvidDNxHDDecoderElectra.uplugin" 580
"../../../Engine/Plugins/Media/ElectraCDM/ElectraCDM.uplugin" 581
"../../../Engine/Plugins/Media/BinkMedia/BinkMedia.uplugin" 582
"../../../Engine/Plugins/Media/HAPDecoderElectra/HAPDecoderElectra.uplugin" 583
"../../../Engine/Plugins/Media/ElectraUtil/ElectraUtil.uplugin" 584
"../../../Engine/Plugins/Media/ElectraPlayer/ElectraPlayer.uplugin" 585
"../../../Engine/Plugins/Media/ElectraCodecs/ElectraCodecs.uplugin" 586
"../../../Engine/Plugins/Media/FlacDecoderElectra/FlacDecoderElectra.uplugin" 587
"../../../Engine/Plugins/Media/ElectraSubtitles/ElectraSubtitles.uplugin" 588
"../../../Engine/Plugins/Media/HAPMedia/HAPMedia.uplugin" 589
"../../../Engine/Plugins/Media/LinearTimecode/LinearTimecode.uplugin" 590
"../../../Engine/Plugins/Media/MediaCompositing/MediaCompositing.uplugin" 591
"../../../Engine/Plugins/Media/ImgMedia/ImgMedia.uplugin" 592
"../../../Engine/Plugins/Media/MediaIOFramework/MediaIOFramework.uplugin" 593
"../../../Engine/Plugins/Media/HardwareEncoders/HardwareEncoders.uplugin" 594
"../../../Engine/Plugins/Media/MediaFrameworkUtilities/MediaFrameworkUtilities.uplugin" 595
"../../../Engine/Plugins/MetaHuman/MetaHumanAnimator/MetaHuman.uplugin" 596
"../../../Engine/Plugins/Media/MediaPlayerEditor/MediaPlayerEditor.uplugin" 597
"../../../Engine/Plugins/Media/MfMedia/MfMedia.uplugin" 598
"../../../Engine/Plugins/MetaHuman/MetaHumanCoreTechLib/MetaHumanCoreTech.uplugin" 599
"../../../Engine/Plugins/Media/MediaPlate/MediaPlate.uplugin" 600
"../../../Engine/Plugins/NetcodeUnitTest/NetcodeUnitTest/NetcodeUnitTest.uplugin" 601
"../../../Engine/Plugins/Media/MediaMovieStreamer/MediaMovieStreamer.uplugin" 602
"../../../Engine/Plugins/MetaHuman/MetaHumanCalibrationProcessing/MetaHumanCalibrationProcessing.uplugin" 603
"../../../Engine/Plugins/Media/OpusDecoderElectra/OpusDecoderElectra.uplugin" 604
"../../../Engine/Plugins/NetcodeUnitTest/NUTUnrealEngine/NUTUnrealEngine.uplugin" 605
"../../../Engine/Plugins/Media/NDIMedia/NDIMedia.uplugin" 606
"../../../Engine/Plugins/Tests/CQTest/CQTest.uplugin" 607
"../../../Engine/Plugins/Tests/AutomationDriverTests/AutomationDriverTests.uplugin" 608
"../../../Engine/Plugins/MetaHuman/MetaHumanLiveLink/MetaHumanLiveLink.uplugin" 609
"../../../Engine/Plugins/MetaHuman/MetaHumanCharacter/MetaHumanCharacter.uplugin" 610
"../../../Engine/Plugins/Media/PixelStreaming2/PixelStreaming2.uplugin" 611
"../../../Engine/Plugins/Media/WebMMedia/WebMMedia.uplugin" 612
"../../../Engine/Plugins/Media/VPxDecoderElectra/VPxDecoderElectra.uplugin" 613
"../../../Engine/Plugins/Web/HttpBlueprint/HttpBlueprint.uplugin" 614
"../../../Engine/Plugins/Media/WmfMedia/WmfMedia.uplugin" 615
"../../../Engine/Plugins/Tests/CQTestEnhancedInput/CQTestEnhancedInput.uplugin" 616
"../../../Engine/Plugins/Tests/EditorTests/EditorTests.uplugin" 617
"../../../Engine/Plugins/Media/TimecodeSynchronizer/TimecodeSynchronizer.uplugin" 618
"../../../Engine/Plugins/Media/PixelCapture/PixelCapture.uplugin" 619
"../../../Engine/Plugins/Media/PixelStreaming/PixelStreaming.uplugin" 620
"../../../Engine/Plugins/Tests/InterchangeTests/InterchangeTests.uplugin" 621
"../../../Engine/Plugins/MetaHuman/MetaHumanSDK/MetaHumanSDK.uplugin" 622
"../../../Engine/Plugins/Tests/PythonAutomationTest/PythonAutomationTest.uplugin" 623
"../../../Engine/Plugins/Tests/FunctionalTestingEditor/FunctionalTestingEditor.uplugin" 624
"../../../Engine/Plugins/Tests/RHITests/RHITests.uplugin" 625
"../../../Engine/Plugins/Tests/RuntimeTests/RuntimeTests.uplugin" 626
"../../../Engine/Plugins/Experimental/VirtualProduction/VPSettings/VPSettings.uplugin" 627
"../../../Engine/Plugins/Tests/FbxAutomationTestBuilder/FbxAutomationTestBuilder.uplugin" 628
"../../../Engine/Plugins/Editor/ObjectMixer/ObjectMixer/ObjectMixer.uplugin" 629
"../../../Engine/Plugins/Editor/ObjectMixer/LightMixer/LightMixer.uplugin" 630
"../../../Engine/Plugins/Experimental/VirtualProduction/VPRoles/VPRoles.uplugin" 631
"../../../Engine/Plugins/Tests/TestFramework/TestFramework.uplugin" 632
"../../../Engine/Plugins/Tests/WidgetAutomationTests/WidgetAutomationTests.uplugin" 633
"../../../Engine/Plugins/Online/IOS/OnlineSubsystemIOS/OnlineSubsystemIOS.uplugin" 634
"../../../Engine/Plugins/Runtime/Advertising/IOSTapJoy/IOSTapJoy.uplugin" 635
"../../../Engine/Plugins/Experimental/Compositing/HoldoutComposite/HoldoutComposite.uplugin" 636
"../../../Engine/Plugins/Experimental/VirtualProduction/LedWallCalibration/LedWallCalibration.uplugin" 637
"../../../Engine/Plugins/Experimental/AVCodecs/AMFCodecs/AMFCodecs.uplugin" 638
"../../../Engine/Plugins/Experimental/Compositing/CompositeCore/CompositeCore.uplugin" 639
"../../../Engine/Plugins/Experimental/AVCodecs/LibVpxCodecs/LibVpxCodecs.uplugin" 640
"../../../Engine/Plugins/Experimental/AVCodecs/WMFCodecs/WMFCodecs.uplugin" 641
"../../../Engine/Plugins/Runtime/AR/ARUtilities/ARUtilities.uplugin" 642
"../../../Engine/Plugins/Runtime/Windows/WinDualShock/WinDualShock.uplugin" 643
"../../../Engine/Plugins/Experimental/AVCodecs/NVCodecs/NVCodecs.uplugin" 644
"../../../Engine/Plugins/Tests/TestSamples/TestSamples.uplugin" 645
"../../../Engine/Plugins/Experimental/Web/WebAPI/WebAPI.uplugin" 646
"../../../Engine/Plugins/Experimental/AVCodecs/AVCodecsCore/AVCodecsCore.uplugin" 647
"../../../Engine/Plugins/Experimental/AVCodecs/VTCodecs/VTCodecs.uplugin" 648
"../../../Engine/Plugins/VirtualProduction/Rivermax/RivermaxCore/RivermaxCore.uplugin" 649
"../../../Engine/Plugins/VirtualProduction/Rivermax/RivermaxMedia/RivermaxMedia.uplugin" 650
"../../../Engine/Plugins/Runtime/Analytics/Adjust/Adjust.uplugin" 651
"../../../Engine/Plugins/Runtime/MeshReconstruction/DummyMeshReconstructor/DummyMeshReconstructor.uplugin" 652
"../../../Engine/Plugins/Experimental/CharacterFXEditor/BaseCharacterFXEditor/BaseCharacterFXEditor.uplugin" 653
"../../../Engine/Plugins/Interchange/Extensions/OpenVDB/InterchangeOpenVDB.uplugin" 654
"../../../Engine/Plugins/Runtime/Steam/SteamAudio/SteamAudio.uplugin" 655
"../../../Engine/Plugins/VirtualProduction/Rivermax/RivermaxSync/RivermaxSync.uplugin" 656
"../../../Engine/Plugins/Runtime/Steam/SteamController/SteamController.uplugin" 657
"../../../Engine/Plugins/Runtime/Steam/SteamShared/SteamShared.uplugin" 658
"../../../Engine/Plugins/Interchange/Extensions/OpenUSD/InterchangeOpenUSD.uplugin" 659
"../../../Engine/Plugins/Editor/Localization/PortableObjectFileDataSource/PortableObjectFileDataSource.uplugin" 660
"../../../Engine/Plugins/Runtime/Steam/SteamSockets/SteamSockets.uplugin" 661
"../../../Engine/Plugins/Runtime/Analytics/AnalyticsMulticast/AnalyticsMulticast.uplugin" 662
"../../../Engine/Plugins/Experimental/PCGInterops/PCGInstancedActorsInterop/PCGInstancedActorsInterop.uplugin" 663
"../../../Engine/Plugins/Runtime/PacketHandlers/AESGCMHandlerComponent/AESGCMHandlerComponent.uplugin" 664
"../../../Engine/Plugins/Runtime/PacketHandlers/DTLSHandlerComponent/DTLSHandlerComponent.uplugin" 665
"../../../Engine/Plugins/Runtime/Analytics/FileLogging/FileLogging.uplugin" 666
"../../../Engine/Plugins/Experimental/PCGInterops/PCGWaterInterop/PCGWaterInterop.uplugin" 667
"../../../Engine/Plugins/Runtime/XR/XRVisualization/XRVisualization.uplugin" 668
"../../../Engine/Plugins/Runtime/PacketHandlers/AESHandlerComponent/AESHandlerComponent.uplugin" 669
"../../../Engine/Plugins/Runtime/Analytics/AnalyticsBlueprintLibrary/AnalyticsBlueprintLibrary.uplugin" 670
"../../../Engine/Plugins/Experimental/PCGInterops/PCGNiagaraInterop/PCGNiagaraInterop.uplugin" 671
"../../../Engine/Plugins/Runtime/Nvidia/GeForceNOWWrapper/GeForceNOWWrapper.uplugin" 672
"../../../Engine/Plugins/Experimental/MetaHuman/MetaHumanRuntime/MetaHumanRuntime.uplugin" 673
"../../../Engine/Plugins/Experimental/Enterprise/DatasmithInterchange/DatasmithInterchange.uplugin" 674
"../../../Engine/Plugins/Experimental/Enterprise/DatasmithRuntime/DatasmithRuntime.uplugin" 675
"../../../Engine/Plugins/Animation/MLDeformer/ChaosClothGenerator/ChaosClothGenerator.uplugin" 676
"../../../Engine/Plugins/Runtime/Nvidia/Reflex/Reflex.uplugin" 677
"../../../Engine/Plugins/Experimental/Enterprise/DataprepGeometryOperations/DataprepGeometryOperations.uplugin" 678
"../../../Engine/Plugins/Animation/MLDeformer/NearestNeighborModel/NearestNeighborModel.uplugin" 679
"../../../Engine/Plugins/VirtualProduction/CaptureManager/CaptureManagerApp/CaptureManagerApp.uplugin" 680
"../../../Engine/Plugins/Runtime/XR/XRScribe/XRScribe.uplugin" 681
"../../../Engine/Plugins/Animation/MLDeformer/MLDeformerFramework/MLDeformerFramework.uplugin" 682
"../../../Engine/Plugins/Runtime/Database/ADOSupport/ADOSupport.uplugin" 683
"../../../Engine/Plugins/Animation/MLDeformer/ChaosFleshGenerator/ChaosFleshGenerator.uplugin" 684
"../../../Engine/Plugins/Runtime/Database/RemoteDatabaseSupport/RemoteDatabaseSupport.uplugin" 685
"../../../Engine/Plugins/Runtime/Windows/XInputDevice/XInputDevice.uplugin" 686
"../../../Engine/Plugins/VirtualProduction/CaptureManager/CaptureManagerCore/CaptureManagerCore.uplugin" 687
"../../../Engine/Plugins/Experimental/CharacterFXEditor/ExampleCharacterFXEditor/ExampleCharacterFXEditor.uplugin" 688
"../../../Engine/Plugins/Animation/MLDeformer/NeuralMorphModel/NeuralMorphModel.uplugin" 689
"../../../Engine/Plugins/Runtime/Database/DatabaseSupport/DatabaseSupport.uplugin" 690
"../../../Engine/Plugins/Runtime/Database/SQLiteSupport/SQLiteSupport.uplugin" 691
"../../../Engine/Plugins/Online/VoiceChat/EOSVoiceChat/EOSVoiceChat.uplugin" 692
"../../../Engine/Plugins/Runtime/Database/SQLiteCore/SQLiteCore.uplugin" 693
"../../../Engine/Plugins/Online/VoiceChat/VoiceChat/VoiceChat.uplugin" 694
"../../../Engine/Plugins/VirtualProduction/CaptureManager/CaptureManagerDevices/CaptureManagerDevices.uplugin" 695
"../../../Engine/Plugins/VirtualProduction/CaptureManager/CaptureManagerEditor/CaptureManagerEditor.uplugin" 696
"../../../Engine/Plugins/Editor/ContentBrowser/ContentBrowserClassDataSource/ContentBrowserClassDataSource.uplugin" 697
"../../../Engine/Plugins/VirtualProduction/DMX/DMXDisplayCluster/DMXDisplayCluster.uplugin" 698
"../../../Engine/Plugins/VirtualProduction/DMX/DatasmithMVR/DatasmithMVR.uplugin" 699
"../../../Engine/Plugins/Editor/ContentBrowser/ContentBrowserFileDataSource/ContentBrowserFileDataSource.uplugin" 700
"../../../Engine/Plugins/Editor/ContentBrowser/ContentBrowserAliasDataSource/ContentBrowserAliasDataSource.uplugin" 701
"../../../Engine/Plugins/VirtualProduction/DMX/DMXControlConsole/DMXControlConsole.uplugin" 702
"../../../Engine/Plugins/Online/Android/OnlineSubsystemGooglePlay/OnlineSubsystemGooglePlay.uplugin" 703
"../../../Engine/Plugins/VirtualProduction/DMX/DMXFixtures/DMXFixtures.uplugin" 704
"../../../Engine/Plugins/VirtualProduction/DMX/DMXGDTF/DMXGDTF.uplugin" 705
"../../../Engine/Plugins/Animation/MLDeformer/VertexDeltaModel/VertexDeltaModel.uplugin" 706
"../../../Engine/Plugins/Editor/ContentBrowser/ContentBrowserAssetDataSource/ContentBrowserAssetDataSource.uplugin" 707
"../../../Engine/Plugins/Developer/Concert/ConcertMain/ConcertMain.uplugin" 708
"../../../Engine/Plugins/VirtualProduction/DMX/DMXModularFeatures/DMXModularFeatures.uplugin" 709
"../../../Engine/Plugins/VirtualProduction/DMX/DMXPixelMapping/DMXPixelMapping.uplugin" 710
"../../../Engine/Plugins/Online/Android/AndroidFetchBackgroundDownload/AndroidFetchBackgroundDownload.uplugin" 711
"../../../Engine/Plugins/Experimental/Animation/HierarchyTableAnimation/HierarchyTableAnimation.uplugin" 712
"../../../Engine/Plugins/Experimental/Animation/CurveExpression/CurveExpression.uplugin" 713
"../../../Engine/Plugins/VirtualProduction/DMX/DMXProtocol/DMXProtocol.uplugin" 714
"../../../Engine/Plugins/Experimental/Animation/ContextualAnimation/ContextualAnimation.uplugin" 715
"../../../Engine/Plugins/Experimental/Animation/PackedAttributes/PackedAttributes.uplugin" 716
"../../../Engine/Plugins/Experimental/Animation/RigMapper/RigMapper.uplugin" 717
"../../../Engine/Plugins/Experimental/Animation/Locomotor/Locomotor.uplugin" 718
"../../../Engine/Plugins/Experimental/Animation/MotionTrajectory/MotionTrajectory.uplugin" 719
"../../../Engine/Plugins/Experimental/Animation/Optimus/Optimus.uplugin" 720
"../../../Engine/Plugins/Experimental/Animation/SkeletalMeshMorphTargetEditingTools/SkeletalMeshMorphTargetEditingTools.uplugin" 721
"../../../Engine/Plugins/VirtualProduction/DMX/DMXEngine/DMXEngine.uplugin" 722
"../../../Engine/Plugins/Experimental/Animation/SkeletonTemplateFramework/SkeletonTemplateFramework.uplugin" 723
"../../../Engine/Plugins/Experimental/Animation/HierarchyTable/HierarchyTable.uplugin" 724
"../../../Engine/Plugins/Runtime/AR/AppleAR/AppleARKitFaceSupport/AppleARKitFaceSupport.uplugin" 725
"../../../Engine/Plugins/Developer/Concert/ConcertUI/ConcertSharedSlate/ConcertSharedSlate.uplugin" 726
"../../../Engine/Plugins/Developer/Concert/ConcertInsights/ConcertInsightsVisualizer/ConcertInsightsVisualizer.uplugin" 727
"../../../Engine/Plugins/Developer/Concert/ConcertInsights/ConcertInsightsClient/ConcertInsightsClient.uplugin" 728
"../../../Engine/Plugins/Developer/Concert/ConcertUI/ConcertClientSharedSlate/ConcertClientSharedSlate.uplugin" 729
"../../../Engine/Plugins/Developer/Concert/ConcertInsights/ConcertInsightsCore/ConcertInsightsCore.uplugin" 730
"../../../Engine/Plugins/Developer/Concert/ConcertInsights/ConcertInsightsServer/ConcertInsightsServer.uplugin" 731
"../../../Engine/Plugins/Experimental/Animation/MLDeformer/DetailPoseModel/DetailPoseModel.uplugin" 732
"../../../Engine/Plugins/Runtime/AR/AppleAR/AppleARKit/AppleARKit.uplugin" 733
"../../../Engine/Plugins/Developer/Concert/ConcertApp/MultiUserClient/MultiUserClient.uplugin" 734
"../../../Engine/Plugins/Developer/Concert/ConcertSync/ConcertSyncClient/ConcertSyncClient.uplugin" 735
"../../../Engine/Plugins/Experimental/Animation/TrajectoryTools/TrajectoryTools.uplugin" 736
"../../../Engine/Plugins/Developer/Concert/ConcertSync/ConcertSyncCore/ConcertSyncCore.uplugin" 737
"../../../Engine/Plugins/Developer/Concert/ConcertSync/ConcertSyncTest/ConcertSyncTest.uplugin" 738
"../../../Engine/Plugins/Developer/Concert/ConcertSync/ConcertSyncServer/ConcertSyncServer.uplugin" 739
"../../../Engine/Plugins/Developer/Concert/ConcertApp/DisasterRecoveryClient/DisasterRecoveryClient.uplugin" 740
"../../../Engine/Plugins/Developer/Concert/ConcertScripting/ConcertReplicationScripting/ConcertReplicationScripting.uplugin" 741
"../../../Engine/Plugins/Developer/Concert/ConcertApp/MultiUserServer/MultiUserServer.uplugin" 742
"../../../Engine/Plugins/Runtime/AR/Google/GoogleARCoreServices/GoogleARCoreServices.uplugin" 743
"../../../Engine/Plugins/Runtime/AR/Google/GoogleARCore/GoogleARCore.uplugin" 744
"../../../Engine/Platforms/Android/Plugins/RigLogic/RigLogic_Android.uplugin" 745
"../../../Engine/Platforms/Android/Plugins/Animation/ACLPlugin/ACLPlugin_Android.uplugin" 746
"../../../Engine/Platforms/IOS/Plugins/RigLogic/RigLogic_IOS.uplugin" 747
"../../../Engine/Content/Internationalization/icudt64l/cnvalias.icu" 748
"../../../Engine/Content/Internationalization/icudt64l/res_index.res" 749
"../../../Engine/Content/Internationalization/icudt64l/plurals.res" 750
"../../../Engine/Content/Internationalization/icudt64l/lang/en_IN.res" 751
"../../../Engine/Content/Internationalization/icudt64l/lang/pool.res" 752
"../../../Engine/Content/Internationalization/icudt64l/lang/en_001.res" 753
"../../../Engine/Content/Internationalization/icudt64l/lang/en.res" 754
"../../../Engine/Content/Internationalization/icudt64l/lang/root.res" 755
"../../../Engine/Content/Internationalization/icudt64l/region/en_IN.res" 756
"../../../Engine/Content/Internationalization/icudt64l/region/pool.res" 757
"../../../Engine/Content/Internationalization/icudt64l/region/en.res" 758
"../../../Engine/Content/Internationalization/icudt64l/region/root.res" 759
"../../../Engine/Content/Internationalization/icudt64l/windowsZones.res" 760
"../../../Engine/Content/Internationalization/icudt64l/zoneinfo64.res" 761
"../../../Engine/Content/Internationalization/icudt64l/keyTypeData.res" 762
"../../../Engine/Content/Internationalization/icudt64l/timezoneTypes.res" 763
"../../../Engine/Content/Internationalization/icudt64l/likelySubtags.res" 764
"../../../Engine/Content/Internationalization/icudt64l/en_US.res" 765
"../../../Engine/Content/Internationalization/icudt64l/pool.res" 766
"../../../Engine/Content/Internationalization/icudt64l/en.res" 767
"../../../Engine/Content/Internationalization/icudt64l/root.res" 768
"../../../Engine/Content/Internationalization/icudt64l/supplementalData.res" 769
"../../../Engine/Config/ConfigRedirects.ini" 770
"C:/Users/BHAWESH WASNIK/AppData/Local/UnrealEngine/5.6/Saved/Config/WindowsEditor/Manifest.ini" 771
"../../../Engine/Config/BaseEngine.ini" 772
"../../../Engine/Config/Windows/BaseWindowsEngine.ini" 773
"../../../../../unreal projects/MyProject/Config/DefaultEngine.ini" 774
"../../../Engine/Config/BaseGame.ini" 775
"../../../../../unreal projects/MyProject/Config/DefaultGame.ini" 776
"../../../Engine/Config/Windows/WindowsGame.ini" 777
"E:/unreal projects/MyProject/Saved/Config/WindowsEditor/Game.ini" 778
"../../../Engine/Config/BaseInput.ini" 779
"../../../Engine/Config/Windows/BaseWindowsInput.ini" 780
"../../../../../unreal projects/MyProject/Config/DefaultInput.ini" 781
"../../../Engine/Config/Windows/WindowsInput.ini" 782
"../../../Engine/Config/BaseDeviceProfiles.ini" 783
"../../../Engine/Config/BaseGameUserSettings.ini" 784
"E:/unreal projects/MyProject/Saved/Config/WindowsEditor/GameUserSettings.ini" 785
"../../../Engine/Config/BaseScalability.ini" 786
"../../../Engine/Config/BaseRuntimeOptions.ini" 787
"../../../Engine/Config/BaseInstallBundle.ini" 788
"../../../Engine/Config/BaseHardware.ini" 789
"../../../Engine/Config/BaseCompat.ini" 790
"../../../Engine/Config/BaseLightmass.ini" 791
"../../../Engine/Config/BaseEditor.ini" 792
"../../../../../unreal projects/MyProject/Config/DefaultEditor.ini" 793
"E:/unreal projects/MyProject/Saved/Config/WindowsEditor/Editor.ini" 794
"../../../Engine/Config/BaseMaterialExpressions.ini" 795
"../../../Engine/Config/BaseEditorPerProjectUserSettings.ini" 796
"../../../../../unreal projects/MyProject/Config/DefaultEditorPerProjectUserSettings.ini" 797
"../../../Engine/Config/Windows/WindowsEditorPerProjectUserSettings.ini" 798
"E:/unreal projects/MyProject/Saved/Config/WindowsEditor/EditorPerProjectUserSettings.ini" 799
"../../../Engine/Config/BaseEditorSettings.ini" 800
"../../../Engine/Config/Windows/WindowsEditorSettings.ini" 801
"C:/Users/BHAWESH WASNIK/AppData/Local/UnrealEngine/5.6/Saved/Config/WindowsEditor/EditorSettings.ini" 802
"../../../Engine/Config/BaseEditorKeyBindings.ini" 803
"C:/Users/BHAWESH WASNIK/AppData/Local/UnrealEngine/5.6/Saved/Config/WindowsEditor/EditorLayout.ini" 804
"../../../../../unreal projects/MyProject/Binaries/Win64/MyProject-Win64-Shipping.target" 805
"../../../Engine/Config/Android/BaseAndroidEngine.ini" 806
"../../../Engine/Config/Android/AndroidEngine.ini" 807
"../../../Engine/Config/Unix/UnixEngine.ini" 808
"../../../Engine/Config/Linux/BaseLinuxEngine.ini" 809
"../../../Engine/Config/IOS/BaseIOSEngine.ini" 810
"../../../Engine/Config/Mac/BaseMacEngine.ini" 811
"../../../Engine/Config/Linux/LinuxEngine.ini" 812
"../../../Engine/Config/Android/BaseAndroidGame.ini" 813
"../../../Engine/Platforms/VisionOS/Config/BaseVisionOSEngine.ini" 814
"../../../Engine/Binaries/Win64/BootstrapPackagedGame-Win64-Shipping.target" 815
"../../../Engine/Config/TVOS/TVOSEngine.ini" 816
"../../../Engine/Config/IOS/BaseIOSGame.ini" 817
"../../../Engine/Platforms/VisionOS/Config/VisionOSEngine.ini" 818
"../../../Engine/Config/IOS/IOSGame.ini" 819
"../../../Engine/Config/Mac/MacGame.ini" 820
"../../../Engine/Config/Linux/LinuxGame.ini" 821
"../../../Engine/Binaries/Win64/BuildPatchTool-Win64-Shipping.target" 822
"../../../Engine/Config/Android/BaseAndroidInput.ini" 823
"../../../Engine/Config/IOS/BaseIOSInput.ini" 824
"../../../Engine/Config/Mac/BaseMacInput.ini" 825
"../../../Engine/Binaries/Win64/CrashReportClient-Win64-Shipping.target" 826
"../../../Engine/Binaries/Win64/CrashReportClientEditor-Win64-Shipping.target" 827
"../../../Engine/Config/Android/AndroidScalability.ini" 828
"../../../Engine/Config/IOS/IOSScalability.ini" 829
"../../../Engine/Binaries/Win64/DatasmithCADWorker.target" 830
"../../../Engine/Config/Android/BaseAndroidInstallBundle.ini" 831
"../../../Engine/Binaries/Win64/EpicWebHelper-Win64-Shipping.target" 832
"../../../Engine/Config/IOS/BaseIOSInstallBundle.ini" 833
"../../../Engine/Binaries/Win64/InterchangeWorker.target" 834
"../../../Engine/Binaries/Win64/LiveCodingConsole.target" 835
"../../../Engine/Binaries/Win64/LiveLinkHub.target" 836
"../../../Engine/Binaries/Win64/ShaderCompileWorker.target" 837
"../../../Engine/Binaries/Win64/SwitchboardListener.target" 838
"../../../Engine/Binaries/Win64/SwitchboardListenerHelper.target" 839
"../../../Engine/Binaries/Win64/UnrealEditor-Win64-DebugGame.target" 840
"../../../Engine/Binaries/Win64/UnrealEditor.target" 841
"../../../Engine/Config/PluginBase.ini" 842
"../../../Engine/Plugins/ChaosVD/Config/DefaultChaosVD.ini" 843
"../../../Engine/Plugins/EnhancedInput/Config/BaseEnhancedInput.ini" 844
"../../../Engine/Plugins/Fab/Config/BaseFab.ini" 845
"../../../Engine/Plugins/Mutable/Config/BaseMutable.ini" 846
"../../../Engine/Plugins/Mutable/Config/DefaultMutable.ini" 847
"../../../Engine/Plugins/TraceUtilities/Config/BaseTraceUtilities.ini" 848
"../../../Engine/Plugins/Editor/EditorScriptingUtilities/Config/BaseEditorScriptingUtilities.ini" 849
"../../../Engine/Plugins/Enterprise/DatasmithContent/Config/BaseDatasmithContent.ini" 850
"../../../Engine/Plugins/Enterprise/GLTFExporter/Config/BaseGLTFExporter.ini" 851
"../../../Engine/Plugins/Enterprise/GLTFExporter/Config/DefaultGLTFExporter.ini" 852
"../../../Engine/Plugins/Enterprise/VariantManagerContent/Config/BaseVariantManagerContent.ini" 853
"../../../Engine/Plugins/Runtime/GameplayStateTree/Config/BaseGameplayStateTree.ini" 854
"../../../Engine/Plugins/Runtime/HairStrands/Config/BaseHairStrands.ini" 855
"../../../Engine/Plugins/Runtime/Metasound/Config/BaseMetasound.ini" 856
"../../../Engine/Plugins/Runtime/Metasound/Config/DefaultMetasound.ini" 857
"../../../Engine/Plugins/Runtime/PropertyBindingUtils/Config/BasePropertyBindingUtils.ini" 858
"../../../Engine/Plugins/Runtime/RigVM/Config/BaseRigVM.ini" 859
"../../../Engine/Plugins/Runtime/StateTree/Config/BaseStateTree.ini" 860
"../../../Engine/Plugins/Runtime/Synthesis/Config/BaseSynthesis.ini" 861
"../../../Engine/Plugins/Runtime/USDCore/Config/BaseUSDCore.ini" 862
"../../../Engine/Plugins/VirtualProduction/CameraCalibrationCore/Config/BaseCameraCalibrationCore.ini" 863
"../../../Engine/Plugins/VirtualProduction/LensComponent/Config/BaseLensComponent.ini" 864
"../../../Engine/Plugins/VirtualProduction/Takes/Config/BaseTakes.ini" 865
"../../../Engine/Plugins/2D/Paper2D/Config/BasePaper2D.ini" 866
"../../../Engine/Plugins/Animation/ControlRig/Config/BaseControlRig.ini" 867
"../../../Engine/Plugins/Animation/DeformerGraph/Config/BaseDeformerGraph.ini" 868
"../../../Engine/Plugins/Animation/LiveLink/Config/BaseLiveLink.ini" 869
"../../../Engine/Plugins/Animation/IKRig/Config/BaseIKRig.ini" 870
"../../../Engine/Plugins/Cameras/GameplayCameras/Config/BaseGameplayCameras.ini" 871
"../../../Engine/Plugins/Compositing/OpenColorIO/Config/BaseOpenColorIO.ini" 872
"../../../Engine/Plugins/Experimental/FullBodyIK/Config/BaseFullBodyIK.ini" 873
"../../../Engine/Plugins/Experimental/ToolPresets/Config/BaseToolPresets.ini" 874
"../../../Engine/Plugins/Interchange/Runtime/Config/BaseInterchange.ini" 875
"../../../Engine/Plugins/Interchange/Assets/Config/BaseInterchangeAssets.ini" 876
"../../../Engine/Plugins/FX/Niagara/Config/BaseNiagara.ini" 877
"../../../Engine/Plugins/Media/MediaIOFramework/Config/BaseMediaIOFramework.ini" 878
"../../../Engine/Plugins/MetaHuman/MetaHumanAnimator/Config/BaseMetaHuman.ini" 879
"../../../Engine/Plugins/MetaHuman/MetaHumanCharacter/Config/BaseMetaHumanCharacter.ini" 880
"../../../Engine/Plugins/MetaHuman/MetaHumanSDK/Config/BaseMetaHumanSDK.ini" 881
"../../../Engine/Plugins/Experimental/Compositing/CompositeCore/Config/BaseCompositeCore.ini" 882
"../../../Engine/Plugins/ChaosVD/Config/Engine.ini" 883
"../../../Engine/Plugins/MetaHuman/MetaHumanAnimator/Config/Engine.ini" 884
"../../../Engine/Plugins/EnhancedInput/Config/Input.ini" 885
"../../../Engine/Plugins/Runtime/InputDebugging/Config/Input.ini" 886
"../../../Engine/Plugins/Runtime/Windows/XInputDevice/Config/Input.ini" 887
"../../../Engine/Plugins/Runtime/RigVM/Config/Editor.ini" 888
"../../../Engine/Plugins/Online/OnlineSubsystemUtils/Config/Editor.ini" 889
"../../../Engine/Plugins/Experimental/ChaosOutfitAsset/Config/Editor.ini" 890
"../../../Engine/Plugins/MetaHuman/MetaHumanCharacter/Config/Editor.ini" 891
"../../../Engine/Plugins/NNE/NNEDenoiser/Config/Game.ini" 892
"../../../Engine/Plugins/Editor/ModelingToolsEditorMode/Binaries/Win64/UnrealEditor.modules" 893
"../../../Engine/Plugins/Runtime/MeshModelingToolset/Binaries/Win64/UnrealEditor.modules" 894
"../../../Engine/Plugins/Experimental/MeshModelingToolsetExp/Binaries/Win64/UnrealEditor.modules" 895
"../../../Engine/Plugins/Editor/MeshLODToolset/Binaries/Win64/UnrealEditor.modules" 896
"../../../Engine/Plugins/Experimental/ToolPresets/Binaries/Win64/UnrealEditor.modules" 897
"../../../Engine/Plugins/Editor/StylusInput/Binaries/Win64/UnrealEditor.modules" 898
"../../../Engine/Plugins/Runtime/GeometryProcessing/Binaries/Win64/UnrealEditor.modules" 899
"../../../Engine/Plugins/Editor/ProxyLODPlugin/Binaries/Win64/UnrealEditor.modules" 900
"../../../Engine/Plugins/Experimental/PlanarCutPlugin/Binaries/Win64/UnrealEditor.modules" 901
"../../../Engine/Plugins/Runtime/GeometryCache/Binaries/Win64/UnrealEditor.modules" 902
"../../../Engine/Plugins/Experimental/GeometryFlow/Binaries/Win64/UnrealEditor.modules" 903
"../../../Engine/Plugins/Editor/EditorScriptingUtilities/Binaries/Win64/UnrealEditor.modules" 904
"../../../Engine/Plugins/FX/Niagara/Binaries/Win64/UnrealEditor.modules" 905
"../../../Engine/Plugins/Experimental/PythonScriptPlugin/Binaries/Win64/UnrealEditor.modules" 906
"../../../Engine/Plugins/Editor/ContentBrowser/ContentBrowserFileDataSource/Binaries/Win64/UnrealEditor.modules" 907
"../../../Engine/Plugins/Runtime/GameplayStateTree/Binaries/Win64/UnrealEditor.modules" 908
"../../../Engine/Plugins/Runtime/StateTree/Binaries/Win64/UnrealEditor.modules" 909
"../../../Engine/Plugins/Animation/GameplayInsights/Binaries/Win64/UnrealEditor.modules" 910
"../../../Engine/Plugins/Runtime/PropertyAccess/Binaries/Win64/UnrealEditor.modules" 911
"../../../Engine/Plugins/Runtime/PropertyBindingUtils/Binaries/Win64/UnrealEditor.modules" 912
"../../../Engine/Plugins/MetaHuman/MetaHumanAnimator/Binaries/Win64/UnrealEditor.modules" 913
"../../../Engine/Plugins/Animation/RigLogic/Binaries/Win64/UnrealEditor.modules" 914
"../../../Engine/Plugins/NNE/NNERuntimeORT/Binaries/Win64/UnrealEditor.modules" 915
"../../../Engine/Plugins/Media/ImgMedia/Binaries/Win64/UnrealEditor.modules" 916
"../../../Engine/Plugins/VirtualProduction/CaptureData/Binaries/Win64/UnrealEditor.modules" 917
"../../../Engine/Plugins/VirtualProduction/CaptureManager/CaptureManagerEditor/Binaries/Win64/UnrealEditor.modules" 918
"../../../Engine/Plugins/Runtime/ProceduralMeshComponent/Binaries/Win64/UnrealEditor.modules" 919
"../../../Engine/Plugins/Media/MediaCompositing/Binaries/Win64/UnrealEditor.modules" 920
"../../../Engine/Plugins/VirtualProduction/CameraCalibrationCore/Binaries/Win64/UnrealEditor.modules" 921
"../../../Engine/Plugins/VirtualProduction/LensComponent/Binaries/Win64/UnrealEditor.modules" 922
"../../../Engine/Plugins/Media/MediaIOFramework/Binaries/Win64/UnrealEditor.modules" 923
"../../../Engine/Plugins/Experimental/PlatformCrypto/Binaries/Win64/UnrealEditor.modules" 924
"../../../Engine/Plugins/Interchange/Runtime/Binaries/Win64/UnrealEditor.modules" 925
"../../../Engine/Plugins/Animation/LiveLinkHub/Binaries/Win64/UnrealEditor.modules" 926
"../../../Engine/Plugins/Animation/DNACalib/Binaries/Win64/UnrealEditor.modules" 927
"../../../Engine/Plugins/MetaHuman/MetaHumanCoreTechLib/Binaries/Win64/UnrealEditor.modules" 928
"../../../Engine/Plugins/MetaHuman/MetaHumanSDK/Binaries/Win64/UnrealEditor.modules" 929
"../../../Engine/Plugins/Animation/ControlRig/Binaries/Win64/UnrealEditor.modules" 930
"../../../Engine/Plugins/Media/MediaPlayerEditor/Binaries/Win64/UnrealEditor.modules" 931
"../../../Engine/Plugins/VirtualProduction/CaptureManager/CaptureManagerCore/Binaries/Win64/UnrealEditor.modules" 932
"../../../Engine/Plugins/Developer/NamingTokens/Binaries/Win64/UnrealEditor.modules" 933
"../../../Engine/Plugins/Animation/LiveLink/Binaries/Win64/UnrealEditor.modules" 934
"../../../Engine/Plugins/VirtualProduction/Takes/Binaries/Win64/UnrealEditor.modules" 935
"../../../Engine/Plugins/Compositing/OpenColorIO/Binaries/Win64/UnrealEditor.modules" 936
"../../../Engine/Plugins/Enterprise/VariantManagerContent/Binaries/Win64/UnrealEditor.modules" 937
"../../../Engine/Plugins/Enterprise/VariantManager/Binaries/Win64/UnrealEditor.modules" 938
"../../../Engine/Plugins/Interchange/Assets/Binaries/Win64/UnrealEditor.modules" 939
"../../../Engine/Plugins/Runtime/HairStrands/Binaries/Win64/UnrealEditor.modules" 940
"../../../Engine/Plugins/Online/EOSShared/Binaries/Win64/UnrealEditor.modules" 941
"../../../Engine/Plugins/Runtime/RigVM/Binaries/Win64/UnrealEditor.modules" 942
"../../../Engine/Plugins/MovieScene/LevelSequenceEditor/Binaries/Win64/UnrealEditor.modules" 943
"../../../Engine/Plugins/MovieScene/SequencerScripting/Binaries/Win64/UnrealEditor.modules" 944
"../../../Engine/Plugins/Animation/TweeningUtils/Binaries/Win64/UnrealEditor.modules" 945
"../../../Engine/Plugins/Editor/EngineAssetDefinitions/Binaries/Win64/UnrealEditor.modules" 946
"../../../Engine/Plugins/Editor/ContentBrowser/ContentBrowserAssetDataSource/Binaries/Win64/UnrealEditor.modules" 947
"../../../Engine/Plugins/Runtime/AudioCapture/Binaries/Win64/UnrealEditor.modules" 948
"../../../Engine/Plugins/Animation/DeformerGraph/Binaries/Win64/UnrealEditor.modules" 949
"../../../Engine/Plugins/Experimental/Dataflow/Binaries/Win64/UnrealEditor.modules" 950
"../../../Engine/Plugins/Runtime/ComputeFramework/Binaries/Win64/UnrealEditor.modules" 951
"../../../Engine/Plugins/Experimental/CharacterFXEditor/BaseCharacterFXEditor/Binaries/Win64/UnrealEditor.modules" 952
"../../../Engine/Plugins/Experimental/ChaosCaching/Binaries/Win64/UnrealEditor.modules" 953
"../../../Engine/Plugins/Experimental/EditorDataStorage/Binaries/Win64/UnrealEditor.modules" 954
"../../../Engine/Plugins/Experimental/EditorDataStorageFeatures/Binaries/Win64/UnrealEditor.modules" 955
"../../../Engine/Plugins/MetaHuman/MetaHumanCalibrationProcessing/Binaries/Win64/UnrealEditor.modules" 956
"../../../Engine/Plugins/Runtime/OpenCV/Binaries/Win64/UnrealEditor.modules" 957
"../../../Engine/Plugins/MetaHuman/MetaHumanCharacter/Binaries/Win64/UnrealEditor.modules" 958
"../../../Engine/Plugins/Runtime/AR/AppleAR/AppleARKit/Binaries/Win64/UnrealEditor.modules" 959
"../../../Engine/Plugins/Runtime/AR/AppleAR/AppleARKitFaceSupport/Binaries/Win64/UnrealEditor.modules" 960
"../../../Engine/Plugins/Experimental/LiveLinkControlRig/Binaries/Win64/UnrealEditor.modules" 961
"../../../Engine/Plugins/TextureGraph/Binaries/Win64/UnrealEditor.modules" 962
"../../../Engine/Plugins/ChaosClothAsset/Binaries/Win64/UnrealEditor.modules" 963
"../../../Engine/Plugins/ChaosClothAssetEditor/Binaries/Win64/UnrealEditor.modules" 964
"../../../Engine/Plugins/Experimental/ChaosOutfitAsset/Binaries/Win64/UnrealEditor.modules" 965
"../../../Engine/Plugins/Animation/PerformanceCaptureCore/Binaries/Win64/UnrealEditor.modules" 966
"../../../Engine/Plugins/Animation/IKRig/Binaries/Win64/UnrealEditor.modules" 967
"../../../Engine/Plugins/Developer/PluginUtils/Binaries/Win64/UnrealEditor.modules" 968
"../../../Engine/Plugins/Runtime/GeometryScripting/Binaries/Win64/UnrealEditor.modules" 969
"../../../Engine/Plugins/Runtime/XRBase/Binaries/Win64/UnrealEditor.modules" 970
"../../../Engine/Plugins/Runtime/AppleImageUtils/Binaries/Win64/UnrealEditor.modules" 971
"../../../Engine/Plugins/Runtime/AR/ARUtilities/Binaries/Win64/UnrealEditor.modules" 972
"../../../Engine/Plugins/Runtime/Synthesis/Binaries/Win64/UnrealEditor.modules" 973
"../../../Engine/Plugins/Mutable/Binaries/Win64/UnrealEditor.modules" 974
"../../../Engine/Plugins/Developer/RenderDocPlugin/Binaries/Win64/UnrealEditor.modules" 975
"../../../Engine/Plugins/Experimental/ImageWidgets/Binaries/Win64/UnrealEditor.modules" 976
"../../../Engine/Plugins/ChaosCloth/Binaries/Win64/UnrealEditor.modules" 977
"../../../Engine/Plugins/Importers/USDImporter/Binaries/Win64/UnrealEditor.modules" 978
"../../../Engine/Plugins/Experimental/MeshResizing/Binaries/Win64/UnrealEditor.modules" 979
"../../../Engine/Plugins/Experimental/FullBodyIK/Binaries/Win64/UnrealEditor.modules" 980
"../../../Engine/Plugins/Runtime/AudioSynesthesia/Binaries/Win64/UnrealEditor.modules" 981
"../../../Engine/Plugins/Runtime/SkeletalMerging/Binaries/Win64/UnrealEditor.modules" 982
"../../../Engine/Plugins/Editor/DataValidation/Binaries/Win64/UnrealEditor.modules" 983
"../../../Engine/Plugins/Runtime/USDCore/Binaries/Win64/UnrealEditor.modules" 984
"../../../Engine/Plugins/Runtime/Analytics/AnalyticsBlueprintLibrary/Binaries/Win64/UnrealEditor.modules" 985
"../../../Engine/Plugins/Experimental/GeometryCollectionPlugin/Binaries/Win64/UnrealEditor.modules" 986
"../../../Engine/Plugins/Experimental/ChaosSolverPlugin/Binaries/Win64/UnrealEditor.modules" 987
"../../../Engine/Plugins/Experimental/GeometryDataflow/Binaries/Win64/UnrealEditor.modules" 988
"../../../Engine/Plugins/Experimental/Fracture/Binaries/Win64/UnrealEditor.modules" 989
"../../../Engine/Plugins/Bridge/Binaries/Win64/UnrealEditor.modules" 990
"../../../Engine/Plugins/ChaosInsights/Binaries/Win64/UnrealEditor.modules" 991
"../../../Engine/Plugins/ChaosVD/Binaries/Win64/UnrealEditor.modules" 992
"../../../Engine/Plugins/CmdLinkServer/Binaries/Win64/UnrealEditor.modules" 993
"../../../Engine/Plugins/EnhancedInput/Binaries/Win64/UnrealEditor.modules" 994
"../../../Engine/Plugins/Fab/Binaries/Win64/UnrealEditor.modules" 995
"../../../Engine/Plugins/FastBuildController/Binaries/Win64/UnrealEditor.modules" 996
"../../../Engine/Plugins/IoStoreInsights/Binaries/Win64/UnrealEditor.modules" 997
"../../../Engine/Plugins/MassInsights/Binaries/Win64/UnrealEditor.modules" 998
"../../../Engine/Plugins/MeshPainting/Binaries/Win64/UnrealEditor.modules" 999
"../../../Engine/Plugins/Interchange/Editor/Binaries/Win64/UnrealEditor.modules" 1000
"../../../Engine/Plugins/RenderGraphInsights/Binaries/Win64/UnrealEditor.modules" 1001
"../../../Engine/Plugins/UbaController/Binaries/Win64/UnrealEditor.modules" 1002
"../../../Engine/Plugins/TraceUtilities/Binaries/Win64/UnrealEditor.modules" 1003
"../../../Engine/Plugins/WorldMetrics/Binaries/Win64/UnrealEditor.modules" 1004
"../../../Engine/Plugins/XGEController/Binaries/Win64/UnrealEditor.modules" 1005
"../../../Engine/Plugins/Editor/AssetManagerEditor/Binaries/Win64/UnrealEditor.modules" 1006
"../../../Engine/Plugins/Editor/BlueprintHeaderView/Binaries/Win64/UnrealEditor.modules" 1007
"../../../Engine/Plugins/Editor/ChangelistReview/Binaries/Win64/UnrealEditor.modules" 1008
"../../../Engine/Plugins/Editor/ColorGrading/Binaries/Win64/UnrealEditor.modules" 1009
"../../../Engine/Plugins/Editor/ObjectMixer/ObjectMixer/Binaries/Win64/UnrealEditor.modules" 1010
"../../../Engine/Plugins/Editor/CryptoKeys/Binaries/Win64/UnrealEditor.modules" 1011
"../../../Engine/Plugins/Editor/CurveEditorTools/Binaries/Win64/UnrealEditor.modules" 1012
"../../../Engine/Plugins/Editor/EditorDebugTools/Binaries/Win64/UnrealEditor.modules" 1013
"../../../Engine/Plugins/Editor/FacialAnimation/Binaries/Win64/UnrealEditor.modules" 1014
"../../../Engine/Plugins/Editor/GameplayTagsEditor/Binaries/Win64/UnrealEditor.modules" 1015
"../../../Engine/Plugins/Editor/GeometryMode/Binaries/Win64/UnrealEditor.modules" 1016
"../../../Engine/Plugins/Editor/MaterialAnalyzer/Binaries/Win64/UnrealEditor.modules" 1017
"../../../Engine/Plugins/Editor/MobileLauncherProfileWizard/Binaries/Win64/UnrealEditor.modules" 1018
"../../../Engine/Plugins/Editor/PluginBrowser/Binaries/Win64/UnrealEditor.modules" 1019
"../../../Engine/Plugins/Editor/SequencerAnimTools/Binaries/Win64/UnrealEditor.modules" 1020
"../../../Engine/Plugins/Editor/SpeedTreeImporter/Binaries/Win64/UnrealEditor.modules" 1021
"../../../Engine/Plugins/Editor/UVEditor/Binaries/Win64/UnrealEditor.modules" 1022
"../../../Engine/Plugins/Editor/WorldPartitionHLODUtilities/Binaries/Win64/UnrealEditor.modules" 1023
"../../../Engine/Plugins/Editor/UMGWidgetPreview/Binaries/Win64/UnrealEditor.modules" 1024
"../../../Engine/Plugins/Importers/AlembicImporter/Binaries/Win64/UnrealEditor.modules" 1025
"../../../Engine/Plugins/Enterprise/DatasmithContent/Binaries/Win64/UnrealEditor.modules" 1026
"../../../Engine/Plugins/Messaging/TcpMessaging/Binaries/Win64/UnrealEditor.modules" 1027
"../../../Engine/Plugins/Enterprise/GLTFExporter/Binaries/Win64/UnrealEditor.modules" 1028
"../../../Engine/Plugins/Messaging/UdpMessaging/Binaries/Win64/UnrealEditor.modules" 1029
"../../../Engine/Plugins/Runtime/ActorLayerUtilities/Binaries/Win64/UnrealEditor.modules" 1030
"../../../Engine/Plugins/Runtime/AndroidDeviceProfileSelector/Binaries/Win64/UnrealEditor.modules" 1031
"../../../Engine/Plugins/Runtime/AndroidFileServer/Binaries/Win64/UnrealEditor.modules" 1032
"../../../Engine/Plugins/Runtime/AndroidPermission/Binaries/Win64/UnrealEditor.modules" 1033
"../../../Engine/Plugins/Runtime/ArchVisCharacter/Binaries/Win64/UnrealEditor.modules" 1034
"../../../Engine/Plugins/Runtime/AssetTags/Binaries/Win64/UnrealEditor.modules" 1035
"../../../Engine/Plugins/Runtime/CableComponent/Binaries/Win64/UnrealEditor.modules" 1036
"../../../Engine/Plugins/Runtime/ChunkDownloader/Binaries/Win64/UnrealEditor.modules" 1037
"../../../Engine/Plugins/Runtime/CustomMeshComponent/Binaries/Win64/UnrealEditor.modules" 1038
"../../../Engine/Plugins/Runtime/ExampleDeviceProfileSelector/Binaries/Win64/UnrealEditor.modules" 1039
"../../../Engine/Plugins/Runtime/GooglePAD/Binaries/Win64/UnrealEditor.modules" 1040
"../../../Engine/Plugins/Runtime/InputDebugging/Binaries/Win64/UnrealEditor.modules" 1041
"../../../Engine/Plugins/Runtime/LocationServicesBPLibrary/Binaries/Win64/UnrealEditor.modules" 1042
"../../../Engine/Plugins/Runtime/Metasound/Binaries/Win64/UnrealEditor.modules" 1043
"../../../Engine/Plugins/Runtime/AudioWidgets/Binaries/Win64/UnrealEditor.modules" 1044
"../../../Engine/Plugins/Runtime/WaveTable/Binaries/Win64/UnrealEditor.modules" 1045
"../../../Engine/Plugins/Runtime/MobilePatchingUtils/Binaries/Win64/UnrealEditor.modules" 1046
"../../../Engine/Plugins/Runtime/MsQuic/Binaries/Win64/UnrealEditor.modules" 1047
"../../../Engine/Plugins/Runtime/ResonanceAudio/Binaries/Win64/UnrealEditor.modules" 1048
"../../../Engine/Plugins/Runtime/SoundFields/Binaries/Win64/UnrealEditor.modules" 1049
"../../../Engine/Plugins/Runtime/WebMMoviePlayer/Binaries/Win64/UnrealEditor.modules" 1050
"../../../Engine/Plugins/Media/WebMMedia/Binaries/Win64/UnrealEditor.modules" 1051
"../../../Engine/Plugins/Runtime/WindowsDeviceProfileSelector/Binaries/Win64/UnrealEditor.modules" 1052
"../../../Engine/Plugins/Runtime/WindowsMoviePlayer/Binaries/Win64/UnrealEditor.modules" 1053
"../../../Engine/Plugins/MovieScene/ActorSequence/Binaries/Win64/UnrealEditor.modules" 1054
"../../../Engine/Plugins/NNE/NNEDenoiser/Binaries/Win64/UnrealEditor.modules" 1055
"../../../Engine/Plugins/Online/OnlineBase/Binaries/Win64/UnrealEditor.modules" 1056
"../../../Engine/Plugins/Online/OnlineSubsystem/Binaries/Win64/UnrealEditor.modules" 1057
"../../../Engine/Plugins/2D/Paper2D/Binaries/Win64/UnrealEditor.modules" 1058
"../../../Engine/Plugins/Portal/LauncherChunkInstaller/Binaries/Win64/UnrealEditor.modules" 1059
"../../../Engine/Plugins/AI/AISupport/Binaries/Win64/UnrealEditor.modules" 1060
"../../../Engine/Plugins/AI/EnvironmentQueryEditor/Binaries/Win64/UnrealEditor.modules" 1061
"../../../Engine/Plugins/Animation/ACLPlugin/Binaries/Win64/UnrealEditor.modules" 1062
"../../../Engine/Plugins/Online/OnlineSubsystemNull/Binaries/Win64/UnrealEditor.modules" 1063
"../../../Engine/Plugins/Online/OnlineSubsystemUtils/Binaries/Win64/UnrealEditor.modules" 1064
"../../../Engine/Plugins/Online/OnlineServices/Binaries/Win64/UnrealEditor.modules" 1065
"../../../Engine/Plugins/Animation/AnimationData/Binaries/Win64/UnrealEditor.modules" 1066
"../../../Engine/Plugins/Animation/AnimationModifierLibrary/Binaries/Win64/UnrealEditor.modules" 1067
"../../../Engine/Plugins/Animation/BlendSpaceMotionAnalysis/Binaries/Win64/UnrealEditor.modules" 1068
"../../../Engine/Plugins/Animation/ControlRigSpline/Binaries/Win64/UnrealEditor.modules" 1069
"../../../Engine/Plugins/Cameras/CameraShakePreviewer/Binaries/Win64/UnrealEditor.modules" 1070
"../../../Engine/Plugins/Cameras/GameplayCameras/Binaries/Win64/UnrealEditor.modules" 1071
"../../../Engine/Plugins/MovieScene/TemplateSequence/Binaries/Win64/UnrealEditor.modules" 1072
"../../../Engine/Plugins/Cameras/EngineCameras/Binaries/Win64/UnrealEditor.modules" 1073
"../../../Engine/Plugins/Compression/OodleNetwork/Binaries/Win64/UnrealEditor.modules" 1074
"../../../Engine/Plugins/Animation/SkeletalMeshModelingTools/Binaries/Win64/UnrealEditor.modules" 1075
"../../../Engine/Plugins/Developer/CLionSourceCodeAccess/Binaries/Win64/UnrealEditor.modules" 1076
"../../../Engine/Plugins/Developer/AnimationSharing/Binaries/Win64/UnrealEditor.modules" 1077
"../../../Engine/Plugins/Runtime/SignificanceManager/Binaries/Win64/UnrealEditor.modules" 1078
"../../../Engine/Plugins/Developer/DumpGPUServices/Binaries/Win64/UnrealEditor.modules" 1079
"../../../Engine/Plugins/Developer/GitSourceControl/Binaries/Win64/UnrealEditor.modules" 1080
"../../../Engine/Plugins/Developer/N10XSourceCodeAccess/Binaries/Win64/UnrealEditor.modules" 1081
"../../../Engine/Plugins/Developer/PerforceSourceControl/Binaries/Win64/UnrealEditor.modules" 1082
"../../../Engine/Plugins/Developer/PixWinPlugin/Binaries/Win64/UnrealEditor.modules" 1083
"../../../Engine/Plugins/Developer/PlasticSourceControl/Binaries/Win64/UnrealEditor.modules" 1084
"../../../Engine/Plugins/Experimental/AdvancedRenamer/Binaries/Win64/UnrealEditor.modules" 1085
"../../../Engine/Plugins/Developer/PropertyAccessNode/Binaries/Win64/UnrealEditor.modules" 1086
"../../../Engine/Plugins/Developer/ProjectLauncher/Binaries/Win64/UnrealEditor.modules" 1087
"../../../Engine/Plugins/Developer/RiderSourceCodeAccess/Binaries/Win64/UnrealEditor.modules" 1088
"../../../Engine/Plugins/Developer/SubversionSourceControl/Binaries/Win64/UnrealEditor.modules" 1089
"../../../Engine/Plugins/Developer/TextureFormatOodle/Binaries/Win64/UnrealEditor.modules" 1090
"../../../Engine/Plugins/Developer/UObjectPlugin/Binaries/Win64/UnrealEditor.modules" 1091
"../../../Engine/Plugins/Developer/VisualStudioSourceCodeAccess/Binaries/Win64/UnrealEditor.modules" 1092
"../../../Engine/Plugins/Developer/VisualStudioCodeSourceCodeAccess/Binaries/Win64/UnrealEditor.modules" 1093
"../../../Engine/Plugins/Experimental/AutomationUtils/Binaries/Win64/UnrealEditor.modules" 1094
"../../../Engine/Plugins/Experimental/BackChannel/Binaries/Win64/UnrealEditor.modules" 1095
"../../../Engine/Plugins/Experimental/ChaosEditor/Binaries/Win64/UnrealEditor.modules" 1096
"../../../Engine/Plugins/Experimental/ChaosNiagara/Binaries/Win64/UnrealEditor.modules" 1097
"../../../Engine/Plugins/Experimental/ChaosUserDataPT/Binaries/Win64/UnrealEditor.modules" 1098
"../../../Engine/Plugins/Experimental/CharacterAI/Binaries/Win64/UnrealEditor.modules" 1099
"../../../Engine/Plugins/Experimental/EditorTelemetry/Binaries/Win64/UnrealEditor.modules" 1100
"../../../Engine/Plugins/Experimental/EditorPerformance/Binaries/Win64/UnrealEditor.modules" 1101
"../../../Engine/Plugins/Experimental/LevelSequenceNavigatorBridge/Binaries/Win64/UnrealEditor.modules" 1102
"../../../Engine/Plugins/Experimental/SequenceNavigator/Binaries/Win64/UnrealEditor.modules" 1103
"../../../Engine/Plugins/Experimental/LocalizableMessage/Binaries/Win64/UnrealEditor.modules" 1104
"../../../Engine/Plugins/Experimental/NFORDenoise/Binaries/Win64/UnrealEditor.modules" 1105
"../../../Engine/Plugins/Experimental/RuntimeTelemetry/Binaries/Win64/UnrealEditor.modules" 1106
"../../../Engine/Plugins/Experimental/SkeletalReduction/Binaries/Win64/UnrealEditor.modules" 1107
"../../../Engine/Plugins/FX/Cascade/Binaries/Win64/UnrealEditor.modules" 1108
"../../../Engine/Plugins/FX/NiagaraSimCaching/Binaries/Win64/UnrealEditor.modules" 1109
"../../../Engine/Plugins/Media/AndroidMedia/Binaries/Win64/UnrealEditor.modules" 1110
"../../../Engine/Plugins/Media/AvfMedia/Binaries/Win64/UnrealEditor.modules" 1111
"../../../Engine/Plugins/Media/MediaPlate/Binaries/Win64/UnrealEditor.modules" 1112
"../../../Engine/Plugins/Experimental/Compositing/CompositeCore/Binaries/Win64/UnrealEditor.modules" 1113
"../../../Engine/Plugins/Media/WmfMedia/Binaries/Win64/UnrealEditor.modules" 1114
"../../../Engine/Plugins/Tests/InterchangeTests/Binaries/Win64/UnrealEditor.modules" 1115
"../../../Engine/Plugins/Editor/ObjectMixer/LightMixer/Binaries/Win64/UnrealEditor.modules" 1116
"../../../Engine/Plugins/Runtime/Windows/XInputDevice/Binaries/Win64/UnrealEditor.modules" 1117
"../../../Engine/Plugins/Editor/Localization/PortableObjectFileDataSource/Binaries/Win64/UnrealEditor.modules" 1118
"../../../Engine/Plugins/Editor/ContentBrowser/ContentBrowserClassDataSource/Binaries/Win64/UnrealEditor.modules" 1119
"../../../Engine/Config/BaseSourceControlSettings.ini" 1120
"../../../Engine/Content/Internationalization/icudt64l/coll/ucadata.icu" 1121
"../../../Engine/Content/Internationalization/icudt64l/coll/en_US.res" 1122
"../../../Engine/Content/Internationalization/icudt64l/coll/en.res" 1123
"../../../Engine/Content/Internationalization/icudt64l/coll/root.res" 1124
"../../../Engine/Content/Certificates/ThirdParty/cacert.pem" 1125
"../../../Engine/Config/ConsoleVariables.ini" 1126
"../../../Engine/Binaries/Win64/Android/UnrealEditor.modules" 1127
"../../../Engine/Binaries/Win64/IOS/UnrealEditor.modules" 1128
"../../../Engine/Binaries/Win64/Linux/UnrealEditor.modules" 1129
"../../../Engine/Content/Localization/Editor/en/Editor.locres" 1130
"../../../Engine/Content/Localization/EditorTutorials/en/EditorTutorials.locres" 1131
"../../../Engine/Content/Localization/Keywords/en/Keywords.locres" 1132
"../../../Engine/Content/Localization/Category/en/Category.locres" 1133
"../../../Engine/Content/Localization/ToolTips/en/ToolTips.locres" 1134
"../../../Engine/Content/Localization/PropertyNames/en/PropertyNames.locres" 1135
"../../../Engine/Content/Localization/Engine/en/Engine.locres" 1136
"../../../Engine/Plugins/Online/OnlineSubsystem/Content/Localization/OnlineSubsystem/en/OnlineSubsystem.locres" 1137
"../../../Engine/Plugins/Online/OnlineSubsystemUtils/Content/Localization/OnlineSubsystemUtils/en/OnlineSubsystemUtils.locres" 1138
"../../../Engine/Plugins/MetaHuman/MetaHumanAnimator/Content/Localization/MetaHuman/en/MetaHuman.locres" 1139
"../../../Engine/Plugins/MetaHuman/MetaHumanCoreTechLib/Content/Localization/MetaHumanCoreTech/en/MetaHumanCoreTech.locres" 1140
"../../../Engine/Plugins/MetaHuman/MetaHumanCharacter/Content/Localization/MetaHumanCharacter/en/MetaHumanCharacter.locres" 1141
"../../../Engine/Plugins/MetaHuman/MetaHumanSDK/Content/Localization/MetaHumanSDK/en/MetaHumanSDK.locres" 1142
"../../../Engine/Plugins/Online/IOS/OnlineSubsystemIOS/Content/Localization/OnlineSubsystemIOS/en/OnlineSubsystemIOS.locres" 1143
"../../../Engine/Plugins/Online/Android/OnlineSubsystemGooglePlay/Content/Localization/OnlineSubsystemGooglePlay/en/OnlineSubsystemGooglePlay.locres" 1144
"../../../Engine/Content/Internationalization/icudt64l/en_IN.res" 1145
"../../../Engine/Content/Internationalization/icudt64l/en_001.res" 1146
"../../../Engine/Content/Internationalization/icudt64l/numberingSystems.res" 1147
"../../../Engine/Content/Internationalization/icudt64l/curr/supplementalData.res" 1148
"../../../Engine/Content/Internationalization/icudt64l/curr/en_IN.res" 1149
"../../../Engine/Content/Internationalization/icudt64l/curr/pool.res" 1150
"../../../Engine/Content/Internationalization/icudt64l/curr/en_001.res" 1151
"../../../Engine/Content/Internationalization/icudt64l/curr/en.res" 1152
"../../../Engine/Content/Internationalization/icudt64l/curr/root.res" 1153
"../../../Engine/Content/Internationalization/icudt64l/lang/af.res" 1154
"../../../Engine/Content/Internationalization/icudt64l/region/af.res" 1155
"../../../Engine/Content/Internationalization/icudt64l/lang/agq.res" 1156
"../../../Engine/Content/Internationalization/icudt64l/region/agq.res" 1157
"../../../Engine/Content/Internationalization/icudt64l/lang/ak.res" 1158
"../../../Engine/Content/Internationalization/icudt64l/region/ak.res" 1159
"../../../Engine/Content/Internationalization/icudt64l/lang/am.res" 1160
"../../../Engine/Content/Internationalization/icudt64l/region/am.res" 1161
"../../../Engine/Content/Internationalization/icudt64l/lang/ar.res" 1162
"../../../Engine/Content/Internationalization/icudt64l/region/ar.res" 1163
"../../../Engine/Content/Internationalization/icudt64l/region/ar_AE.res" 1164
"../../../Engine/Content/Internationalization/icudt64l/lang/ar_EG.res" 1165
"../../../Engine/Content/Internationalization/icudt64l/lang/ar_LY.res" 1166
"../../../Engine/Content/Internationalization/icudt64l/region/ar_LY.res" 1167
"../../../Engine/Content/Internationalization/icudt64l/lang/ar_SA.res" 1168
"../../../Engine/Content/Internationalization/icudt64l/region/ar_SA.res" 1169
"../../../Engine/Content/Internationalization/icudt64l/lang/as.res" 1170
"../../../Engine/Content/Internationalization/icudt64l/region/as.res" 1171
"../../../Engine/Content/Internationalization/icudt64l/lang/asa.res" 1172
"../../../Engine/Content/Internationalization/icudt64l/region/asa.res" 1173
"../../../Engine/Content/Internationalization/icudt64l/lang/ast.res" 1174
"../../../Engine/Content/Internationalization/icudt64l/region/ast.res" 1175
"../../../Engine/Content/Internationalization/icudt64l/lang/az.res" 1176
"../../../Engine/Content/Internationalization/icudt64l/lang/az_Cyrl.res" 1177
"../../../Engine/Content/Internationalization/icudt64l/lang/az_AZ.res" 1178
"../../../Engine/Content/Internationalization/icudt64l/lang/az_Latn_AZ.res" 1179
"../../../Engine/Content/Internationalization/icudt64l/lang/az_Latn.res" 1180
"../../../Engine/Content/Internationalization/icudt64l/region/az_AZ.res" 1181
"../../../Engine/Content/Internationalization/icudt64l/region/az_Latn_AZ.res" 1182
"../../../Engine/Content/Internationalization/icudt64l/region/az_Latn.res" 1183
"../../../Engine/Content/Internationalization/icudt64l/region/az.res" 1184
"../../../Engine/Content/Internationalization/icudt64l/region/az_Cyrl.res" 1185
"../../../Engine/Content/Internationalization/icudt64l/lang/bas.res" 1186
"../../../Engine/Content/Internationalization/icudt64l/region/bas.res" 1187
"../../../Engine/Content/Internationalization/icudt64l/lang/be.res" 1188
"../../../Engine/Content/Internationalization/icudt64l/region/be.res" 1189
"../../../Engine/Content/Internationalization/icudt64l/lang/bem.res" 1190
"../../../Engine/Content/Internationalization/icudt64l/region/bem.res" 1191
"../../../Engine/Content/Internationalization/icudt64l/lang/bez.res" 1192
"../../../Engine/Content/Internationalization/icudt64l/region/bez.res" 1193
"../../../Engine/Content/Internationalization/icudt64l/lang/bg.res" 1194
"../../../Engine/Content/Internationalization/icudt64l/region/bg.res" 1195
"../../../Engine/Content/Internationalization/icudt64l/lang/bm.res" 1196
"../../../Engine/Content/Internationalization/icudt64l/region/bm.res" 1197
"../../../Engine/Content/Internationalization/icudt64l/lang/bn.res" 1198
"../../../Engine/Content/Internationalization/icudt64l/region/bn.res" 1199
"../../../Engine/Content/Internationalization/icudt64l/lang/bn_IN.res" 1200
"../../../Engine/Content/Internationalization/icudt64l/region/bn_IN.res" 1201
"../../../Engine/Content/Internationalization/icudt64l/lang/bo.res" 1202
"../../../Engine/Content/Internationalization/icudt64l/region/bo.res" 1203
"../../../Engine/Content/Internationalization/icudt64l/region/bo_IN.res" 1204
"../../../Engine/Content/Internationalization/icudt64l/lang/br.res" 1205
"../../../Engine/Content/Internationalization/icudt64l/region/br.res" 1206
"../../../Engine/Content/Internationalization/icudt64l/lang/brx.res" 1207
"../../../Engine/Content/Internationalization/icudt64l/region/brx.res" 1208
"../../../Engine/Content/Internationalization/icudt64l/lang/bs.res" 1209
"../../../Engine/Content/Internationalization/icudt64l/lang/bs_Cyrl.res" 1210
"../../../Engine/Content/Internationalization/icudt64l/lang/bs_BA.res" 1211
"../../../Engine/Content/Internationalization/icudt64l/lang/bs_Latn_BA.res" 1212
"../../../Engine/Content/Internationalization/icudt64l/lang/bs_Latn.res" 1213
"../../../Engine/Content/Internationalization/icudt64l/region/bs_BA.res" 1214
"../../../Engine/Content/Internationalization/icudt64l/region/bs_Latn_BA.res" 1215
"../../../Engine/Content/Internationalization/icudt64l/region/bs_Latn.res" 1216
"../../../Engine/Content/Internationalization/icudt64l/region/bs.res" 1217
"../../../Engine/Content/Internationalization/icudt64l/region/bs_Cyrl.res" 1218
"../../../Engine/Content/Internationalization/icudt64l/lang/ca.res" 1219
"../../../Engine/Content/Internationalization/icudt64l/region/ca.res" 1220
"../../../Engine/Content/Internationalization/icudt64l/lang/ccp.res" 1221
"../../../Engine/Content/Internationalization/icudt64l/region/ccp.res" 1222
"../../../Engine/Content/Internationalization/icudt64l/lang/ce.res" 1223
"../../../Engine/Content/Internationalization/icudt64l/region/ce.res" 1224
"../../../Engine/Content/Internationalization/icudt64l/lang/ceb.res" 1225
"../../../Engine/Content/Internationalization/icudt64l/region/ceb.res" 1226
"../../../Engine/Content/Internationalization/icudt64l/lang/cgg.res" 1227
"../../../Engine/Content/Internationalization/icudt64l/region/cgg.res" 1228
"../../../Engine/Content/Internationalization/icudt64l/lang/chr.res" 1229
"../../../Engine/Content/Internationalization/icudt64l/region/chr.res" 1230
"../../../Engine/Content/Internationalization/icudt64l/lang/ckb.res" 1231
"../../../Engine/Content/Internationalization/icudt64l/region/ckb.res" 1232
"../../../Engine/Content/Internationalization/icudt64l/lang/cs.res" 1233
"../../../Engine/Content/Internationalization/icudt64l/region/cs.res" 1234
"../../../Engine/Content/Internationalization/icudt64l/lang/cy.res" 1235
"../../../Engine/Content/Internationalization/icudt64l/region/cy.res" 1236
"../../../Engine/Content/Internationalization/icudt64l/lang/da.res" 1237
"../../../Engine/Content/Internationalization/icudt64l/region/da.res" 1238
"../../../Engine/Content/Internationalization/icudt64l/lang/dav.res" 1239
"../../../Engine/Content/Internationalization/icudt64l/region/dav.res" 1240
"../../../Engine/Content/Internationalization/icudt64l/lang/de.res" 1241
"../../../Engine/Content/Internationalization/icudt64l/lang/de_AT.res" 1242
"../../../Engine/Content/Internationalization/icudt64l/region/de_AT.res" 1243
"../../../Engine/Content/Internationalization/icudt64l/region/de.res" 1244
"../../../Engine/Content/Internationalization/icudt64l/lang/de_CH.res" 1245
"../../../Engine/Content/Internationalization/icudt64l/region/de_CH.res" 1246
"../../../Engine/Content/Internationalization/icudt64l/lang/de_LU.res" 1247
"../../../Engine/Content/Internationalization/icudt64l/lang/dje.res" 1248
"../../../Engine/Content/Internationalization/icudt64l/region/dje.res" 1249
"../../../Engine/Content/Internationalization/icudt64l/lang/dsb.res" 1250
"../../../Engine/Content/Internationalization/icudt64l/region/dsb.res" 1251
"../../../Engine/Content/Internationalization/icudt64l/lang/dua.res" 1252
"../../../Engine/Content/Internationalization/icudt64l/region/dua.res" 1253
"../../../Engine/Content/Internationalization/icudt64l/lang/dyo.res" 1254
"../../../Engine/Content/Internationalization/icudt64l/region/dyo.res" 1255
"../../../Engine/Content/Internationalization/icudt64l/lang/dz.res" 1256
"../../../Engine/Content/Internationalization/icudt64l/region/dz.res" 1257
"../../../Engine/Content/Internationalization/icudt64l/lang/ebu.res" 1258
"../../../Engine/Content/Internationalization/icudt64l/region/ebu.res" 1259
"../../../Engine/Content/Internationalization/icudt64l/lang/ee.res" 1260
"../../../Engine/Content/Internationalization/icudt64l/region/ee.res" 1261
"../../../Engine/Content/Internationalization/icudt64l/lang/el.res" 1262
"../../../Engine/Content/Internationalization/icudt64l/region/el.res" 1263
"../../../Engine/Content/Internationalization/icudt64l/lang/en_150.res" 1264
"../../../Engine/Content/Internationalization/icudt64l/region/en_150.res" 1265
"../../../Engine/Content/Internationalization/icudt64l/lang/en_AG.res" 1266
"../../../Engine/Content/Internationalization/icudt64l/region/en_AG.res" 1267
"../../../Engine/Content/Internationalization/icudt64l/lang/en_AI.res" 1268
"../../../Engine/Content/Internationalization/icudt64l/region/en_AI.res" 1269
"../../../Engine/Content/Internationalization/icudt64l/lang/en_AT.res" 1270
"../../../Engine/Content/Internationalization/icudt64l/region/en_AT.res" 1271
"../../../Engine/Content/Internationalization/icudt64l/lang/en_AU.res" 1272
"../../../Engine/Content/Internationalization/icudt64l/region/en_AU.res" 1273
"../../../Engine/Content/Internationalization/icudt64l/lang/en_BB.res" 1274
"../../../Engine/Content/Internationalization/icudt64l/region/en_BB.res" 1275
"../../../Engine/Content/Internationalization/icudt64l/lang/en_BE.res" 1276
"../../../Engine/Content/Internationalization/icudt64l/region/en_BE.res" 1277
"../../../Engine/Content/Internationalization/icudt64l/lang/en_BM.res" 1278
"../../../Engine/Content/Internationalization/icudt64l/region/en_BM.res" 1279
"../../../Engine/Content/Internationalization/icudt64l/lang/en_BS.res" 1280
"../../../Engine/Content/Internationalization/icudt64l/region/en_BS.res" 1281
"../../../Engine/Content/Internationalization/icudt64l/lang/en_BW.res" 1282
"../../../Engine/Content/Internationalization/icudt64l/region/en_BW.res" 1283
"../../../Engine/Content/Internationalization/icudt64l/lang/en_BZ.res" 1284
"../../../Engine/Content/Internationalization/icudt64l/region/en_BZ.res" 1285
"../../../Engine/Content/Internationalization/icudt64l/lang/en_CA.res" 1286
"../../../Engine/Content/Internationalization/icudt64l/region/en_CA.res" 1287
"../../../Engine/Content/Internationalization/icudt64l/lang/en_CC.res" 1288
"../../../Engine/Content/Internationalization/icudt64l/region/en_CC.res" 1289
"../../../Engine/Content/Internationalization/icudt64l/lang/en_CH.res" 1290
"../../../Engine/Content/Internationalization/icudt64l/region/en_CH.res" 1291
"../../../Engine/Content/Internationalization/icudt64l/lang/en_CK.res" 1292
"../../../Engine/Content/Internationalization/icudt64l/region/en_CK.res" 1293
"../../../Engine/Content/Internationalization/icudt64l/lang/en_CM.res" 1294
"../../../Engine/Content/Internationalization/icudt64l/region/en_CM.res" 1295
"../../../Engine/Content/Internationalization/icudt64l/lang/en_CX.res" 1296
"../../../Engine/Content/Internationalization/icudt64l/region/en_CX.res" 1297
"../../../Engine/Content/Internationalization/icudt64l/lang/en_CY.res" 1298
"../../../Engine/Content/Internationalization/icudt64l/region/en_CY.res" 1299
"../../../Engine/Content/Internationalization/icudt64l/lang/en_DE.res" 1300
"../../../Engine/Content/Internationalization/icudt64l/region/en_DE.res" 1301
"../../../Engine/Content/Internationalization/icudt64l/lang/en_DG.res" 1302
"../../../Engine/Content/Internationalization/icudt64l/region/en_DG.res" 1303
"../../../Engine/Content/Internationalization/icudt64l/lang/en_DK.res" 1304
"../../../Engine/Content/Internationalization/icudt64l/region/en_DK.res" 1305
"../../../Engine/Content/Internationalization/icudt64l/lang/en_DM.res" 1306
"../../../Engine/Content/Internationalization/icudt64l/region/en_DM.res" 1307
"../../../Engine/Content/Internationalization/icudt64l/lang/en_ER.res" 1308
"../../../Engine/Content/Internationalization/icudt64l/region/en_ER.res" 1309
"../../../Engine/Content/Internationalization/icudt64l/lang/en_FI.res" 1310
"../../../Engine/Content/Internationalization/icudt64l/region/en_FI.res" 1311
"../../../Engine/Content/Internationalization/icudt64l/lang/en_FJ.res" 1312
"../../../Engine/Content/Internationalization/icudt64l/region/en_FJ.res" 1313
"../../../Engine/Content/Internationalization/icudt64l/lang/en_FK.res" 1314
"../../../Engine/Content/Internationalization/icudt64l/region/en_FK.res" 1315
"../../../Engine/Content/Internationalization/icudt64l/lang/en_FM.res" 1316
"../../../Engine/Content/Internationalization/icudt64l/region/en_FM.res" 1317
"../../../Engine/Content/Internationalization/icudt64l/lang/en_GB.res" 1318
"../../../Engine/Content/Internationalization/icudt64l/region/en_GB.res" 1319
"../../../Engine/Content/Internationalization/icudt64l/lang/en_GD.res" 1320
"../../../Engine/Content/Internationalization/icudt64l/region/en_GD.res" 1321
"../../../Engine/Content/Internationalization/icudt64l/lang/en_GG.res" 1322
"../../../Engine/Content/Internationalization/icudt64l/region/en_GG.res" 1323
"../../../Engine/Content/Internationalization/icudt64l/lang/en_GH.res" 1324
"../../../Engine/Content/Internationalization/icudt64l/region/en_GH.res" 1325
"../../../Engine/Content/Internationalization/icudt64l/lang/en_GI.res" 1326
"../../../Engine/Content/Internationalization/icudt64l/region/en_GI.res" 1327
"../../../Engine/Content/Internationalization/icudt64l/lang/en_GM.res" 1328
"../../../Engine/Content/Internationalization/icudt64l/region/en_GM.res" 1329
"../../../Engine/Content/Internationalization/icudt64l/lang/en_GY.res" 1330
"../../../Engine/Content/Internationalization/icudt64l/region/en_GY.res" 1331
"../../../Engine/Content/Internationalization/icudt64l/lang/en_HK.res" 1332
"../../../Engine/Content/Internationalization/icudt64l/region/en_HK.res" 1333
"../../../Engine/Content/Internationalization/icudt64l/lang/en_IE.res" 1334
"../../../Engine/Content/Internationalization/icudt64l/region/en_IE.res" 1335
"../../../Engine/Content/Internationalization/icudt64l/lang/en_IL.res" 1336
"../../../Engine/Content/Internationalization/icudt64l/region/en_IL.res" 1337
"../../../Engine/Content/Internationalization/icudt64l/lang/en_IM.res" 1338
"../../../Engine/Content/Internationalization/icudt64l/region/en_IM.res" 1339
"../../../Engine/Content/Internationalization/icudt64l/lang/en_IO.res" 1340
"../../../Engine/Content/Internationalization/icudt64l/region/en_IO.res" 1341
"../../../Engine/Content/Internationalization/icudt64l/lang/en_JE.res" 1342
"../../../Engine/Content/Internationalization/icudt64l/region/en_JE.res" 1343
"../../../Engine/Content/Internationalization/icudt64l/lang/en_JM.res" 1344
"../../../Engine/Content/Internationalization/icudt64l/region/en_JM.res" 1345
"../../../Engine/Content/Internationalization/icudt64l/lang/en_KE.res" 1346
"../../../Engine/Content/Internationalization/icudt64l/region/en_KE.res" 1347
"../../../Engine/Content/Internationalization/icudt64l/lang/en_KI.res" 1348
"../../../Engine/Content/Internationalization/icudt64l/region/en_KI.res" 1349
"../../../Engine/Content/Internationalization/icudt64l/lang/en_KN.res" 1350
"../../../Engine/Content/Internationalization/icudt64l/region/en_KN.res" 1351
"../../../Engine/Content/Internationalization/icudt64l/lang/en_KY.res" 1352
"../../../Engine/Content/Internationalization/icudt64l/region/en_KY.res" 1353
"../../../Engine/Content/Internationalization/icudt64l/lang/en_LC.res" 1354
"../../../Engine/Content/Internationalization/icudt64l/region/en_LC.res" 1355
"../../../Engine/Content/Internationalization/icudt64l/lang/en_LR.res" 1356
"../../../Engine/Content/Internationalization/icudt64l/region/en_LR.res" 1357
"../../../Engine/Content/Internationalization/icudt64l/lang/en_LS.res" 1358
"../../../Engine/Content/Internationalization/icudt64l/region/en_LS.res" 1359
"../../../Engine/Content/Internationalization/icudt64l/lang/en_MG.res" 1360
"../../../Engine/Content/Internationalization/icudt64l/region/en_MG.res" 1361
"../../../Engine/Content/Internationalization/icudt64l/lang/en_MO.res" 1362
"../../../Engine/Content/Internationalization/icudt64l/region/en_MO.res" 1363
"../../../Engine/Content/Internationalization/icudt64l/lang/en_MS.res" 1364
"../../../Engine/Content/Internationalization/icudt64l/region/en_MS.res" 1365
"../../../Engine/Content/Internationalization/icudt64l/lang/en_MT.res" 1366
"../../../Engine/Content/Internationalization/icudt64l/region/en_MT.res" 1367
"../../../Engine/Content/Internationalization/icudt64l/lang/en_MU.res" 1368
"../../../Engine/Content/Internationalization/icudt64l/region/en_MU.res" 1369
"../../../Engine/Content/Internationalization/icudt64l/lang/en_MW.res" 1370
"../../../Engine/Content/Internationalization/icudt64l/region/en_MW.res" 1371
"../../../Engine/Content/Internationalization/icudt64l/lang/en_MY.res" 1372
"../../../Engine/Content/Internationalization/icudt64l/region/en_MY.res" 1373
"../../../Engine/Content/Internationalization/icudt64l/lang/en_NA.res" 1374
"../../../Engine/Content/Internationalization/icudt64l/region/en_NA.res" 1375
"../../../Engine/Content/Internationalization/icudt64l/lang/en_NF.res" 1376
"../../../Engine/Content/Internationalization/icudt64l/region/en_NF.res" 1377
"../../../Engine/Content/Internationalization/icudt64l/lang/en_NG.res" 1378
"../../../Engine/Content/Internationalization/icudt64l/region/en_NG.res" 1379
"../../../Engine/Content/Internationalization/icudt64l/lang/en_NL.res" 1380
"../../../Engine/Content/Internationalization/icudt64l/region/en_NL.res" 1381
"../../../Engine/Content/Internationalization/icudt64l/lang/en_NR.res" 1382
"../../../Engine/Content/Internationalization/icudt64l/region/en_NR.res" 1383
"../../../Engine/Content/Internationalization/icudt64l/lang/en_NU.res" 1384
"../../../Engine/Content/Internationalization/icudt64l/region/en_NU.res" 1385
"../../../Engine/Content/Internationalization/icudt64l/lang/en_NZ.res" 1386
"../../../Engine/Content/Internationalization/icudt64l/region/en_NZ.res" 1387
"../../../Engine/Content/Internationalization/icudt64l/lang/en_PG.res" 1388
"../../../Engine/Content/Internationalization/icudt64l/region/en_PG.res" 1389
"../../../Engine/Content/Internationalization/icudt64l/lang/en_PH.res" 1390
"../../../Engine/Content/Internationalization/icudt64l/region/en_PH.res" 1391
"../../../Engine/Content/Internationalization/icudt64l/lang/en_PK.res" 1392
"../../../Engine/Content/Internationalization/icudt64l/region/en_PK.res" 1393
"../../../Engine/Content/Internationalization/icudt64l/lang/en_PN.res" 1394
"../../../Engine/Content/Internationalization/icudt64l/region/en_PN.res" 1395
"../../../Engine/Content/Internationalization/icudt64l/lang/en_PW.res" 1396
"../../../Engine/Content/Internationalization/icudt64l/region/en_PW.res" 1397
"../../../Engine/Content/Internationalization/icudt64l/lang/en_RW.res" 1398
"../../../Engine/Content/Internationalization/icudt64l/region/en_RW.res" 1399
"../../../Engine/Content/Internationalization/icudt64l/lang/en_SB.res" 1400
"../../../Engine/Content/Internationalization/icudt64l/region/en_SB.res" 1401
"../../../Engine/Content/Internationalization/icudt64l/lang/en_SC.res" 1402
"../../../Engine/Content/Internationalization/icudt64l/region/en_SC.res" 1403
"../../../Engine/Content/Internationalization/icudt64l/lang/en_SD.res" 1404
"../../../Engine/Content/Internationalization/icudt64l/region/en_SD.res" 1405
"../../../Engine/Content/Internationalization/icudt64l/lang/en_SE.res" 1406
"../../../Engine/Content/Internationalization/icudt64l/region/en_SE.res" 1407
"../../../Engine/Content/Internationalization/icudt64l/lang/en_SG.res" 1408
"../../../Engine/Content/Internationalization/icudt64l/region/en_SG.res" 1409
"../../../Engine/Content/Internationalization/icudt64l/lang/en_SH.res" 1410
"../../../Engine/Content/Internationalization/icudt64l/region/en_SH.res" 1411
"../../../Engine/Content/Internationalization/icudt64l/lang/en_SI.res" 1412
"../../../Engine/Content/Internationalization/icudt64l/region/en_SI.res" 1413
"../../../Engine/Content/Internationalization/icudt64l/lang/en_SL.res" 1414
"../../../Engine/Content/Internationalization/icudt64l/region/en_SL.res" 1415
"../../../Engine/Content/Internationalization/icudt64l/lang/en_SS.res" 1416
"../../../Engine/Content/Internationalization/icudt64l/region/en_SS.res" 1417
"../../../Engine/Content/Internationalization/icudt64l/lang/en_SX.res" 1418
"../../../Engine/Content/Internationalization/icudt64l/region/en_SX.res" 1419
"../../../Engine/Content/Internationalization/icudt64l/lang/en_SZ.res" 1420
"../../../Engine/Content/Internationalization/icudt64l/region/en_SZ.res" 1421
"../../../Engine/Content/Internationalization/icudt64l/lang/en_TC.res" 1422
"../../../Engine/Content/Internationalization/icudt64l/region/en_TC.res" 1423
"../../../Engine/Content/Internationalization/icudt64l/lang/en_TK.res" 1424
"../../../Engine/Content/Internationalization/icudt64l/region/en_TK.res" 1425
"../../../Engine/Content/Internationalization/icudt64l/lang/en_TO.res" 1426
"../../../Engine/Content/Internationalization/icudt64l/region/en_TO.res" 1427
"../../../Engine/Content/Internationalization/icudt64l/lang/en_TT.res" 1428
"../../../Engine/Content/Internationalization/icudt64l/region/en_TT.res" 1429
"../../../Engine/Content/Internationalization/icudt64l/lang/en_TV.res" 1430
"../../../Engine/Content/Internationalization/icudt64l/region/en_TV.res" 1431
"../../../Engine/Content/Internationalization/icudt64l/lang/en_TZ.res" 1432
"../../../Engine/Content/Internationalization/icudt64l/region/en_TZ.res" 1433
"../../../Engine/Content/Internationalization/icudt64l/lang/en_UG.res" 1434
"../../../Engine/Content/Internationalization/icudt64l/region/en_UG.res" 1435
"../../../Engine/Content/Internationalization/icudt64l/lang/en_VC.res" 1436
"../../../Engine/Content/Internationalization/icudt64l/region/en_VC.res" 1437
"../../../Engine/Content/Internationalization/icudt64l/lang/en_VG.res" 1438
"../../../Engine/Content/Internationalization/icudt64l/region/en_VG.res" 1439
"../../../Engine/Content/Internationalization/icudt64l/lang/en_VU.res" 1440
"../../../Engine/Content/Internationalization/icudt64l/region/en_VU.res" 1441
"../../../Engine/Content/Internationalization/icudt64l/lang/en_WS.res" 1442
"../../../Engine/Content/Internationalization/icudt64l/region/en_WS.res" 1443
"../../../Engine/Content/Internationalization/icudt64l/lang/en_ZA.res" 1444
"../../../Engine/Content/Internationalization/icudt64l/region/en_ZA.res" 1445
"../../../Engine/Content/Internationalization/icudt64l/lang/en_ZM.res" 1446
"../../../Engine/Content/Internationalization/icudt64l/region/en_ZM.res" 1447
"../../../Engine/Content/Internationalization/icudt64l/lang/en_ZW.res" 1448
"../../../Engine/Content/Internationalization/icudt64l/region/en_ZW.res" 1449
"../../../Engine/Content/Internationalization/icudt64l/lang/eo.res" 1450
"../../../Engine/Content/Internationalization/icudt64l/region/eo.res" 1451
"../../../Engine/Content/Internationalization/icudt64l/lang/es.res" 1452
"../../../Engine/Content/Internationalization/icudt64l/lang/es_419.res" 1453
"../../../Engine/Content/Internationalization/icudt64l/region/es_419.res" 1454
"../../../Engine/Content/Internationalization/icudt64l/region/es.res" 1455
"../../../Engine/Content/Internationalization/icudt64l/lang/es_AR.res" 1456
"../../../Engine/Content/Internationalization/icudt64l/region/es_AR.res" 1457
"../../../Engine/Content/Internationalization/icudt64l/lang/es_BO.res" 1458
"../../../Engine/Content/Internationalization/icudt64l/region/es_BO.res" 1459
"../../../Engine/Content/Internationalization/icudt64l/lang/es_BR.res" 1460
"../../../Engine/Content/Internationalization/icudt64l/region/es_BR.res" 1461
"../../../Engine/Content/Internationalization/icudt64l/lang/es_BZ.res" 1462
"../../../Engine/Content/Internationalization/icudt64l/region/es_BZ.res" 1463
"../../../Engine/Content/Internationalization/icudt64l/lang/es_CL.res" 1464
"../../../Engine/Content/Internationalization/icudt64l/region/es_CL.res" 1465
"../../../Engine/Content/Internationalization/icudt64l/lang/es_CO.res" 1466
"../../../Engine/Content/Internationalization/icudt64l/region/es_CO.res" 1467
"../../../Engine/Content/Internationalization/icudt64l/lang/es_CR.res" 1468
"../../../Engine/Content/Internationalization/icudt64l/region/es_CR.res" 1469
"../../../Engine/Content/Internationalization/icudt64l/lang/es_CU.res" 1470
"../../../Engine/Content/Internationalization/icudt64l/region/es_CU.res" 1471
"../../../Engine/Content/Internationalization/icudt64l/lang/es_DO.res" 1472
"../../../Engine/Content/Internationalization/icudt64l/region/es_DO.res" 1473
"../../../Engine/Content/Internationalization/icudt64l/lang/es_EC.res" 1474
"../../../Engine/Content/Internationalization/icudt64l/region/es_EC.res" 1475
"../../../Engine/Content/Internationalization/icudt64l/lang/es_GT.res" 1476
"../../../Engine/Content/Internationalization/icudt64l/region/es_GT.res" 1477
"../../../Engine/Content/Internationalization/icudt64l/lang/es_HN.res" 1478
"../../../Engine/Content/Internationalization/icudt64l/region/es_HN.res" 1479
"../../../Engine/Content/Internationalization/icudt64l/lang/es_MX.res" 1480
"../../../Engine/Content/Internationalization/icudt64l/region/es_MX.res" 1481
"../../../Engine/Content/Internationalization/icudt64l/lang/es_NI.res" 1482
"../../../Engine/Content/Internationalization/icudt64l/region/es_NI.res" 1483
"../../../Engine/Content/Internationalization/icudt64l/lang/es_PA.res" 1484
"../../../Engine/Content/Internationalization/icudt64l/region/es_PA.res" 1485
"../../../Engine/Content/Internationalization/icudt64l/lang/es_PE.res" 1486
"../../../Engine/Content/Internationalization/icudt64l/region/es_PE.res" 1487
"../../../Engine/Content/Internationalization/icudt64l/lang/es_PR.res" 1488
"../../../Engine/Content/Internationalization/icudt64l/region/es_PR.res" 1489
"../../../Engine/Content/Internationalization/icudt64l/lang/es_PY.res" 1490
"../../../Engine/Content/Internationalization/icudt64l/region/es_PY.res" 1491
"../../../Engine/Content/Internationalization/icudt64l/lang/es_SV.res" 1492
"../../../Engine/Content/Internationalization/icudt64l/region/es_SV.res" 1493
"../../../Engine/Content/Internationalization/icudt64l/lang/es_US.res" 1494
"../../../Engine/Content/Internationalization/icudt64l/region/es_US.res" 1495
"../../../Engine/Content/Internationalization/icudt64l/lang/es_UY.res" 1496
"../../../Engine/Content/Internationalization/icudt64l/region/es_UY.res" 1497
"../../../Engine/Content/Internationalization/icudt64l/lang/es_VE.res" 1498
"../../../Engine/Content/Internationalization/icudt64l/region/es_VE.res" 1499
"../../../Engine/Content/Internationalization/icudt64l/lang/et.res" 1500
"../../../Engine/Content/Internationalization/icudt64l/region/et.res" 1501
"../../../Engine/Content/Internationalization/icudt64l/lang/eu.res" 1502
"../../../Engine/Content/Internationalization/icudt64l/region/eu.res" 1503
"../../../Engine/Content/Internationalization/icudt64l/lang/ewo.res" 1504
"../../../Engine/Content/Internationalization/icudt64l/region/ewo.res" 1505
"../../../Engine/Content/Internationalization/icudt64l/lang/fa.res" 1506
"../../../Engine/Content/Internationalization/icudt64l/lang/fa_AF.res" 1507
"../../../Engine/Content/Internationalization/icudt64l/region/fa_AF.res" 1508
"../../../Engine/Content/Internationalization/icudt64l/region/fa.res" 1509
"../../../Engine/Content/Internationalization/icudt64l/lang/ff.res" 1510
"../../../Engine/Content/Internationalization/icudt64l/lang/ff_Latn.res" 1511
"../../../Engine/Content/Internationalization/icudt64l/region/ff.res" 1512
"../../../Engine/Content/Internationalization/icudt64l/region/ff_Latn.res" 1513
"../../../Engine/Content/Internationalization/icudt64l/lang/ff_CM.res" 1514
"../../../Engine/Content/Internationalization/icudt64l/lang/ff_Latn_CM.res" 1515
"../../../Engine/Content/Internationalization/icudt64l/region/ff_CM.res" 1516
"../../../Engine/Content/Internationalization/icudt64l/region/ff_Latn_CM.res" 1517
"../../../Engine/Content/Internationalization/icudt64l/lang/ff_GN.res" 1518
"../../../Engine/Content/Internationalization/icudt64l/lang/ff_Latn_GN.res" 1519
"../../../Engine/Content/Internationalization/icudt64l/region/ff_GN.res" 1520
"../../../Engine/Content/Internationalization/icudt64l/region/ff_Latn_GN.res" 1521
"../../../Engine/Content/Internationalization/icudt64l/lang/ff_MR.res" 1522
"../../../Engine/Content/Internationalization/icudt64l/lang/ff_Latn_MR.res" 1523
"../../../Engine/Content/Internationalization/icudt64l/region/ff_MR.res" 1524
"../../../Engine/Content/Internationalization/icudt64l/region/ff_Latn_MR.res" 1525
"../../../Engine/Content/Internationalization/icudt64l/lang/ff_SN.res" 1526
"../../../Engine/Content/Internationalization/icudt64l/lang/ff_Latn_SN.res" 1527
"../../../Engine/Content/Internationalization/icudt64l/region/ff_SN.res" 1528
"../../../Engine/Content/Internationalization/icudt64l/region/ff_Latn_SN.res" 1529
"../../../Engine/Content/Internationalization/icudt64l/lang/fi.res" 1530
"../../../Engine/Content/Internationalization/icudt64l/region/fi.res" 1531
"../../../Engine/Content/Internationalization/icudt64l/lang/fil.res" 1532
"../../../Engine/Content/Internationalization/icudt64l/lang/fil_PH.res" 1533
"../../../Engine/Content/Internationalization/icudt64l/region/fil_PH.res" 1534
"../../../Engine/Content/Internationalization/icudt64l/region/fil.res" 1535
"../../../Engine/Content/Internationalization/icudt64l/lang/fo.res" 1536
"../../../Engine/Content/Internationalization/icudt64l/region/fo.res" 1537
"../../../Engine/Content/Internationalization/icudt64l/lang/fr.res" 1538
"../../../Engine/Content/Internationalization/icudt64l/lang/fr_BE.res" 1539
"../../../Engine/Content/Internationalization/icudt64l/region/fr_BE.res" 1540
"../../../Engine/Content/Internationalization/icudt64l/region/fr.res" 1541
"../../../Engine/Content/Internationalization/icudt64l/lang/fr_CA.res" 1542
"../../../Engine/Content/Internationalization/icudt64l/region/fr_CA.res" 1543
"../../../Engine/Content/Internationalization/icudt64l/lang/fr_CH.res" 1544
"../../../Engine/Content/Internationalization/icudt64l/lang/fur.res" 1545
"../../../Engine/Content/Internationalization/icudt64l/region/fur.res" 1546
"../../../Engine/Content/Internationalization/icudt64l/lang/fy.res" 1547
"../../../Engine/Content/Internationalization/icudt64l/region/fy.res" 1548
"../../../Engine/Content/Internationalization/icudt64l/lang/ga.res" 1549
"../../../Engine/Content/Internationalization/icudt64l/region/ga.res" 1550
"../../../Engine/Content/Internationalization/icudt64l/lang/gd.res" 1551
"../../../Engine/Content/Internationalization/icudt64l/region/gd.res" 1552
"../../../Engine/Content/Internationalization/icudt64l/lang/gl.res" 1553
"../../../Engine/Content/Internationalization/icudt64l/region/gl.res" 1554
"../../../Engine/Content/Internationalization/icudt64l/lang/gsw.res" 1555
"../../../Engine/Content/Internationalization/icudt64l/region/gsw.res" 1556
"../../../Engine/Content/Internationalization/icudt64l/lang/gu.res" 1557
"../../../Engine/Content/Internationalization/icudt64l/region/gu.res" 1558
"../../../Engine/Content/Internationalization/icudt64l/lang/guz.res" 1559
"../../../Engine/Content/Internationalization/icudt64l/region/guz.res" 1560
"../../../Engine/Content/Internationalization/icudt64l/lang/gv.res" 1561
"../../../Engine/Content/Internationalization/icudt64l/region/gv.res" 1562
"../../../Engine/Content/Internationalization/icudt64l/lang/ha.res" 1563
"../../../Engine/Content/Internationalization/icudt64l/region/ha.res" 1564
"../../../Engine/Content/Internationalization/icudt64l/lang/ha_NE.res" 1565
"../../../Engine/Content/Internationalization/icudt64l/region/ha_NE.res" 1566
"../../../Engine/Content/Internationalization/icudt64l/lang/haw.res" 1567
"../../../Engine/Content/Internationalization/icudt64l/region/haw.res" 1568
"../../../Engine/Content/Internationalization/icudt64l/lang/he.res" 1569
"../../../Engine/Content/Internationalization/icudt64l/lang/he_IL.res" 1570
"../../../Engine/Content/Internationalization/icudt64l/region/he_IL.res" 1571
"../../../Engine/Content/Internationalization/icudt64l/region/he.res" 1572
"../../../Engine/Content/Internationalization/icudt64l/lang/hi.res" 1573
"../../../Engine/Content/Internationalization/icudt64l/region/hi.res" 1574
"../../../Engine/Content/Internationalization/icudt64l/lang/hr.res" 1575
"../../../Engine/Content/Internationalization/icudt64l/region/hr.res" 1576
"../../../Engine/Content/Internationalization/icudt64l/lang/hsb.res" 1577
"../../../Engine/Content/Internationalization/icudt64l/region/hsb.res" 1578
"../../../Engine/Content/Internationalization/icudt64l/lang/hu.res" 1579
"../../../Engine/Content/Internationalization/icudt64l/region/hu.res" 1580
"../../../Engine/Content/Internationalization/icudt64l/lang/hy.res" 1581
"../../../Engine/Content/Internationalization/icudt64l/region/hy.res" 1582
"../../../Engine/Content/Internationalization/icudt64l/lang/ia.res" 1583
"../../../Engine/Content/Internationalization/icudt64l/region/ia.res" 1584
"../../../Engine/Content/Internationalization/icudt64l/lang/id.res" 1585
"../../../Engine/Content/Internationalization/icudt64l/lang/id_ID.res" 1586
"../../../Engine/Content/Internationalization/icudt64l/region/id_ID.res" 1587
"../../../Engine/Content/Internationalization/icudt64l/region/id.res" 1588
"../../../Engine/Content/Internationalization/icudt64l/lang/ig.res" 1589
"../../../Engine/Content/Internationalization/icudt64l/region/ig.res" 1590
"../../../Engine/Content/Internationalization/icudt64l/lang/ii.res" 1591
"../../../Engine/Content/Internationalization/icudt64l/region/ii.res" 1592
"../../../Engine/Content/Internationalization/icudt64l/lang/is.res" 1593
"../../../Engine/Content/Internationalization/icudt64l/region/is.res" 1594
"../../../Engine/Content/Internationalization/icudt64l/lang/it.res" 1595
"../../../Engine/Content/Internationalization/icudt64l/region/it.res" 1596
"../../../Engine/Content/Internationalization/icudt64l/lang/ja.res" 1597
"../../../Engine/Content/Internationalization/icudt64l/lang/ja_JP.res" 1598
"../../../Engine/Content/Internationalization/icudt64l/region/ja_JP.res" 1599
"../../../Engine/Content/Internationalization/icudt64l/region/ja.res" 1600
"../../../Engine/Content/Internationalization/icudt64l/lang/jgo.res" 1601
"../../../Engine/Content/Internationalization/icudt64l/region/jgo.res" 1602
"../../../Engine/Content/Internationalization/icudt64l/lang/jmc.res" 1603
"../../../Engine/Content/Internationalization/icudt64l/region/jmc.res" 1604
"../../../Engine/Content/Internationalization/icudt64l/lang/jv.res" 1605
"../../../Engine/Content/Internationalization/icudt64l/region/jv.res" 1606
"../../../Engine/Content/Internationalization/icudt64l/lang/ka.res" 1607
"../../../Engine/Content/Internationalization/icudt64l/region/ka.res" 1608
"../../../Engine/Content/Internationalization/icudt64l/lang/kab.res" 1609
"../../../Engine/Content/Internationalization/icudt64l/region/kab.res" 1610
"../../../Engine/Content/Internationalization/icudt64l/lang/kam.res" 1611
"../../../Engine/Content/Internationalization/icudt64l/region/kam.res" 1612
"../../../Engine/Content/Internationalization/icudt64l/lang/kde.res" 1613
"../../../Engine/Content/Internationalization/icudt64l/region/kde.res" 1614
"../../../Engine/Content/Internationalization/icudt64l/lang/kea.res" 1615
"../../../Engine/Content/Internationalization/icudt64l/region/kea.res" 1616
"../../../Engine/Content/Internationalization/icudt64l/lang/khq.res" 1617
"../../../Engine/Content/Internationalization/icudt64l/region/khq.res" 1618
"../../../Engine/Content/Internationalization/icudt64l/lang/ki.res" 1619
"../../../Engine/Content/Internationalization/icudt64l/region/ki.res" 1620
"../../../Engine/Content/Internationalization/icudt64l/lang/kk.res" 1621
"../../../Engine/Content/Internationalization/icudt64l/region/kk.res" 1622
"../../../Engine/Content/Internationalization/icudt64l/lang/kkj.res" 1623
"../../../Engine/Content/Internationalization/icudt64l/region/kkj.res" 1624
"../../../Engine/Content/Internationalization/icudt64l/lang/kl.res" 1625
"../../../Engine/Content/Internationalization/icudt64l/region/kl.res" 1626
"../../../Engine/Content/Internationalization/icudt64l/lang/kln.res" 1627
"../../../Engine/Content/Internationalization/icudt64l/region/kln.res" 1628
"../../../Engine/Content/Internationalization/icudt64l/lang/km.res" 1629
"../../../Engine/Content/Internationalization/icudt64l/region/km.res" 1630
"../../../Engine/Content/Internationalization/icudt64l/lang/kn.res" 1631
"../../../Engine/Content/Internationalization/icudt64l/region/kn.res" 1632
"../../../Engine/Content/Internationalization/icudt64l/lang/ko.res" 1633
"../../../Engine/Content/Internationalization/icudt64l/region/ko_KP.res" 1634
"../../../Engine/Content/Internationalization/icudt64l/region/ko.res" 1635
"../../../Engine/Content/Internationalization/icudt64l/lang/kok.res" 1636
"../../../Engine/Content/Internationalization/icudt64l/region/kok.res" 1637
"../../../Engine/Content/Internationalization/icudt64l/lang/ks.res" 1638
"../../../Engine/Content/Internationalization/icudt64l/region/ks.res" 1639
"../../../Engine/Content/Internationalization/icudt64l/lang/ksb.res" 1640
"../../../Engine/Content/Internationalization/icudt64l/region/ksb.res" 1641
"../../../Engine/Content/Internationalization/icudt64l/lang/ksf.res" 1642
"../../../Engine/Content/Internationalization/icudt64l/region/ksf.res" 1643
"../../../Engine/Content/Internationalization/icudt64l/lang/ksh.res" 1644
"../../../Engine/Content/Internationalization/icudt64l/region/ksh.res" 1645
"../../../Engine/Content/Internationalization/icudt64l/lang/ku.res" 1646
"../../../Engine/Content/Internationalization/icudt64l/region/ku.res" 1647
"../../../Engine/Content/Internationalization/icudt64l/lang/kw.res" 1648
"../../../Engine/Content/Internationalization/icudt64l/region/kw.res" 1649
"../../../Engine/Content/Internationalization/icudt64l/lang/ky.res" 1650
"../../../Engine/Content/Internationalization/icudt64l/region/ky.res" 1651
"../../../Engine/Content/Internationalization/icudt64l/lang/lag.res" 1652
"../../../Engine/Content/Internationalization/icudt64l/region/lag.res" 1653
"../../../Engine/Content/Internationalization/icudt64l/lang/lb.res" 1654
"../../../Engine/Content/Internationalization/icudt64l/region/lb.res" 1655
"../../../Engine/Content/Internationalization/icudt64l/lang/lg.res" 1656
"../../../Engine/Content/Internationalization/icudt64l/region/lg.res" 1657
"../../../Engine/Content/Internationalization/icudt64l/lang/lkt.res" 1658
"../../../Engine/Content/Internationalization/icudt64l/region/lkt.res" 1659
"../../../Engine/Content/Internationalization/icudt64l/lang/ln.res" 1660
"../../../Engine/Content/Internationalization/icudt64l/region/ln.res" 1661
"../../../Engine/Content/Internationalization/icudt64l/lang/lo.res" 1662
"../../../Engine/Content/Internationalization/icudt64l/region/lo.res" 1663
"../../../Engine/Content/Internationalization/icudt64l/lang/lrc.res" 1664
"../../../Engine/Content/Internationalization/icudt64l/region/lrc.res" 1665
"../../../Engine/Content/Internationalization/icudt64l/lang/lt.res" 1666
"../../../Engine/Content/Internationalization/icudt64l/region/lt.res" 1667
"../../../Engine/Content/Internationalization/icudt64l/lang/lu.res" 1668
"../../../Engine/Content/Internationalization/icudt64l/region/lu.res" 1669
"../../../Engine/Content/Internationalization/icudt64l/lang/luo.res" 1670
"../../../Engine/Content/Internationalization/icudt64l/region/luo.res" 1671
"../../../Engine/Content/Internationalization/icudt64l/lang/luy.res" 1672
"../../../Engine/Content/Internationalization/icudt64l/region/luy.res" 1673
"../../../Engine/Content/Internationalization/icudt64l/lang/lv.res" 1674
"../../../Engine/Content/Internationalization/icudt64l/region/lv.res" 1675
"../../../Engine/Content/Internationalization/icudt64l/lang/mas.res" 1676
"../../../Engine/Content/Internationalization/icudt64l/region/mas.res" 1677
"../../../Engine/Content/Internationalization/icudt64l/lang/mer.res" 1678
"../../../Engine/Content/Internationalization/icudt64l/region/mer.res" 1679
"../../../Engine/Content/Internationalization/icudt64l/lang/mfe.res" 1680
"../../../Engine/Content/Internationalization/icudt64l/region/mfe.res" 1681
"../../../Engine/Content/Internationalization/icudt64l/lang/mg.res" 1682
"../../../Engine/Content/Internationalization/icudt64l/region/mg.res" 1683
"../../../Engine/Content/Internationalization/icudt64l/lang/mgh.res" 1684
"../../../Engine/Content/Internationalization/icudt64l/region/mgh.res" 1685
"../../../Engine/Content/Internationalization/icudt64l/lang/mgo.res" 1686
"../../../Engine/Content/Internationalization/icudt64l/region/mgo.res" 1687
"../../../Engine/Content/Internationalization/icudt64l/lang/mi.res" 1688
"../../../Engine/Content/Internationalization/icudt64l/region/mi.res" 1689
"../../../Engine/Content/Internationalization/icudt64l/lang/mk.res" 1690
"../../../Engine/Content/Internationalization/icudt64l/region/mk.res" 1691
"../../../Engine/Content/Internationalization/icudt64l/lang/ml.res" 1692
"../../../Engine/Content/Internationalization/icudt64l/region/ml.res" 1693
"../../../Engine/Content/Internationalization/icudt64l/lang/mn.res" 1694
"../../../Engine/Content/Internationalization/icudt64l/region/mn.res" 1695
"../../../Engine/Content/Internationalization/icudt64l/lang/mr.res" 1696
"../../../Engine/Content/Internationalization/icudt64l/region/mr.res" 1697
"../../../Engine/Content/Internationalization/icudt64l/lang/ms.res" 1698
"../../../Engine/Content/Internationalization/icudt64l/region/ms.res" 1699
"../../../Engine/Content/Internationalization/icudt64l/lang/mt.res" 1700
"../../../Engine/Content/Internationalization/icudt64l/region/mt.res" 1701
"../../../Engine/Content/Internationalization/icudt64l/lang/mua.res" 1702
"../../../Engine/Content/Internationalization/icudt64l/region/mua.res" 1703
"../../../Engine/Content/Internationalization/icudt64l/lang/my.res" 1704
"../../../Engine/Content/Internationalization/icudt64l/region/my.res" 1705
"../../../Engine/Content/Internationalization/icudt64l/lang/mzn.res" 1706
"../../../Engine/Content/Internationalization/icudt64l/region/mzn.res" 1707
"../../../Engine/Content/Internationalization/icudt64l/lang/naq.res" 1708
"../../../Engine/Content/Internationalization/icudt64l/region/naq.res" 1709
"../../../Engine/Content/Internationalization/icudt64l/lang/nb.res" 1710
"../../../Engine/Content/Internationalization/icudt64l/lang/nb_NO.res" 1711
"../../../Engine/Content/Internationalization/icudt64l/region/nb_NO.res" 1712
"../../../Engine/Content/Internationalization/icudt64l/region/nb.res" 1713
"../../../Engine/Content/Internationalization/icudt64l/lang/nd.res" 1714
"../../../Engine/Content/Internationalization/icudt64l/region/nd.res" 1715
"../../../Engine/Content/Internationalization/icudt64l/lang/nds.res" 1716
"../../../Engine/Content/Internationalization/icudt64l/region/nds.res" 1717
"../../../Engine/Content/Internationalization/icudt64l/lang/ne.res" 1718
"../../../Engine/Content/Internationalization/icudt64l/region/ne.res" 1719
"../../../Engine/Content/Internationalization/icudt64l/lang/nl.res" 1720
"../../../Engine/Content/Internationalization/icudt64l/region/nl.res" 1721
"../../../Engine/Content/Internationalization/icudt64l/lang/nmg.res" 1722
"../../../Engine/Content/Internationalization/icudt64l/region/nmg.res" 1723
"../../../Engine/Content/Internationalization/icudt64l/lang/nn.res" 1724
"../../../Engine/Content/Internationalization/icudt64l/lang/nn_NO.res" 1725
"../../../Engine/Content/Internationalization/icudt64l/region/nn_NO.res" 1726
"../../../Engine/Content/Internationalization/icudt64l/region/nn.res" 1727
"../../../Engine/Content/Internationalization/icudt64l/lang/nnh.res" 1728
"../../../Engine/Content/Internationalization/icudt64l/region/nnh.res" 1729
"../../../Engine/Content/Internationalization/icudt64l/lang/nus.res" 1730
"../../../Engine/Content/Internationalization/icudt64l/region/nus.res" 1731
"../../../Engine/Content/Internationalization/icudt64l/lang/nyn.res" 1732
"../../../Engine/Content/Internationalization/icudt64l/region/nyn.res" 1733
"../../../Engine/Content/Internationalization/icudt64l/lang/om.res" 1734
"../../../Engine/Content/Internationalization/icudt64l/region/om.res" 1735
"../../../Engine/Content/Internationalization/icudt64l/lang/or.res" 1736
"../../../Engine/Content/Internationalization/icudt64l/region/or.res" 1737
"../../../Engine/Content/Internationalization/icudt64l/lang/os.res" 1738
"../../../Engine/Content/Internationalization/icudt64l/region/os.res" 1739
"../../../Engine/Content/Internationalization/icudt64l/lang/pa.res" 1740
"../../../Engine/Content/Internationalization/icudt64l/lang/pa_Arab.res" 1741
"../../../Engine/Content/Internationalization/icudt64l/lang/pa_PK.res" 1742
"../../../Engine/Content/Internationalization/icudt64l/lang/pa_Arab_PK.res" 1743
"../../../Engine/Content/Internationalization/icudt64l/region/pa_PK.res" 1744
"../../../Engine/Content/Internationalization/icudt64l/region/pa_Arab_PK.res" 1745
"../../../Engine/Content/Internationalization/icudt64l/region/pa_Arab.res" 1746
"../../../Engine/Content/Internationalization/icudt64l/lang/pa_Guru.res" 1747
"../../../Engine/Content/Internationalization/icudt64l/lang/pa_IN.res" 1748
"../../../Engine/Content/Internationalization/icudt64l/lang/pa_Guru_IN.res" 1749
"../../../Engine/Content/Internationalization/icudt64l/region/pa_IN.res" 1750
"../../../Engine/Content/Internationalization/icudt64l/region/pa_Guru_IN.res" 1751
"../../../Engine/Content/Internationalization/icudt64l/region/pa_Guru.res" 1752
"../../../Engine/Content/Internationalization/icudt64l/region/pa.res" 1753
"../../../Engine/Content/Internationalization/icudt64l/lang/pl.res" 1754
"../../../Engine/Content/Internationalization/icudt64l/region/pl.res" 1755
"../../../Engine/Content/Internationalization/icudt64l/lang/ps.res" 1756
"../../../Engine/Content/Internationalization/icudt64l/region/ps.res" 1757
"../../../Engine/Content/Internationalization/icudt64l/lang/ps_PK.res" 1758
"../../../Engine/Content/Internationalization/icudt64l/region/ps_PK.res" 1759
"../../../Engine/Content/Internationalization/icudt64l/lang/pt.res" 1760
"../../../Engine/Content/Internationalization/icudt64l/lang/pt_AO.res" 1761
"../../../Engine/Content/Internationalization/icudt64l/lang/pt_PT.res" 1762
"../../../Engine/Content/Internationalization/icudt64l/region/pt_AO.res" 1763
"../../../Engine/Content/Internationalization/icudt64l/region/pt_PT.res" 1764
"../../../Engine/Content/Internationalization/icudt64l/region/pt.res" 1765
"../../../Engine/Content/Internationalization/icudt64l/lang/pt_CH.res" 1766
"../../../Engine/Content/Internationalization/icudt64l/region/pt_CH.res" 1767
"../../../Engine/Content/Internationalization/icudt64l/lang/pt_CV.res" 1768
"../../../Engine/Content/Internationalization/icudt64l/region/pt_CV.res" 1769
"../../../Engine/Content/Internationalization/icudt64l/lang/pt_GQ.res" 1770
"../../../Engine/Content/Internationalization/icudt64l/region/pt_GQ.res" 1771
"../../../Engine/Content/Internationalization/icudt64l/lang/pt_GW.res" 1772
"../../../Engine/Content/Internationalization/icudt64l/region/pt_GW.res" 1773
"../../../Engine/Content/Internationalization/icudt64l/lang/pt_LU.res" 1774
"../../../Engine/Content/Internationalization/icudt64l/region/pt_LU.res" 1775
"../../../Engine/Content/Internationalization/icudt64l/lang/pt_MO.res" 1776
"../../../Engine/Content/Internationalization/icudt64l/region/pt_MO.res" 1777
"../../../Engine/Content/Internationalization/icudt64l/lang/pt_MZ.res" 1778
"../../../Engine/Content/Internationalization/icudt64l/region/pt_MZ.res" 1779
"../../../Engine/Content/Internationalization/icudt64l/lang/pt_ST.res" 1780
"../../../Engine/Content/Internationalization/icudt64l/region/pt_ST.res" 1781
"../../../Engine/Content/Internationalization/icudt64l/lang/pt_TL.res" 1782
"../../../Engine/Content/Internationalization/icudt64l/region/pt_TL.res" 1783
"../../../Engine/Content/Internationalization/icudt64l/lang/qu.res" 1784
"../../../Engine/Content/Internationalization/icudt64l/region/qu.res" 1785
"../../../Engine/Content/Internationalization/icudt64l/lang/rm.res" 1786
"../../../Engine/Content/Internationalization/icudt64l/region/rm.res" 1787
"../../../Engine/Content/Internationalization/icudt64l/lang/rn.res" 1788
"../../../Engine/Content/Internationalization/icudt64l/region/rn.res" 1789
"../../../Engine/Content/Internationalization/icudt64l/lang/ro.res" 1790
"../../../Engine/Content/Internationalization/icudt64l/lang/ro_MD.res" 1791
"../../../Engine/Content/Internationalization/icudt64l/region/ro_MD.res" 1792
"../../../Engine/Content/Internationalization/icudt64l/region/ro.res" 1793
"../../../Engine/Content/Internationalization/icudt64l/lang/rof.res" 1794
"../../../Engine/Content/Internationalization/icudt64l/region/rof.res" 1795
"../../../Engine/Content/Internationalization/icudt64l/lang/ru.res" 1796
"../../../Engine/Content/Internationalization/icudt64l/region/ru.res" 1797
"../../../Engine/Content/Internationalization/icudt64l/region/ru_UA.res" 1798
"../../../Engine/Content/Internationalization/icudt64l/lang/rw.res" 1799
"../../../Engine/Content/Internationalization/icudt64l/region/rw.res" 1800
"../../../Engine/Content/Internationalization/icudt64l/lang/rwk.res" 1801
"../../../Engine/Content/Internationalization/icudt64l/region/rwk.res" 1802
"../../../Engine/Content/Internationalization/icudt64l/lang/sah.res" 1803
"../../../Engine/Content/Internationalization/icudt64l/region/sah.res" 1804
"../../../Engine/Content/Internationalization/icudt64l/lang/saq.res" 1805
"../../../Engine/Content/Internationalization/icudt64l/region/saq.res" 1806
"../../../Engine/Content/Internationalization/icudt64l/lang/sbp.res" 1807
"../../../Engine/Content/Internationalization/icudt64l/region/sbp.res" 1808
"../../../Engine/Content/Internationalization/icudt64l/lang/sd.res" 1809
"../../../Engine/Content/Internationalization/icudt64l/region/sd.res" 1810
"../../../Engine/Content/Internationalization/icudt64l/lang/se.res" 1811
"../../../Engine/Content/Internationalization/icudt64l/lang/se_FI.res" 1812
"../../../Engine/Content/Internationalization/icudt64l/region/se_FI.res" 1813
"../../../Engine/Content/Internationalization/icudt64l/region/se.res" 1814
"../../../Engine/Content/Internationalization/icudt64l/lang/seh.res" 1815
"../../../Engine/Content/Internationalization/icudt64l/region/seh.res" 1816
"../../../Engine/Content/Internationalization/icudt64l/lang/ses.res" 1817
"../../../Engine/Content/Internationalization/icudt64l/region/ses.res" 1818
"../../../Engine/Content/Internationalization/icudt64l/lang/sg.res" 1819
"../../../Engine/Content/Internationalization/icudt64l/region/sg.res" 1820
"../../../Engine/Content/Internationalization/icudt64l/lang/shi.res" 1821
"../../../Engine/Content/Internationalization/icudt64l/lang/shi_Latn.res" 1822
"../../../Engine/Content/Internationalization/icudt64l/lang/shi_MA.res" 1823
"../../../Engine/Content/Internationalization/icudt64l/lang/shi_Tfng_MA.res" 1824
"../../../Engine/Content/Internationalization/icudt64l/lang/shi_Tfng.res" 1825
"../../../Engine/Content/Internationalization/icudt64l/region/shi_MA.res" 1826
"../../../Engine/Content/Internationalization/icudt64l/region/shi_Tfng_MA.res" 1827
"../../../Engine/Content/Internationalization/icudt64l/region/shi_Tfng.res" 1828
"../../../Engine/Content/Internationalization/icudt64l/region/shi.res" 1829
"../../../Engine/Content/Internationalization/icudt64l/region/shi_Latn.res" 1830
"../../../Engine/Content/Internationalization/icudt64l/lang/si.res" 1831
"../../../Engine/Content/Internationalization/icudt64l/region/si.res" 1832
"../../../Engine/Content/Internationalization/icudt64l/lang/sk.res" 1833
"../../../Engine/Content/Internationalization/icudt64l/region/sk.res" 1834
"../../../Engine/Content/Internationalization/icudt64l/lang/sl.res" 1835
"../../../Engine/Content/Internationalization/icudt64l/region/sl.res" 1836
"../../../Engine/Content/Internationalization/icudt64l/lang/smn.res" 1837
"../../../Engine/Content/Internationalization/icudt64l/region/smn.res" 1838
"../../../Engine/Content/Internationalization/icudt64l/lang/sn.res" 1839
"../../../Engine/Content/Internationalization/icudt64l/region/sn.res" 1840
"../../../Engine/Content/Internationalization/icudt64l/lang/so.res" 1841
"../../../Engine/Content/Internationalization/icudt64l/region/so.res" 1842
"../../../Engine/Content/Internationalization/icudt64l/lang/sq.res" 1843
"../../../Engine/Content/Internationalization/icudt64l/region/sq.res" 1844
"../../../Engine/Content/Internationalization/icudt64l/lang/sr.res" 1845
"../../../Engine/Content/Internationalization/icudt64l/lang/sr_Cyrl.res" 1846
"../../../Engine/Content/Internationalization/icudt64l/lang/sr_BA.res" 1847
"../../../Engine/Content/Internationalization/icudt64l/lang/sr_Cyrl_BA.res" 1848
"../../../Engine/Content/Internationalization/icudt64l/region/sr_BA.res" 1849
"../../../Engine/Content/Internationalization/icudt64l/region/sr_Cyrl_BA.res" 1850
"../../../Engine/Content/Internationalization/icudt64l/region/sr_Cyrl.res" 1851
"../../../Engine/Content/Internationalization/icudt64l/region/sr.res" 1852
"../../../Engine/Content/Internationalization/icudt64l/lang/sr_ME.res" 1853
"../../../Engine/Content/Internationalization/icudt64l/lang/sr_Latn_ME.res" 1854
"../../../Engine/Content/Internationalization/icudt64l/lang/sr_Latn.res" 1855
"../../../Engine/Content/Internationalization/icudt64l/region/sr_ME.res" 1856
"../../../Engine/Content/Internationalization/icudt64l/region/sr_Latn_ME.res" 1857
"../../../Engine/Content/Internationalization/icudt64l/region/sr_Latn.res" 1858
"../../../Engine/Content/Internationalization/icudt64l/lang/sr_Cyrl_ME.res" 1859
"../../../Engine/Content/Internationalization/icudt64l/region/sr_Cyrl_ME.res" 1860
"../../../Engine/Content/Internationalization/icudt64l/lang/sr_RS.res" 1861
"../../../Engine/Content/Internationalization/icudt64l/lang/sr_Cyrl_RS.res" 1862
"../../../Engine/Content/Internationalization/icudt64l/region/sr_RS.res" 1863
"../../../Engine/Content/Internationalization/icudt64l/region/sr_Cyrl_RS.res" 1864
"../../../Engine/Content/Internationalization/icudt64l/lang/sr_XK.res" 1865
"../../../Engine/Content/Internationalization/icudt64l/lang/sr_Cyrl_XK.res" 1866
"../../../Engine/Content/Internationalization/icudt64l/region/sr_XK.res" 1867
"../../../Engine/Content/Internationalization/icudt64l/region/sr_Cyrl_XK.res" 1868
"../../../Engine/Content/Internationalization/icudt64l/lang/sr_Latn_BA.res" 1869
"../../../Engine/Content/Internationalization/icudt64l/region/sr_Latn_BA.res" 1870
"../../../Engine/Content/Internationalization/icudt64l/lang/sr_Latn_RS.res" 1871
"../../../Engine/Content/Internationalization/icudt64l/region/sr_Latn_RS.res" 1872
"../../../Engine/Content/Internationalization/icudt64l/lang/sr_Latn_XK.res" 1873
"../../../Engine/Content/Internationalization/icudt64l/region/sr_Latn_XK.res" 1874
"../../../Engine/Content/Internationalization/icudt64l/lang/sv.res" 1875
"../../../Engine/Content/Internationalization/icudt64l/region/sv.res" 1876
"../../../Engine/Content/Internationalization/icudt64l/lang/sv_FI.res" 1877
"../../../Engine/Content/Internationalization/icudt64l/lang/sw.res" 1878
"../../../Engine/Content/Internationalization/icudt64l/lang/sw_CD.res" 1879
"../../../Engine/Content/Internationalization/icudt64l/region/sw_CD.res" 1880
"../../../Engine/Content/Internationalization/icudt64l/region/sw.res" 1881
"../../../Engine/Content/Internationalization/icudt64l/lang/sw_KE.res" 1882
"../../../Engine/Content/Internationalization/icudt64l/region/sw_KE.res" 1883
"../../../Engine/Content/Internationalization/icudt64l/lang/ta.res" 1884
"../../../Engine/Content/Internationalization/icudt64l/region/ta.res" 1885
"../../../Engine/Content/Internationalization/icudt64l/lang/te.res" 1886
"../../../Engine/Content/Internationalization/icudt64l/region/te.res" 1887
"../../../Engine/Content/Internationalization/icudt64l/lang/teo.res" 1888
"../../../Engine/Content/Internationalization/icudt64l/region/teo.res" 1889
"../../../Engine/Content/Internationalization/icudt64l/lang/tg.res" 1890
"../../../Engine/Content/Internationalization/icudt64l/region/tg.res" 1891
"../../../Engine/Content/Internationalization/icudt64l/lang/th.res" 1892
"../../../Engine/Content/Internationalization/icudt64l/lang/th_TH.res" 1893
"../../../Engine/Content/Internationalization/icudt64l/region/th_TH.res" 1894
"../../../Engine/Content/Internationalization/icudt64l/region/th.res" 1895
"../../../Engine/Content/Internationalization/icudt64l/lang/ti.res" 1896
"../../../Engine/Content/Internationalization/icudt64l/region/ti.res" 1897
"../../../Engine/Content/Internationalization/icudt64l/lang/tk.res" 1898
"../../../Engine/Content/Internationalization/icudt64l/region/tk.res" 1899
"../../../Engine/Content/Internationalization/icudt64l/lang/to.res" 1900
"../../../Engine/Content/Internationalization/icudt64l/region/to.res" 1901
"../../../Engine/Content/Internationalization/icudt64l/lang/tr.res" 1902
"../../../Engine/Content/Internationalization/icudt64l/region/tr.res" 1903
"../../../Engine/Content/Internationalization/icudt64l/lang/tt.res" 1904
"../../../Engine/Content/Internationalization/icudt64l/region/tt.res" 1905
"../../../Engine/Content/Internationalization/icudt64l/lang/twq.res" 1906
"../../../Engine/Content/Internationalization/icudt64l/region/twq.res" 1907
"../../../Engine/Content/Internationalization/icudt64l/lang/tzm.res" 1908
"../../../Engine/Content/Internationalization/icudt64l/region/tzm.res" 1909
"../../../Engine/Content/Internationalization/icudt64l/lang/ug.res" 1910
"../../../Engine/Content/Internationalization/icudt64l/region/ug.res" 1911
"../../../Engine/Content/Internationalization/icudt64l/lang/uk.res" 1912
"../../../Engine/Content/Internationalization/icudt64l/region/uk.res" 1913
"../../../Engine/Content/Internationalization/icudt64l/lang/ur.res" 1914
"../../../Engine/Content/Internationalization/icudt64l/lang/ur_IN.res" 1915
"../../../Engine/Content/Internationalization/icudt64l/region/ur_IN.res" 1916
"../../../Engine/Content/Internationalization/icudt64l/region/ur.res" 1917
"../../../Engine/Content/Internationalization/icudt64l/lang/uz.res" 1918
"../../../Engine/Content/Internationalization/icudt64l/lang/uz_Arab.res" 1919
"../../../Engine/Content/Internationalization/icudt64l/lang/uz_AF.res" 1920
"../../../Engine/Content/Internationalization/icudt64l/lang/uz_Arab_AF.res" 1921
"../../../Engine/Content/Internationalization/icudt64l/region/uz_AF.res" 1922
"../../../Engine/Content/Internationalization/icudt64l/region/uz_Arab_AF.res" 1923
"../../../Engine/Content/Internationalization/icudt64l/region/uz_Arab.res" 1924
"../../../Engine/Content/Internationalization/icudt64l/lang/uz_Cyrl.res" 1925
"../../../Engine/Content/Internationalization/icudt64l/lang/uz_UZ.res" 1926
"../../../Engine/Content/Internationalization/icudt64l/lang/uz_Latn_UZ.res" 1927
"../../../Engine/Content/Internationalization/icudt64l/lang/uz_Latn.res" 1928
"../../../Engine/Content/Internationalization/icudt64l/region/uz_UZ.res" 1929
"../../../Engine/Content/Internationalization/icudt64l/region/uz_Latn_UZ.res" 1930
"../../../Engine/Content/Internationalization/icudt64l/region/uz_Latn.res" 1931
"../../../Engine/Content/Internationalization/icudt64l/region/uz.res" 1932
"../../../Engine/Content/Internationalization/icudt64l/region/uz_Cyrl.res" 1933
"../../../Engine/Content/Internationalization/icudt64l/lang/vai.res" 1934
"../../../Engine/Content/Internationalization/icudt64l/lang/vai_Latn.res" 1935
"../../../Engine/Content/Internationalization/icudt64l/lang/vai_LR.res" 1936
"../../../Engine/Content/Internationalization/icudt64l/lang/vai_Vaii_LR.res" 1937
"../../../Engine/Content/Internationalization/icudt64l/lang/vai_Vaii.res" 1938
"../../../Engine/Content/Internationalization/icudt64l/region/vai_LR.res" 1939
"../../../Engine/Content/Internationalization/icudt64l/region/vai_Vaii_LR.res" 1940
"../../../Engine/Content/Internationalization/icudt64l/region/vai_Vaii.res" 1941
"../../../Engine/Content/Internationalization/icudt64l/region/vai.res" 1942
"../../../Engine/Content/Internationalization/icudt64l/region/vai_Latn.res" 1943
"../../../Engine/Content/Internationalization/icudt64l/lang/vi.res" 1944
"../../../Engine/Content/Internationalization/icudt64l/region/vi.res" 1945
"../../../Engine/Content/Internationalization/icudt64l/lang/vun.res" 1946
"../../../Engine/Content/Internationalization/icudt64l/region/vun.res" 1947
"../../../Engine/Content/Internationalization/icudt64l/lang/wae.res" 1948
"../../../Engine/Content/Internationalization/icudt64l/region/wae.res" 1949
"../../../Engine/Content/Internationalization/icudt64l/lang/wo.res" 1950
"../../../Engine/Content/Internationalization/icudt64l/region/wo.res" 1951
"../../../Engine/Content/Internationalization/icudt64l/lang/xh.res" 1952
"../../../Engine/Content/Internationalization/icudt64l/region/xh.res" 1953
"../../../Engine/Content/Internationalization/icudt64l/lang/xog.res" 1954
"../../../Engine/Content/Internationalization/icudt64l/region/xog.res" 1955
"../../../Engine/Content/Internationalization/icudt64l/lang/yav.res" 1956
"../../../Engine/Content/Internationalization/icudt64l/region/yav.res" 1957
"../../../Engine/Content/Internationalization/icudt64l/lang/yi.res" 1958
"../../../Engine/Content/Internationalization/icudt64l/region/yi.res" 1959
"../../../Engine/Content/Internationalization/icudt64l/lang/yo.res" 1960
"../../../Engine/Content/Internationalization/icudt64l/lang/yo_BJ.res" 1961
"../../../Engine/Content/Internationalization/icudt64l/region/yo_BJ.res" 1962
"../../../Engine/Content/Internationalization/icudt64l/region/yo.res" 1963
"../../../Engine/Content/Internationalization/icudt64l/lang/yue.res" 1964
"../../../Engine/Content/Internationalization/icudt64l/lang/yue_Hans.res" 1965
"../../../Engine/Content/Internationalization/icudt64l/lang/yue_CN.res" 1966
"../../../Engine/Content/Internationalization/icudt64l/lang/yue_Hans_CN.res" 1967
"../../../Engine/Content/Internationalization/icudt64l/region/yue_CN.res" 1968
"../../../Engine/Content/Internationalization/icudt64l/region/yue_Hans_CN.res" 1969
"../../../Engine/Content/Internationalization/icudt64l/region/yue_Hans.res" 1970
"../../../Engine/Content/Internationalization/icudt64l/lang/yue_Hant.res" 1971
"../../../Engine/Content/Internationalization/icudt64l/lang/yue_HK.res" 1972
"../../../Engine/Content/Internationalization/icudt64l/lang/yue_Hant_HK.res" 1973
"../../../Engine/Content/Internationalization/icudt64l/region/yue_HK.res" 1974
"../../../Engine/Content/Internationalization/icudt64l/region/yue_Hant_HK.res" 1975
"../../../Engine/Content/Internationalization/icudt64l/region/yue_Hant.res" 1976
"../../../Engine/Content/Internationalization/icudt64l/region/yue.res" 1977
"../../../Engine/Content/Internationalization/icudt64l/lang/zgh.res" 1978
"../../../Engine/Content/Internationalization/icudt64l/region/zgh.res" 1979
"../../../Engine/Content/Internationalization/icudt64l/lang/zh.res" 1980
"../../../Engine/Content/Internationalization/icudt64l/lang/zh_Hans.res" 1981
"../../../Engine/Content/Internationalization/icudt64l/lang/zh_CN.res" 1982
"../../../Engine/Content/Internationalization/icudt64l/lang/zh_Hans_CN.res" 1983
"../../../Engine/Content/Internationalization/icudt64l/region/zh_CN.res" 1984
"../../../Engine/Content/Internationalization/icudt64l/region/zh_Hans_CN.res" 1985
"../../../Engine/Content/Internationalization/icudt64l/region/zh_Hans.res" 1986
"../../../Engine/Content/Internationalization/icudt64l/region/zh.res" 1987
"../../../Engine/Content/Internationalization/icudt64l/lang/zh_HK.res" 1988
"../../../Engine/Content/Internationalization/icudt64l/lang/zh_Hant_HK.res" 1989
"../../../Engine/Content/Internationalization/icudt64l/lang/zh_Hant.res" 1990
"../../../Engine/Content/Internationalization/icudt64l/region/zh_HK.res" 1991
"../../../Engine/Content/Internationalization/icudt64l/region/zh_Hant_HK.res" 1992
"../../../Engine/Content/Internationalization/icudt64l/region/zh_Hant.res" 1993
"../../../Engine/Content/Internationalization/icudt64l/lang/zh_MO.res" 1994
"../../../Engine/Content/Internationalization/icudt64l/lang/zh_Hant_MO.res" 1995
"../../../Engine/Content/Internationalization/icudt64l/region/zh_MO.res" 1996
"../../../Engine/Content/Internationalization/icudt64l/region/zh_Hant_MO.res" 1997
"../../../Engine/Content/Internationalization/icudt64l/lang/zh_SG.res" 1998
"../../../Engine/Content/Internationalization/icudt64l/lang/zh_Hans_SG.res" 1999
"../../../Engine/Content/Internationalization/icudt64l/region/zh_SG.res" 2000
"../../../Engine/Content/Internationalization/icudt64l/region/zh_Hans_SG.res" 2001
"../../../Engine/Content/Internationalization/icudt64l/lang/zh_TW.res" 2002
"../../../Engine/Content/Internationalization/icudt64l/lang/zh_Hant_TW.res" 2003
"../../../Engine/Content/Internationalization/icudt64l/region/zh_TW.res" 2004
"../../../Engine/Content/Internationalization/icudt64l/region/zh_Hant_TW.res" 2005
"../../../Engine/Content/Internationalization/icudt64l/lang/zu.res" 2006
"../../../Engine/Content/Internationalization/icudt64l/region/zu.res" 2007
"../../../Engine/Content/Internationalization/icudt64l/lang/no.res" 2008
"../../../Engine/Content/Internationalization/icudt64l/lang/tl.res" 2009
"../../../Engine/Config/Android/DataDrivenPlatformInfo.ini" 2010
"../../../Engine/Config/IOS/DataDrivenPlatformInfo.ini" 2011
"../../../Engine/Config/Linux/DataDrivenPlatformInfo.ini" 2012
"../../../Engine/Config/Mac/DataDrivenPlatformInfo.ini" 2013
"../../../Engine/Config/TVOS/DataDrivenPlatformInfo.ini" 2014
"../../../Engine/Config/Unix/DataDrivenPlatformInfo.ini" 2015
"../../../Engine/Config/VulkanPC/DataDrivenPlatformInfo.ini" 2016
"../../../Engine/Config/Windows/DataDrivenPlatformInfo.ini" 2017
"../../../Engine/Platforms/VisionOS/Config/DataDrivenPlatformInfo.ini" 2018
"../../../Engine/Content/Renderer/TessellationTable.bin" 2019
"../../../Engine/DerivedDataCache/Compressed.ddp" 2020
"C:/Users/BHAWESH WASNIK/AppData/Local/UnrealEngine/5.6/Saved/Zen/zen.version" 2021
"C:/Users/BHAWESH WASNIK/AppData/Local/UnrealEngine/Common/Zen/Install/zen.version" 2022
"C:/Users/BHAWESH WASNIK/AppData/Local/UnrealEngine/Common/Zen/Install/zenserver.runcontext" 2023
"C:/Users/BHAWESH WASNIK/AppData/Local/UnrealEngine/Common/DerivedDataCache/TestData/0/TestData_4kb.dat" 2024
"C:/Users/BHAWESH WASNIK/AppData/Local/UnrealEngine/Common/DerivedDataCache/TestData/1/TestData_4kb.dat" 2025
"C:/Users/BHAWESH WASNIK/AppData/Local/UnrealEngine/Common/DerivedDataCache/TestData/0/TestData_8kb.dat" 2026
"C:/Users/BHAWESH WASNIK/AppData/Local/UnrealEngine/Common/DerivedDataCache/TestData/1/TestData_8kb.dat" 2027
"C:/Users/BHAWESH WASNIK/AppData/Local/UnrealEngine/Common/DerivedDataCache/TestData/0/TestData_16kb.dat" 2028
"C:/Users/BHAWESH WASNIK/AppData/Local/UnrealEngine/Common/DerivedDataCache/TestData/1/TestData_16kb.dat" 2029
"C:/Users/BHAWESH WASNIK/AppData/Local/UnrealEngine/Common/DerivedDataCache/TestData/0/TestData_64kb.dat" 2030
"C:/Users/BHAWESH WASNIK/AppData/Local/UnrealEngine/Common/DerivedDataCache/TestData/1/TestData_64kb.dat" 2031
"C:/Users/BHAWESH WASNIK/AppData/Local/UnrealEngine/Common/DerivedDataCache/TestData/0/TestData_128kb.dat" 2032
"C:/Users/BHAWESH WASNIK/AppData/Local/UnrealEngine/Common/DerivedDataCache/TestData/1/TestData_128kb.dat" 2033
"C:/Users/BHAWESH WASNIK/AppData/Local/UnrealEngine/Common/DerivedDataCache/TestData/0/TestData_256kb.dat" 2034
"C:/Users/BHAWESH WASNIK/AppData/Local/UnrealEngine/Common/DerivedDataCache/TestData/1/TestData_256kb.dat" 2035
"C:/Users/BHAWESH WASNIK/AppData/Roaming/Unreal Engine/UnrealBuildTool/BuildConfiguration.xml" 2036
"../../../../../unreal projects/MyProject/Intermediate/ShaderAutogen/PCD3D_SM6/AutogenShaderHeaders.ush" 2037
"../../../Engine/Shaders/Private/HairStrands/HairStrandsVertexFactory.ush" 2038
"../../../Engine/Shaders/Private/VertexFactoryCommon.ush" 2039
"../../../Engine/Shaders/Private/Common.ush" 2040
"../../../Engine/Shaders/Public/Platform.ush" 2041
"../../../Engine/Shaders/Public/FP16Math.ush" 2042
"../../../Engine/Shaders/Public/Platform/D3D/D3DCommon.ush" 2043
"../../../Engine/Shaders/Shared/HLSLReservedSpaces.h" 2044
"../../../Engine/Shaders/Public/BindlessResources.ush" 2045
"../../../Engine/Shaders/Public/Platform/D3D/PlatformBindlessResources.ush" 2046
"../../../Engine/Shaders/Shared/RayTracingBuiltInResources.h" 2047
"../../../Engine/Shaders/Shared/RayTracingDefinitions.h" 2048
"../../../Engine/Shaders/Public/OverloadMacros.ush" 2049
"../../../Engine/Shaders/Public/ShaderVersion.ush" 2050
"../../../Engine/Shaders/Shared/ThirdParty/NVIDIA/nvHLSLExtns.h" 2051
"../../../Engine/Shaders/Shared/ThirdParty/NVIDIA/nvHLSLExtnsInternal.h" 2052
"../../../Engine/Shaders/Shared/ThirdParty/NVIDIA/nvShaderExtnEnums.h" 2053
"../../../Engine/Shaders/Private/PackUnpack.ush" 2054
"../../../Engine/Shaders/Private/GeneratedUniformBufferTypes.ush" 2055
"../../../Engine/Shaders/Private/Nanite/NanitePackedNaniteView.ush" 2056
"../../../Engine/Shaders/Private/HairStrands/HairStrandsVisibilityCommonStruct.ush" 2057
"../../../Engine/Shaders/Private/HairStrands/HairStrandsVoxelPageCommonStruct.ush" 2058
"../../../Engine/Shaders/Private/HairStrands/HairStrandsDeepShadowCommonStruct.ush" 2059
"../../../Engine/Shaders/Shared/LightSceneData.h" 2060
"../../../Engine/Shaders/Shared/HLSLTypeAliases.h" 2061
"../../../Engine/Shaders/Private/LargeWorldCoordinates.ush" 2062
"../../../Engine/Shaders/Private/DoubleFloat.ush" 2063
"../../../Engine/Shaders/Private/RandomPCG.ush" 2064
"../../../Engine/Shaders/Private/DoubleFloatOperations.ush" 2065
"../../../Engine/Shaders/Private/DoubleFloatVectorDefinition.ush" 2066
"../../../Engine/Shaders/Private/LWCOperations.ush" 2067
"../../../Engine/Shaders/Shared/LightViewData.h" 2068
"../../../Engine/Shaders/Shared/RayTracingTypes.h" 2069
"../../../Engine/Shaders/Shared/HLSLStaticAssert.h" 2070
"../../../Engine/Shaders/Private/CommonViewUniformBuffer.ush" 2071
"../../../Engine/Shaders/Private/InstancedStereo.ush" 2072
"../../../Engine/Shaders/Private/Definitions.usf" 2073
"../../../Engine/Shaders/Private/AssertionMacros.ush" 2074
"../../../Engine/Shaders/Private/FastMath.ush" 2075
"../../../Engine/Shaders/Private/FastMathThirdParty.ush" 2076
"../../../Engine/Shaders/Private/Random.ush" 2077
"../../../Engine/Shaders/Private/RandomInterleavedGradientNoise.ush" 2078
"../../../Engine/Shaders/Private/SceneData.ush" 2079
"../../../Engine/Shaders/Private/OctahedralCommon.ush" 2080
"../../../Engine/Shaders/Private/WaveOpUtil.ush" 2081
"../../../Engine/Shaders/Private/ByteBuffer.ush" 2082
"../../../Engine/Shaders/Shared/SceneDefinitions.h" 2083
"../../../Engine/Shaders/Private/SceneDataMobileLoader.ush" 2084
"../../../Engine/Shaders/Private/LocalVertexFactoryCommon.ush" 2085
"../../../Engine/Shaders/Private/HairStrands/HairStrandsVisibilityCommon.ush" 2086
"../../../Engine/Shaders/Shared/HairStrandsDefinitions.h" 2087
"../../../Engine/Shaders/Private/HairStrands/HairStrandsVertexFactoryCommon.ush" 2088
"../../../Engine/Shaders/Private/HairStrands/HairStrandsPack.ush" 2089
"../../../Engine/Shaders/Private/HairStrands/HairStrandsAttributeCommon.ush" 2090
"../../../Engine/Shaders/Private/HairStrands/HairStrandsAttributeTemplate.ush" 2091
"../../../Engine/Shaders/Private/VertexFactoryDefaultInterface.ush" 2092
"../../../Engine/Shaders/Private/HairStrands/HairCardsVertexFactory.ush" 2093
"../../../Engine/Shaders/Private/HairStrands/HairCardsAttributeCommon.ush" 2094
"../../../Engine/Shaders/Private/RayTracing/RayTracingCommon.ush" 2095
"../../../Engine/Shaders/Private/ShadingCommon.ush" 2096
"../../../Engine/Shaders/Shared/RayTracingPayloadType.h" 2097
"../../../Engine/Shaders/Private/RayTracing/RayTracingRayCone.ush" 2098
"../../../Engine/Shaders/Private/Substrate/Substrate.ush" 2099
"../../../Engine/Shaders/Private/ShadingEnergyConservation.ush" 2100
"../../../Engine/Shaders/Private/ShadingEnergyConservationTemplate.ush" 2101
"../../../Engine/Shaders/Private/BRDF.ush" 2102
"../../../Engine/Shaders/Private/ColorSpace.ush" 2103
"../../../Engine/Shaders/Private/DeferredShadingCommon.ush" 2104
"../../../Engine/Shaders/Private/LightAccumulator.ush" 2105
"../../../Engine/Shaders/Private/SceneTexturesCommon.ush" 2106
"../../../Engine/Shaders/Private/MonteCarlo.ush" 2107
"../../../Engine/Shaders/Private/GBufferHelpers.ush" 2108
"../../../Engine/Shaders/Private/SceneTextureParameters.ush" 2109
"E:/unreal projects/MyProject/Intermediate/ShaderAutogen/PCD3D_SM6/AutogenShaderHeaders.ush" 2110
"../../../Engine/Shaders/Private/ParticipatingMediaCommon.ush" 2111
"../../../Engine/Shaders/Private/ThinFilmBSDF.ush" 2112
"../../../Engine/Shaders/Private/MortonCode.ush" 2113
"../../../Engine/Shaders/Private/SubsurfaceProfileCommon.ush" 2114
"../../../Engine/Shaders/Private/BurleyNormalizedSSSCommon.ush" 2115
"../../../Engine/Shaders/Private/GammaCorrectionCommon.ush" 2116
"../../../Engine/Shaders/Shared/SubstrateDefinitions.h" 2117
"../../../Engine/Shaders/Private/Substrate/SubstrateStatisticalOperators.ush" 2118
"../../../Engine/Shaders/Private/Substrate/SubstrateSubsurface.ush" 2119
"../../../Engine/Shaders/Private/TransmissionCommon.ush" 2120
"../../../Engine/Shaders/Private/Substrate/SubstrateExportCommon.ush" 2121
"../../../Engine/Shaders/Private/SpecularProfileCommon.ush" 2122
"../../../Engine/Shaders/Private/RayTracing/RayTracingCommonMetal.ush" 2123
"../../../Engine/Shaders/Private/PositionReconstructionCommon.ush" 2124
"../../../Engine/Shaders/Private/RayTracing/TraceRayInline.ush" 2125
"../../../Engine/Shaders/Private/RayTracing/TraceRayInlineCommon.ush" 2126
"../../../Engine/Shaders/Private/RayTracing/TraceRayInlineVulkan.ush" 2127
"../../../Engine/Shaders/Private/RayTracing/TraceRayInlineMetal.ush" 2128
"../../../Engine/Shaders/Private/RayTracing/TraceRayInlineD3D12.ush" 2129
"../../../Engine/Shaders/Private/RayTracing/RayTracingHitGroupCommon.ush" 2130
"../../../Engine/Shaders/Private/Nanite/NaniteRayTrace.ush" 2131
"../../../Engine/Shaders/Private/Nanite/NaniteDataDecode.ush" 2132
"../../../Engine/Shaders/Private/BitPacking.ush" 2133
"../../../Engine/Shaders/Private/BitStreamReaderImplementation.ush" 2134
"../../../Engine/Shaders/Private/BoneTransform.ush" 2135
"../../../Engine/Shaders/Private/Quaternion.ush" 2136
"../../../Engine/Shaders/Shared/NaniteDefinitions.h" 2137
"../../../Engine/Shaders/Shared/SkinningDefinitions.h" 2138
"../../../Engine/Shaders/Private/Nanite/NaniteAttributeDecode.ush" 2139
"../../../Engine/Shaders/Private/Barycentrics.ush" 2140
"../../../Engine/Shaders/Private/DualNumber.ush" 2141
"../../../Engine/Shaders/Shared/ThirdParty/RayTriangleIntersection.h" 2142
"../../../Engine/Shaders/Private/Nanite/NaniteVertexFetch.ush" 2143
"../../../Engine/Shaders/Private/Nanite/NaniteSceneCommon.ush" 2144
"../../../Engine/Plugins/FX/Niagara/Shaders/Private/NiagaraSpriteVertexFactory.ush" 2145
"../../../Engine/Shaders/Private/ParticleVertexFactoryCommon.ush" 2146
"../../../Engine/Plugins/FX/Niagara/Shaders/Private/NiagaraVFCommon.usf" 2147
"../../../Engine/Plugins/FX/Niagara/Shaders/Private/NiagaraVFParticleAccess.usf" 2148
"../../../Engine/Plugins/FX/Niagara/Shaders/Private/NiagaraParticleAccess.ush" 2149
"../../../Engine/Plugins/FX/Niagara/Shaders/Private/NiagaraRibbonVertexFactory.ush" 2150
"../../../Engine/Plugins/FX/Niagara/Shaders/Private/NiagaraMeshVertexFactory.ush" 2151
"../../../Engine/Plugins/FX/Niagara/Shaders/Private/NiagaraCommon.ush" 2152
"../../../Engine/Plugins/FX/Niagara/Shaders/Private/NiagaraMeshParticleUtils.ush" 2153
"../../../Engine/Shaders/Private/VectorFieldVisualizationVertexFactory.ush" 2154
"../../../Engine/Shaders/Private/Nanite/NaniteVertexFactory.ush" 2155
"../../../Engine/Shaders/Private/LightmapData.ush" 2156
"../../../Engine/Shaders/Private/SplineMeshCommon.ush" 2157
"../../../Engine/Shaders/Shared/SplineMeshShaderParams.h" 2158
"../../../Engine/Shaders/Private/ShaderPrint.ush" 2159
"../../../Engine/Shaders/Private/ShaderPrintCommon.ush" 2160
"../../../Engine/Shaders/Private/MiniFontCommon.ush" 2161
"../../../Engine/Shaders/Private/MaterialCache/MaterialCacheCommon.ush" 2162
"../../../Engine/Shaders/Shared/MaterialCacheDefinitions.h" 2163
"../../../Engine/Shaders/Private/Nanite/NaniteVertexDeformation.ush" 2164
"../../../Engine/Shaders/Private/ViewData.ush" 2165
"../../../Engine/Shaders/Shared/ViewDefinitions.h" 2166
"../../../Engine/Shaders/Private/Matrices.ush" 2167
"../../../Engine/Shaders/Private/ParticleSpriteVertexFactory.ush" 2168
"../../../Engine/Shaders/Private/ParticleGPUSpriteVertexFactory.ush" 2169
"../../../Engine/Shaders/Private/ParticleSimulationCommon.ush" 2170
"../../../Engine/Shaders/Private/ParticleBeamTrailVertexFactory.ush" 2171
"../../../Engine/Shaders/Private/MeshParticleVertexFactory.ush" 2172
"../../../Engine/Shaders/Private/LocalVertexFactory.ush" 2173
"../../../Engine/Shaders/Private/GpuSkinCommon.ush" 2174
"../../../Engine/Shaders/Private/GpuSkinVertexFactory.ush" 2175
"../../../Engine/Shaders/Private/GeometryCollectionVertexFactory.ush" 2176
"../../../Engine/Shaders/Private/GeometryCacheVertexFactory.ush" 2177
"../../../Engine/Shaders/Private/LandscapeVertexFactory.ush" 2178
"../../../Engine/Shaders/Private/PostProcessMaterialShaders.usf" 2179
"../../../Engine/Shaders/Private/ScreenPass.ush" 2180
"../../../Engine/Shaders/Private/VirtualTextureCommon.ush" 2181
"../../../Engine/Shaders/Private/ColorUtils.ush" 2182
"../../../Engine/Shaders/Private/NeuralPostProcessCommon.usf" 2183
"../../../Engine/Shaders/Private/MaterialTemplate.ush" 2184
"../../../Engine/Shaders/Private/WorldSpaceMath.ush" 2185
"../../../Engine/Shaders/Private/EyeAdaptationCommon.ush" 2186
"../../../Engine/Shaders/Private/SobolRandom.ush" 2187
"../../../Engine/Shaders/Private/DepthOfFieldCommon.ush" 2188
"../../../Engine/Shaders/Private/CircleDOFCommon.ush" 2189
"../../../Engine/Shaders/Private/DistanceField/GlobalDistanceFieldShared.ush" 2190
"../../../Engine/Shaders/Private/PhysicsFieldSampler.ush" 2191
"../../../Engine/Shaders/Private/PhysicsFieldShared.ush" 2192
"../../../Engine/Shaders/Private/HairShadingCommon.ush" 2193
"../../../Engine/Shaders/Private/SparseVolumeTexture/SparseVolumeTextureCommon.ush" 2194
"../../../Engine/Shaders/Shared/EnvironmentComponentsFlags.h" 2195
"../../../Engine/Shaders/Private/MeshPaintTextureCommon.ush" 2196
"../../../Engine/Shaders/Private/VirtualTextureMaterial.ush" 2197
"../../../Engine/Shaders/Private/MaterialCache/MaterialCacheMaterialCommon.ush" 2198
"../../../Engine/Shaders/Private/MaterialCache/MaterialCacheABuffer.ush" 2199
"../../../Engine/Shaders/Private/SpeedTreeCommon.ush" 2200
"../../../Engine/Shaders/Private/MaterialTexture.ush" 2201
"../../../Engine/Shaders/Private/MinMaterialTexCoords.ush" 2202
"../../../Engine/Shaders/Private/SkyAtmosphereCommon.ush" 2203
"../../../Engine/Shaders/Private/SingleLayerWaterCommon.ush" 2204
"../../../Engine/Shaders/Private/TextureSampling.ush" 2205
"../../../Engine/Shaders/Private/PaniniProjection.ush" 2206
"../../../Engine/Shaders/Private/DBufferNormalReprojection.ush" 2207
"../../../Engine/Shaders/Public/SubstratePublic.ush" 2208
"../../../Engine/Shaders/Private/Substrate/SubstrateTree.ush" 2209
"../../../Engine/Shaders/Private/Substrate/SubstrateEvaluation.ush" 2210
"../../../Engine/Shaders/Private/Substrate/Glint/GlintThirdParty.ush" 2211
"../../../Engine/Shaders/Private/BlueNoise.ush" 2212
"../../../Engine/Shaders/Private/SHCommon.ush" 2213
"../../../Engine/Shaders/Private/ShadingModels.ush" 2214
"../../../Engine/Shaders/Private/CapsuleLight.ush" 2215
"../../../Engine/Shaders/Private/RectLight.ush" 2216
"../../../Engine/Shaders/Private/LightData.ush" 2217
"../../../Engine/Shaders/Shared/LightDefinitions.h" 2218
"../../../Engine/Shaders/Private/AreaLightCommon.ush" 2219
"../../../Engine/Shaders/Private/HairBsdf.ush" 2220
"../../../Engine/Shaders/Private/MobileGGX.ush" 2221
"../../../Engine/Shaders/Private/ShadingModelsSampling.ush" 2222
"../../../Engine/Shaders/Private/HairStrands/HairBsdfSample.ush" 2223
"../../../Engine/Shaders/Private/HairStrands/HairStrandsCommon.ush" 2224
"../../../Engine/Shaders/Private/HairStrands/HairStrandsDeepTransmittanceCommon.ush" 2225
"../../../Engine/Shaders/Private/HairStrands/HairStrandsDeepTransmittanceDualScattering.ush" 2226
"../../../Engine/Shaders/Private/HairStrands/HairStrandsEnvironmentLightingCommon.ush" 2227
"../../../Engine/Shaders/Private/Substrate/SubstrateLegacyConversion.ush" 2228
"../../../Engine/Shaders/Private/DBufferDecalShared.ush" 2229
"../../../Engine/Plugins/Runtime/AR/AppleAR/AppleARKit/Shaders/Private/ColorSpaceConversion.usf" 2230
"../../../Engine/Plugins/Experimental/Compositing/CompositeCore/Shaders/Private/CompositeCoreMerge.usf" 2231
"../../../Engine/Shaders/Private/LensDistortion.ush" 2232
"../../../Engine/Plugins/Experimental/Compositing/CompositeCore/Shaders/Private/CompositeCoreDisplayTransform.usf" 2233
"../../../Engine/Plugins/Experimental/Compositing/CompositeCore/Shaders/Private/CompositeCoreDilate.usf" 2234
"../../../Engine/Plugins/Media/WmfMedia/Shaders/Private/MediaHardwareVideoDecoding.usf" 2235
"../../../Engine/Plugins/Media/MediaIOFramework/Shaders/MediaIO.usf" 2236
"../../../Engine/Plugins/Media/ImgMedia/Shaders/Private/ExrSwizzler.usf" 2237
"../../../Engine/Plugins/Experimental/NFORDenoise/Shaders/NFORDenoise.usf" 2238
"../../../Engine/Plugins/Experimental/NFORDenoise/Shaders/NFORRegressionCommon.ush" 2239
"../../../Engine/Plugins/Experimental/NFORDenoise/Shaders/NFORRegression.ush" 2240
"../../../Engine/Plugins/Compositing/OpenColorIO/Shaders/Private/OpenColorIOInvalidShader.usf" 2241
"../../../Engine/Plugins/Compositing/OpenColorIO/Shaders/Private/OpenColorIOShader.usf" 2242
"../../../Engine/Plugins/NNE/NNEDenoiser/Shaders/NNEDenoiserShadersTransferFunctionOidn.usf" 2243
"../../../Engine/Plugins/NNE/NNEDenoiser/Shaders/NNEDenoiserShadersMappedCopy.usf" 2244
"../../../Engine/Plugins/NNE/NNEDenoiser/Shaders/NNEDenoiserShadersDefaultIOProcess.usf" 2245
"../../../Engine/Plugins/NNE/NNEDenoiser/Shaders/NNEDenoiserShadersAutoExposureReduceFinal.usf" 2246
"../../../Engine/Plugins/NNE/NNEDenoiser/Shaders/NNEDenoiserShadersAutoExposureReduce.usf" 2247
"../../../Engine/Plugins/NNE/NNEDenoiser/Shaders/NNEDenoiserShadersAutoExposureDownsample.usf" 2248
"../../../Engine/Plugins/VirtualProduction/CameraCalibrationCore/Shaders/Private/CrosshairOverlay.usf" 2249
"../../../Engine/Plugins/VirtualProduction/CameraCalibrationCore/Shaders/Private/DisplacementMapBlending.usf" 2250
"../../../Engine/Plugins/VirtualProduction/CameraCalibrationCore/Shaders/Private/RecenterSTDisplacementMaps.usf" 2251
"../../../Engine/Plugins/VirtualProduction/CameraCalibrationCore/Shaders/Private/FillSTDisplacementMap.usf" 2252
"../../../Engine/Plugins/VirtualProduction/CameraCalibrationCore/Shaders/Private/InvertDisplacementMap.usf" 2253
"../../../Engine/Plugins/VirtualProduction/CameraCalibrationCore/Shaders/Private/CropDisplacementMap.usf" 2254
"../../../Engine/Plugins/VirtualProduction/CameraCalibrationCore/Shaders/Private/BlendDisplacementMaps.usf" 2255
"../../../Engine/Plugins/VirtualProduction/CameraCalibrationCore/Shaders/Private/DrawDisplacementMaps.usf" 2256
"../../../Engine/Plugins/VirtualProduction/CameraCalibrationCore/Shaders/Private/UndistortImagePoints.usf" 2257
"../../../Engine/Plugins/VirtualProduction/CameraCalibrationCore/Shaders/Private/DistortionSTMapProcessor.usf" 2258
"../../../Engine/Shaders/Private/DisplayMappingPixelShader.usf" 2259
"../../../Engine/Shaders/Private/TonemapCommon.ush" 2260
"../../../Engine/Shaders/Private/ACES/ACESCommon.ush" 2261
"../../../Engine/Shaders/Private/ACES/ACESOutputTransform.ush" 2262
"../../../Engine/Shaders/Private/ACES/ACESUtilities.ush" 2263
"../../../Engine/Shaders/Private/ACES/ACESTonescale.ush" 2264
"../../../Engine/Shaders/Private/ACES/ACESDisplayEncoding.ush" 2265
"../../../Engine/Shaders/Private/ACES/ACES_v1.3.ush" 2266
"../../../Engine/Plugins/Runtime/HairStrands/Shaders/Private/NiagaraCopyVelocityGrid.usf" 2267
"../../../Engine/Plugins/Runtime/HairStrands/Shaders/Private/NiagaraClearVelocityGrid.usf" 2268
"../../../Engine/Plugins/Runtime/HairStrands/Shaders/Private/NiagaraClearPressureGrid.usf" 2269
"../../../Engine/Plugins/Runtime/HairStrands/Shaders/Private/NiagaraInterpolateGroomGuides.usf" 2270
"../../../Engine/Plugins/Runtime/HairStrands/Shaders/Private/NiagaraGroomInterpolationUtils.ush" 2271
"../../../Engine/Plugins/FX/Niagara/Shaders/Private/NiagaraQuaternionUtils.ush" 2272
"../../../Engine/Shaders/Private/HairStrands/HairStrandsMesh.usf" 2273
"../../../Engine/Shaders/Private/HairStrands/HairStrandsBindingCommon.ush" 2274
"../../../Engine/Shaders/Private/HairStrands/HairStrandsFollicleMask.usf" 2275
"../../../Engine/Shaders/Private/HairStrands/HairStrandsSkinUpdate.usf" 2276
"../../../Engine/Shaders/Private/HairStrands/HairStrandsClusterCulling.usf" 2277
"../../../Engine/Shaders/Private/ColorMap.ush" 2278
"../../../Engine/Shaders/Private/HairStrands/HairStrandsAABBCommon.ush" 2279
"../../../Engine/Shaders/Private/HairStrands/HairStrandsClusterCommon.ush" 2280
"../../../Engine/Shaders/Private/ThreadGroupPrefixSum.ush" 2281
"../../../Engine/Shaders/Private/HairStrands/HairStrandsRaytracingGeometry.usf" 2282
"../../../Engine/Shaders/Private/HairStrands/HairStrandsTangent.usf" 2283
"../../../Engine/Shaders/Private/HairStrands/HairCardsDeformation.usf" 2284
"../../../Engine/Shaders/Private/HairStrands/HairStrandsInterpolation.usf" 2285
"../../../Engine/Shaders/Private/HairStrands/HairStrandsGuideDeform.usf" 2286
"../../../Engine/Shaders/Private/HairStrands/HairStrandsTexturesGeneration.usf" 2287
"../../../Engine/Shaders/Private/HairStrands/HairCardsTextureCommon.ush" 2288
"../../../Engine/Shaders/Private/HairStrands/HairStrandsTranscode.usf" 2289
"../../../Engine/Shaders/Private/HairStrands/HairStrandsDebug.usf" 2290
"../../../Engine/Shaders/Private/PostProcessCommon.ush" 2291
"../../../Engine/Shaders/Private/HairStrands/HairStrandsDeepShadowCommon.ush" 2292
"../../../Engine/Shaders/Private/HairStrands/HairStrandsDebugCommonStruct.ush" 2293
"../../../Engine/Plugins/Runtime/ComputeFramework/Shaders/Private/ComputeKernel.usf" 2294
"../../../Engine/Plugins/Runtime/ComputeFramework/Shaders/Private/ComputeKernelCommon.ush" 2295
"../../../Engine/Plugins/Enterprise/GLTFExporter/Shaders/Private/SimpleTexture2DPS.usf" 2296
"../../../Engine/Shaders/Private/SimpleElementNormalMapPixelShader.usf" 2297
"../../../Engine/Plugins/FX/Niagara/Shaders/Private/NiagaraVertexFactoryExport.usf" 2298
"../../../Engine/Shaders/Private/ComputeShaderUtils.ush" 2299
"../../../Engine/Plugins/FX/Niagara/Shaders/Private/NiagaraSortKeyGen.usf" 2300
"../../../Engine/Plugins/FX/Niagara/Shaders/Private/NiagaraGPURayTracingTransforms.usf" 2301
"../../../Engine/Plugins/FX/Niagara/Shaders/Private/NiagaraDrawIndirectArgsGen.usf" 2302
"../../../Engine/Plugins/FX/Niagara/Shaders/Private/NiagaraDispatchIndirectArgsGen.usf" 2303
"../../../Engine/Plugins/FX/Niagara/Shaders/Private/Stateless/NiagaraStatelessSimulationDefault.usf" 2304
"../../../Engine/Plugins/FX/Niagara/Shaders/Private/Stateless/NiagaraStatelessSimulationTemplate.ush" 2305
"../../../Engine/Plugins/FX/Niagara/Shaders/Private/Stateless/NiagaraStatelessCommon.ush" 2306
"../../../Engine/Plugins/FX/Niagara/Shaders/Shared/NiagaraStatelessDefinitions.h" 2307
"../../../Engine/Plugins/FX/Niagara/Shaders/Shared/NiagaraStatelessBuiltDistribution.h" 2308
"../../../Engine/Plugins/FX/Niagara/Shaders/Private/Stateless/NiagaraStatelessDistribution.ush" 2309
"../../../Engine/Plugins/FX/Niagara/Shaders/Private/Stateless/Modules/NiagaraStatelessModule_CalculateAccurateVelocity.ush" 2310
"../../../Engine/Plugins/FX/Niagara/Shaders/Private/Stateless/Modules/NiagaraStatelessModule_CameraOffset.ush" 2311
"../../../Engine/Plugins/FX/Niagara/Shaders/Private/Stateless/Modules/NiagaraStatelessModule_DynamicMaterialParameters.ush" 2312
"../../../Engine/Plugins/FX/Niagara/Shaders/Private/Stateless/Modules/NiagaraStatelessModule_InitializeParticle.ush" 2313
"../../../Engine/Plugins/FX/Niagara/Shaders/Private/Stateless/Modules/NiagaraStatelessModule_InitialMeshOrientation.ush" 2314
"../../../Engine/Plugins/FX/Niagara/Shaders/Private/Stateless/Modules/NiagaraStatelessModule_MeshIndex.ush" 2315
"../../../Engine/Plugins/FX/Niagara/Shaders/Private/Stateless/Modules/NiagaraStatelessModule_MeshRotationRate.ush" 2316
"../../../Engine/Plugins/FX/Niagara/Shaders/Private/Stateless/Modules/NiagaraStatelessModule_RotateAroundPoint.ush" 2317
"../../../Engine/Plugins/FX/Niagara/Shaders/Private/Stateless/Modules/NiagaraStatelessModule_ShapeLocation.ush" 2318
"../../../Engine/Plugins/FX/Niagara/Shaders/Private/Stateless/Modules/NiagaraStatelessModule_ScaleColor.ush" 2319
"../../../Engine/Plugins/FX/Niagara/Shaders/Private/Stateless/Modules/NiagaraStatelessModule_ScaleRibbonWidth.ush" 2320
"../../../Engine/Plugins/FX/Niagara/Shaders/Private/Stateless/Modules/NiagaraStatelessModule_ScaleSpriteSize.ush" 2321
"../../../Engine/Plugins/FX/Niagara/Shaders/Private/Stateless/Modules/NiagaraStatelessModule_ScaleSpriteSizeBySpeed.ush" 2322
"../../../Engine/Plugins/FX/Niagara/Shaders/Private/Stateless/Modules/NiagaraStatelessModule_ScaleMeshSize.ush" 2323
"../../../Engine/Plugins/FX/Niagara/Shaders/Private/Stateless/Modules/NiagaraStatelessModule_ScaleMeshSizebySpeed.ush" 2324
"../../../Engine/Plugins/FX/Niagara/Shaders/Private/Stateless/Modules/NiagaraStatelessModule_SolveVelocitiesAndForces.ush" 2325
"../../../Engine/Plugins/FX/Niagara/Shaders/Private/Stateless/Modules/NiagaraStatelessModule_SpriteFacingAndAlignment.ush" 2326
"../../../Engine/Plugins/FX/Niagara/Shaders/Private/Stateless/Modules/NiagaraStatelessModule_SpriteRotationRate.ush" 2327
"../../../Engine/Plugins/FX/Niagara/Shaders/Private/Stateless/Modules/NiagaraStatelessModule_SubUVAnimation.ush" 2328
"../../../Engine/Plugins/FX/Niagara/Shaders/Private/NiagaraBlendSVTsToDenseBuffer.usf" 2329
"../../../Engine/Plugins/FX/Niagara/Shaders/Private/NiagaraSVTToDenseBuffer.usf" 2330
"../../../Engine/Plugins/FX/Niagara/Shaders/Private/NiagaraFillIntBuffer.usf" 2331
"../../../Engine/Plugins/FX/Niagara/Shaders/Private/NiagaraComputeFreeIDs.usf" 2332
"../../../Engine/Plugins/FX/Niagara/Shaders/Private/NiagaraInitFreeIDBuffer.usf" 2333
"../../../Engine/Plugins/FX/Niagara/Shaders/Private/NiagaraEmitterInstanceShader.usf" 2334
"../../../Engine/Plugins/FX/Niagara/Shaders/Private/NiagaraShaderVersion.ush" 2335
"../../../Engine/Plugins/FX/Niagara/Shaders/Private/NiagaraPhysicsCommon.ush" 2336
"../../../Engine/Plugins/FX/Niagara/Shaders/Private/Ribbons/NiagaraRibbonAggregationApply.usf" 2337
"../../../Engine/Plugins/FX/Niagara/Shaders/Private/Ribbons/NiagaraRibbonCommon.ush" 2338
"../../../Engine/Plugins/FX/Niagara/Shaders/Private/Ribbons/NiagaraRibbonAggregationStep.usf" 2339
"../../../Engine/Plugins/FX/Niagara/Shaders/Private/Ribbons/NiagaraRibbonGenerateIndices.usf" 2340
"../../../Engine/Plugins/FX/Niagara/Shaders/Private/Ribbons/NiagaraRibbonInitializeIndices.usf" 2341
"../../../Engine/Plugins/FX/Niagara/Shaders/Private/Ribbons/NiagaraRibbonRibbonUVParamCalculation.usf" 2342
"../../../Engine/Plugins/FX/Niagara/Shaders/Private/Ribbons/NiagaraRibbonVertexReductionFinalization.usf" 2343
"../../../Engine/Plugins/FX/Niagara/Shaders/Private/Ribbons/NiagaraRibbonVertexReductionInitialization.usf" 2344
"../../../Engine/Plugins/FX/Niagara/Shaders/Private/Ribbons/NiagaraRibbonSortParticles.usf" 2345
"../../../Engine/Plugins/FX/Niagara/Shaders/Private/NiagaraLWCHelper.usf" 2346
"../../../Engine/Plugins/FX/Niagara/Shaders/Private/NiagaraUpdateMeshGPUSceneInstances.usf" 2347
"../../../Engine/Shaders/Private/GPUScene/GPUSceneWriter.ush" 2348
"../../../Engine/Plugins/FX/Niagara/Shaders/Private/NiagaraGenerateMips.usf" 2349
"../../../Engine/Plugins/FX/Niagara/Shaders/Private/NiagaraDebugDraw.usf" 2350
"../../../Engine/Plugins/FX/Niagara/Shaders/Private/NiagaraDebugDraw.ush" 2351
"../../../Engine/Plugins/FX/Niagara/Shaders/Private/NiagaraVisualizeTexture.usf" 2352
"../../../Engine/Plugins/FX/Niagara/Shaders/Private/NiagaraClearCounts.usf" 2353
"../../../Engine/Plugins/FX/Niagara/Shaders/Private/NiagaraBatchedElements.usf" 2354
"../../../Engine/Plugins/FX/Niagara/Shaders/Private/NiagaraRayTracingShaders.usf" 2355
"../../../Engine/Plugins/FX/Niagara/Shaders/Private/NiagaraAsyncGpuTraceCommon.ush" 2356
"../../../Engine/Shaders/Private/HashTable.ush" 2357
"../../../Engine/Shaders/Private/Hash.ush" 2358
"../../../Engine/Shaders/Private/RayTracing/VFXTraceRay.ush" 2359
"../../../Engine/Plugins/FX/Niagara/Shaders/Private/NiagaraRayMarchingShaders.usf" 2360
"../../../Engine/Plugins/FX/Niagara/Shaders/Private/NiagaraRayTraceCollisionGroupShaders.usf" 2361
"../../../Engine/Plugins/FX/Niagara/Shaders/Private/NiagaraAsyncGpuTraceUtils.usf" 2362
"../../../Engine/Plugins/TextureGraph/Shaders/Utils/Histogram_comp.usf" 2363
"../../../Engine/Plugins/TextureGraph/Shaders/ShaderUtil.ush" 2364
"../../../Engine/Plugins/TextureGraph/Shaders/Utils/SplitToTiles_comp.usf" 2365
"../../../Engine/Plugins/TextureGraph/Shaders/TileInfo.ush" 2366
"../../../Engine/Plugins/TextureGraph/Shaders/Utils/MipMapDownsample_comp.usf" 2367
"../../../Engine/Plugins/TextureGraph/Shaders/Utils/MinMaxDownsample_comp.usf" 2368
"../../../Engine/Plugins/TextureGraph/Shaders/Utils/MinMaxDownsample.usf" 2369
"../../../Engine/Plugins/TextureGraph/Shaders/SamplerStates.ush" 2370
"../../../Engine/Plugins/TextureGraph/Shaders/Mesh/Mesh_TextureEncoding.usf" 2371
"../../../Engine/Plugins/TextureGraph/Shaders/Mesh/MeshVertexShader.ush" 2372
"../../../Engine/Plugins/TextureGraph/Shaders/Mesh/Mesh_TextureVSH.usf" 2373
"../../../Engine/Plugins/TextureGraph/Shaders/Mesh/Mesh_Dilate.usf" 2374
"../../../Engine/Plugins/TextureGraph/Shaders/Expressions/Expression_Shape.usf" 2375
"../../../Engine/Plugins/TextureGraph/Shaders/ShapeMask.ush" 2376
"../../../Engine/Plugins/TextureGraph/Shaders/SignedDistanceFunction.ush" 2377
"../../../Engine/Plugins/TextureGraph/Shaders/Mask/CombineDisplacementAndWorldPos.usf" 2378
"../../../Engine/Plugins/TextureGraph/Shaders/Mask/PositionGradientMask.usf" 2379
"../../../Engine/Plugins/TextureGraph/Shaders/Mask/PatternMask.usf" 2380
"../../../Engine/Plugins/TextureGraph/Shaders/Mask/NormalMask.usf" 2381
"../../../Engine/Plugins/TextureGraph/Shaders/Mask/NoiseMask.usf" 2382
"../../../Engine/Plugins/TextureGraph/Shaders/Noise/Noise_Simplex.ush" 2383
"../../../Engine/Plugins/TextureGraph/Shaders/Noise/Noise_Common.ush" 2384
"../../../Engine/Plugins/TextureGraph/Shaders/Noise/Noise_Perlin.ush" 2385
"../../../Engine/Plugins/TextureGraph/Shaders/Noise/Noise_Voronoise.ush" 2386
"../../../Engine/Plugins/TextureGraph/Shaders/Mask/MaskModifier.usf" 2387
"../../../Engine/Plugins/TextureGraph/Shaders/TiledFetch_Combined.ush" 2388
"../../../Engine/Plugins/TextureGraph/Shaders/Mask/Blend/MaskBlend_Multiply.usf" 2389
"../../../Engine/Plugins/TextureGraph/Shaders/Mask/ImageMask.usf" 2390
"../../../Engine/Plugins/TextureGraph/Shaders/Expressions/Expression_Gradient.usf" 2391
"../../../Engine/Plugins/TextureGraph/Shaders/Paint.ush" 2392
"../../../Engine/Plugins/TextureGraph/Shaders/Layer/Layer_Normal.usf" 2393
"../../../Engine/Plugins/TextureGraph/Shaders/Mask/LayerMask.usf" 2394
"../../../Engine/Plugins/TextureGraph/Shaders/Layer/Layer_Displacement.usf" 2395
"../../../Engine/Plugins/TextureGraph/Shaders/Mask/Blend/NormalBlendWithHeightMask.usf" 2396
"../../../Engine/Plugins/TextureGraph/Shaders/Layer/AdjustFrequencyNormals.usf" 2397
"../../../Engine/Plugins/TextureGraph/Shaders/TiledFetch.ush" 2398
"../../../Engine/Plugins/TextureGraph/Shaders/Layer/AdjustFrequency.usf" 2399
"../../../Engine/Plugins/TextureGraph/Shaders/Layer/AdjustColor.usf" 2400
"../../../Engine/Plugins/TextureGraph/Shaders/Expressions/Expression_Transform.usf" 2401
"../../../Engine/Plugins/TextureGraph/Shaders/Expressions/Expression_IfThenElse.usf" 2402
"../../../Engine/Plugins/TextureGraph/Shaders/Expressions/Expression_Maths_TwoInputs.usf" 2403
"../../../Engine/Plugins/TextureGraph/Shaders/Expressions/Expression_Maths_ThreeInputs.usf" 2404
"../../../Engine/Plugins/TextureGraph/Shaders/Expressions/Expression_Maths_OneInput.usf" 2405
"../../../Engine/Plugins/TextureGraph/Shaders/Expressions/Expression_MaterialID.usf" 2406
"../../../Engine/Plugins/TextureGraph/Shaders/Expressions/Expression_Levels.usf" 2407
"../../../Engine/Plugins/TextureGraph/Shaders/Expressions/Expression_Invert.usf" 2408
"../../../Engine/Plugins/TextureGraph/Shaders/Layer/ChannelSourceFlat.usf" 2409
"../../../Engine/Plugins/TextureGraph/Shaders/Expressions/Expression_ErodeDilate.usf" 2410
"../../../Engine/Plugins/TextureGraph/Shaders/Expressions/Expression_Warp.usf" 2411
"../../../Engine/Plugins/TextureGraph/Shaders/Expressions/Expression_EdgeDetect.usf" 2412
"../../../Engine/Plugins/TextureGraph/Shaders/Expressions/Expression_NormalFromHeightMap.usf" 2413
"../../../Engine/Plugins/TextureGraph/Shaders/Expressions/Expression_Premult.usf" 2414
"../../../Engine/Plugins/TextureGraph/Shaders/Expressions/Expression_ColorCorrection.usf" 2415
"../../../Engine/Plugins/TextureGraph/Shaders/Expressions/Expression_HSV.usf" 2416
"../../../Engine/Plugins/TextureGraph/Shaders/Expressions/Expression_Threshold.usf" 2417
"../../../Engine/Plugins/TextureGraph/Shaders/Expressions/Expression_Grayscale.usf" 2418
"../../../Engine/Plugins/TextureGraph/Shaders/Expressions/Expression_MinMax.usf" 2419
"../../../Engine/Plugins/TextureGraph/Shaders/Expressions/Expression_Clamp.usf" 2420
"../../../Engine/Plugins/TextureGraph/Shaders/Expressions/Expression_ChannelSwizzle.usf" 2421
"../../../Engine/Plugins/TextureGraph/Shaders/Expressions/Expression_ChannelCombiner.usf" 2422
"../../../Engine/Plugins/TextureGraph/Shaders/Expressions/Expression_ChannelSplitter.usf" 2423
"../../../Engine/Plugins/TextureGraph/Shaders/Expressions/Expression_Brightness.usf" 2424
"../../../Engine/Plugins/TextureGraph/Shaders/Expressions/Expression_RadialBlur.usf" 2425
"../../../Engine/Plugins/TextureGraph/Shaders/Expressions/Expression_DirectionalBlur.usf" 2426
"../../../Engine/Plugins/TextureGraph/Shaders/Expressions/Expression_GaussianBlur.usf" 2427
"../../../Engine/Plugins/TextureGraph/Shaders/Expressions/Expression_Blend.usf" 2428
"../../../Engine/Plugins/TextureGraph/Shaders/TextureGraphMaterialShader.usf" 2429
"../../../Engine/Shaders/Private/Substrate/SubstrateExport.ush" 2430
"../../../Engine/Plugins/TextureGraph/Shaders/SimpleVT.usf" 2431
"../../../Engine/Plugins/TextureGraph/Shaders/Simple.usf" 2432
"../../../Engine/Shaders/Private/VirtualTextureAdapter.usf" 2433
"../../../Engine/Shaders/Private/BlockCompressionCommon.ush" 2434
"../../../Engine/Shaders/Private/BCCompressionCommon.ush" 2435
"../../../Engine/Shaders/Private/TranslucentLightingShaders.usf" 2436
"../../../Engine/Shaders/Private/CubemapCommon.ush" 2437
"../../../Engine/Shaders/Private/VectorFieldCompositeShaders.usf" 2438
"../../../Engine/Shaders/Private/UpdateTextureShaders.usf" 2439
"../../../Engine/Shaders/Private/StereoLayerShader.usf" 2440
"../../../Engine/Shaders/Private/SparseVolumeTexture/UpdateSparseVolumeTexture.usf" 2441
"../../../Engine/Shaders/Private/MorphTargets.usf" 2442
"../../../Engine/Shaders/Private/SimpleElementColorChannelMaskPixelShader.usf" 2443
"../../../Engine/Shaders/Private/SimpleElementHitProxyPixelShader.usf" 2444
"../../../Engine/Shaders/Private/SimpleElementPixelShader.usf" 2445
"../../../Engine/Shaders/Private/IESLightProfilesCommon.ush" 2446
"../../../Engine/Shaders/Private/SimpleElementVertexShader.usf" 2447
"../../../Engine/Shaders/Private/ScreenPixelShaderOES.usf" 2448
"../../../Engine/Shaders/Private/ScreenVertexShader.usf" 2449
"../../../Engine/Shaders/Private/ScreenPixelShader.usf" 2450
"../../../Engine/Shaders/Private/SSProfilePreIntegratedMobile.usf" 2451
"../../../Engine/Shaders/Private/SpecularProfile.usf" 2452
"../../../Engine/Shaders/Private/Nanite/NaniteStreaming.usf" 2453
"../../../Engine/Shaders/Private/Nanite/NaniteStreaming.ush" 2454
"../../../Engine/Shaders/Private/Nanite/NaniteTranscode.usf" 2455
"../../../Engine/Shaders/Private/VolumetricLightmapStreaming.usf" 2456
"../../../Engine/Shaders/Private/PhysicsFieldReset.usf" 2457
"../../../Engine/Shaders/Private/PhysicsFieldBuilder.usf" 2458
"../../../Engine/Shaders/Private/PhysicsFieldEval.ush" 2459
"../../../Engine/Shaders/Private/ParticleSortKeyGen.usf" 2460
"../../../Engine/Shaders/Private/ParticleBoundsShader.usf" 2461
"../../../Engine/Shaders/Private/ParticleSimVisualizeShader.usf" 2462
"../../../Engine/Shaders/Private/ParticleInjectionShader.usf" 2463
"../../../Engine/Shaders/Private/ParticleSimulationShader.usf" 2464
"../../../Engine/Shaders/Private/ParticleCurveInjectionShader.usf" 2465
"../../../Engine/Shaders/Private/CopyUIntBuffer.usf" 2466
"../../../Engine/Shaders/Private/RadixSortShaders.usf" 2467
"../../../Engine/Shaders/Private/RecomputeTangentsPerVertexPass.usf" 2468
"../../../Engine/Shaders/Private/RecomputeTangentsCommon.ush" 2469
"../../../Engine/Shaders/Private/RecomputeTangentsPerTrianglePass.usf" 2470
"../../../Engine/Shaders/Private/GpuSkinCacheComputeShader.usf" 2471
"../../../Engine/Shaders/Private/HeightFieldAtlasManagement.usf" 2472
"../../../Engine/Shaders/Private/Landscape/LandscapeEditLayersUtils.usf" 2473
"../../../Engine/Shaders/Private/Landscape/LandscapeCommon.ush" 2474
"../../../Engine/Shaders/Private/Landscape/LandscapeEditLayersWeightmaps.usf" 2475
"../../../Engine/Shaders/Private/Landscape/LandscapeEditLayersHeightmaps.usf" 2476
"../../../Engine/Shaders/Private/Landscape/LandscapeLayersWeightmapsPS.usf" 2477
"../../../Engine/Shaders/Private/Landscape/LandscapeLayersHeightmapsPS.usf" 2478
"../../../Engine/Shaders/Private/LandscapeLayersCS.usf" 2479
"../../../Engine/Shaders/Private/LandscapeLayersPS.usf" 2480
"../../../Engine/Shaders/Private/LandscapeLayersVS.usf" 2481
"../../../Engine/Shaders/Private/LandscapePhysicalMaterial.usf" 2482
"../../../Engine/Shaders/Private/LandscapeGrassWeight.usf" 2483
"../../../Engine/Shaders/Private/Landscape/LandscapeCulling.usf" 2484
"../../../Engine/Shaders/Private/Nanite/NaniteHZBCull.ush" 2485
"../../../Engine/Shaders/Private/HZB.ush" 2486
"../../../Engine/Shaders/Private/Landscape/LandscapeMergeTexturesPS.usf" 2487
"../../../Engine/Shaders/Private/WideCustomResolveShaders.usf" 2488
"../../../Engine/Shaders/Private/WideCustomResolve_Wide.ush" 2489
"../../../Engine/Shaders/Private/WideCustomResolve_Wider.ush" 2490
"../../../Engine/Shaders/Private/WideCustomResolve_Widest.ush" 2491
"../../../Engine/Shaders/Private/WaterInfoTextureBlur.usf" 2492
"../../../Engine/Shaders/Private/WaterInfoTextureMerge.usf" 2493
"../../../Engine/Shaders/Private/PageTableUpdate.usf" 2494
"../../../Engine/Shaders/Private/VirtualTextureCompress.usf" 2495
"../../../Engine/Shaders/Private/ASTCCompressionCommon.ush" 2496
"../../../Engine/Shaders/Private/IntegerSequenceEncoding.ush" 2497
"../../../Engine/Shaders/Private/ETCCompressionCommon.ush" 2498
"../../../Engine/Shaders/Private/VirtualTextureMaterial.usf" 2499
"../../../Engine/Shaders/Private/PixelShaderOutputCommon.ush" 2500
"../../../Engine/Shaders/Private/ShaderOutputCommon.ush" 2501
"../../../Engine/Shaders/Private/VolumetricRenderTarget.usf" 2502
"../../../Engine/Shaders/Private/HeightFogCommon.ush" 2503
"../../../Engine/Shaders/Private/LocalFogVolumes/LocalFogVolumeCommon.ush" 2504
"../../../Engine/Shaders/Private/ReflectionEnvironmentShared.ush" 2505
"../../../Engine/Shaders/Private/VolumetricFogVoxelization.usf" 2506
"../../../Engine/Shaders/Private/VolumetricCloudMaterialPixelCommon.ush" 2507
"../../../Engine/Shaders/Private/VolumetricFogLightFunction.usf" 2508
"../../../Engine/Shaders/Private/LightFunctionCommon.ush" 2509
"../../../Engine/Shaders/Private/VolumetricFog.usf" 2510
"../../../Engine/Shaders/Private/DeferredLightingCommon.ush" 2511
"../../../Engine/Shaders/Private/DynamicLightingCommon.ush" 2512
"../../../Engine/Shaders/Private/CapsuleLightIntegrate.ush" 2513
"../../../Engine/Shaders/Private/CapsuleLightSampling.ush" 2514
"../../../Engine/Shaders/Private/RectLightIntegrate.ush" 2515
"../../../Engine/Shaders/Private/ScreenSpaceShadowRayCast.ush" 2516
"../../../Engine/Shaders/Private/LightFunctionAtlas/LightFunctionAtlasCommon.usf" 2517
"../../../Engine/Shaders/Private/HeterogeneousVolumes/HeterogeneousVolumesAdaptiveVolumetricShadowMapSampling.ush" 2518
"../../../Engine/Shaders/Private/HeterogeneousVolumes/HeterogeneousVolumesAdaptiveVolumetricShadowMapUtils.ush" 2519
"../../../Engine/Shaders/Private/HeterogeneousVolumes/HeterogeneousVolumesRayMarchingUtils.ush" 2520
"../../../Engine/Shaders/Private/HeterogeneousVolumes/HeterogeneousVolumesRayMarchingTypes.ush" 2521
"../../../Engine/Shaders/Private/PathTracing/Utilities/PathTracingRandomSequence.ush" 2522
"../../../Engine/Shaders/Private/HeterogeneousVolumes/HeterogeneousVolumesTracingUtils.ush" 2523
"../../../Engine/Shaders/Private/VelocityCommon.ush" 2524
"../../../Engine/Shaders/Private/HeterogeneousVolumes/HeterogeneousVolumesTransmittanceVolumeUtils.ush" 2525
"../../../Engine/Shaders/Private/ForwardShadowingCommon.ush" 2526
"../../../Engine/Shaders/Private/ShadowFilteringCommon.ush" 2527
"../../../Engine/Shaders/Private/PixelQuadMessagePassing.ush" 2528
"../../../Engine/Shaders/Private/VolumeLightingCommon.ush" 2529
"../../../Engine/Shaders/Private/ShadowProjectionCommon.ush" 2530
"../../../Engine/Shaders/Private/VolumeLightingCommonSampling.ush" 2531
"../../../Engine/Shaders/Private/Lumen/LumenTranslucencyVolumeShared.ush" 2532
"../../../Engine/Shaders/Private/Lumen/LumenRadianceCacheInterpolation.ush" 2533
"../../../Engine/Shaders/Private/HeterogeneousVolumes/HeterogeneousVolumesAdaptiveVolumetricShadowMapSampler.ush" 2534
"../../../Engine/Shaders/Private/LightGridCommon.ush" 2535
"../../../Engine/Shaders/Private/DistanceFieldAOShared.ush" 2536
"../../../Engine/Shaders/Private/IntersectionUtils.ush" 2537
"../../../Engine/Shaders/Private/VolumetricLightmapShared.ush" 2538
"../../../Engine/Shaders/Private/LightDataUniforms.ush" 2539
"../../../Engine/Shaders/Private/VirtualShadowMaps/VirtualShadowMapProjectionCommon.ush" 2540
"../../../Engine/Shaders/Private/VirtualShadowMaps/VirtualShadowMapPageAccessCommon.ush" 2541
"../../../Engine/Shaders/Shared/VirtualShadowMapDefinitions.h" 2542
"../../../Engine/Shaders/Shared/HLSLMathAliases.h" 2543
"../../../Engine/Shaders/Private/VirtualShadowMaps/VirtualShadowMapProjectionStructs.ush" 2544
"../../../Engine/Shaders/Private/VolumetricCloudCommon.ush" 2545
"../../../Engine/Shaders/Private/VolumetricCloud.usf" 2546
"../../../Engine/Shaders/Private/VisualizeVolumetricLightmap.usf" 2547
"../../../Engine/Shaders/Private/VirtualShadowMaps/VirtualShadowMapProjectionComposite.usf" 2548
"../../../Engine/Shaders/Private/LightShaderParameters.ush" 2549
"../../../Engine/Shaders/Private/VirtualShadowMaps/VirtualShadowMapMaskBitsCommon.ush" 2550
"../../../Engine/Shaders/Private/VirtualShadowMaps/VirtualShadowMapLightGrid.ush" 2551
"../../../Engine/Shaders/Private/VirtualShadowMaps/VirtualShadowMapProjection.usf" 2552
"../../../Engine/Shaders/Private/Visualization.ush" 2553
"../../../Engine/Shaders/Private/VirtualShadowMaps/VirtualShadowMapProjectionFilter.ush" 2554
"../../../Engine/Shaders/Private/VirtualShadowMaps/VirtualShadowMapProjectionDirectional.ush" 2555
"../../../Engine/Shaders/Private/VirtualShadowMaps/VirtualShadowMapSMRTCommon.ush" 2556
"../../../Engine/Shaders/Private/VirtualShadowMaps/VirtualShadowMapSMRTTemplate.ush" 2557
"../../../Engine/Shaders/Private/VirtualShadowMaps/VirtualShadowMapProjectionSpot.ush" 2558
"../../../Engine/Shaders/Private/VirtualShadowMaps/VirtualShadowMapTransmissionCommon.ush" 2559
"../../../Engine/Shaders/Private/VirtualShadowMaps/VirtualShadowMapScreenRayTrace.ush" 2560
"../../../Engine/Shaders/Private/VirtualShadowMaps/VirtualShadowMapStats.ush" 2561
"../../../Engine/Shaders/Private/HairStrands/HairStrandsVoxelPageCommon.ush" 2562
"../../../Engine/Shaders/Private/HairStrands/HairStrandsVoxelPageTraversal.ush" 2563
"../../../Engine/Shaders/Private/VirtualShadowMaps/VirtualShadowMapCacheGPUInvalidation.usf" 2564
"../../../Engine/Shaders/Private/VirtualShadowMaps/VirtualShadowMapPageCacheCommon.ush" 2565
"../../../Engine/Shaders/Private/VirtualShadowMaps/VirtualShadowMapCacheInvalidation.ush" 2566
"../../../Engine/Shaders/Private/VirtualShadowMaps/VirtualShadowMapPageOverlap.ush" 2567
"../../../Engine/Shaders/Private/ScreenSpaceDenoise/SSDDefinitions.ush" 2568
"../../../Engine/Shaders/Private/InstanceCulling/InstanceCullingLoadBalancer.ush" 2569
"../../../Engine/Shaders/Private/VirtualShadowMaps/VirtualShadowMapCacheLoadBalancer.usf" 2570
"../../../Engine/Shaders/Private/VirtualShadowMaps/VirtualShadowMapCopyStats.usf" 2571
"../../../Engine/Shaders/Private/VirtualShadowMaps/VirtualShadowMapDebug.usf" 2572
"../../../Engine/Shaders/Private/VirtualShadowMaps/Desaturate.usf" 2573
"../../../Engine/Shaders/Private/VirtualShadowMaps/VirtualShadowMapPhysicalPageManagement.usf" 2574
"../../../Engine/Shaders/Private/ReductionCommon.ush" 2575
"../../../Engine/Shaders/Private/GPUMessaging.ush" 2576
"../../../Engine/Shaders/Private/VirtualShadowMaps/VirtualShadowMapPerPageDispatch.ush" 2577
"../../../Engine/Shaders/Private/VirtualShadowMaps/VirtualShadowMapCompactViews.usf" 2578
"../../../Engine/Shaders/Shared/SceneCullingDefinitions.h" 2579
"../../../Engine/Shaders/Private/VirtualShadowMaps/VirtualShadowMapBuildPerPageDrawCommands.usf" 2580
"../../../Engine/Shaders/Private/Nanite/NaniteCullingCommon.ush" 2581
"../../../Engine/Shaders/Private/Nanite/NaniteCulling.ush" 2582
"../../../Engine/Shaders/Private/Nanite/NaniteHierarchyTraversalCommon.ush" 2583
"../../../Engine/Shaders/Private/InstanceCulling/InstanceCullingCommon.ush" 2584
"../../../Engine/Shaders/Shared/InstanceCullingDefinitions.h" 2585
"../../../Engine/Shaders/Private/VirtualShadowMaps/VirtualShadowMapPrintStats.usf" 2586
"../../../Engine/Shaders/Private/VirtualShadowMaps/VirtualShadowMapPageManagement.usf" 2587
"../../../Engine/Shaders/Private/VirtualShadowMaps/VirtualShadowMapPageMarking.usf" 2588
"../../../Engine/Shaders/Shared/SingleLayerWaterDefinitions.h" 2589
"../../../Engine/Shaders/Private/HairStrands/HairStrandsTileCommon.ush" 2590
"../../../Engine/Shaders/Private/Froxel/Froxel.ush" 2591
"../../../Engine/Shaders/Shared/FroxelDefinitions.h" 2592
"../../../Engine/Shaders/Private/DiaphragmDOF/DOFCommon.ush" 2593
"../../../Engine/Shaders/Private/VariableRateShading/VRSShadingRatePreview.usf" 2594
"../../../Engine/Shaders/Private/VariableRateShading/VRSShadingRateCommon.ush" 2595
"../../../Engine/Shaders/Private/VariableRateShading/VRSShadingRateCombine.usf" 2596
"../../../Engine/Shaders/Private/VariableRateShading/VRSShadingRateFoveated.usf" 2597
"../../../Engine/Shaders/Private/VariableRateShading/VRSShadingRateReproject.usf" 2598
"../../../Engine/Shaders/Private/VariableRateShading/VRSShadingRateCalculate.usf" 2599
"../../../Engine/Shaders/Private/TranslucencyUpsampling.usf" 2600
"../../../Engine/Shaders/Private/ComposeSeparateTranslucency.usf" 2601
"../../../Engine/Shaders/Private/SeparateTranslucency.ush" 2602
"../../../Engine/Shaders/Private/TranslucentLightInjectionShaders.usf" 2603
"../../../Engine/Shaders/Private/TranslucentShadowDepthShaders.usf" 2604
"../../../Engine/Shaders/Private/ShadowDepthCommon.ush" 2605
"../../../Engine/Shaders/Private/RayTracing/RayTracingTest.usf" 2606
"../../../Engine/Shaders/Private/PostprocessSubsurfaceTile.usf" 2607
"../../../Engine/Shaders/Private/PostProcessSubsurfaceCommon.ush" 2608
"../../../Engine/Shaders/Private/Substrate/SubstrateVisualize.usf" 2609
"../../../Engine/Shaders/Private/Substrate/SubstrateTile.ush" 2610
"../../../Engine/Shaders/Shared/SubstrateVisualizeDefinitions.h" 2611
"../../../Engine/Shaders/Private/Substrate/SubstrateVisualizeCommon.ush" 2612
"../../../Engine/Shaders/Private/SkyLightingDiffuseShared.ush" 2613
"../../../Engine/Shaders/Private/SkyLightingShared.ush" 2614
"../../../Engine/Shaders/Private/ClearCoatCommon.ush" 2615
"../../../Engine/Shaders/Private/ReflectionEnvironmentComposite.ush" 2616
"../../../Engine/Shaders/Private/Substrate/SubstrateLightingCommon.ush" 2617
"../../../Engine/Shaders/Private/Substrate/SubstrateRoughRefraction.usf" 2618
"../../../Engine/Shaders/Private/PathTracing/Material/PathTracingFresnel.ush" 2619
"../../../Engine/Shaders/Private/PathTracing/Material/PathTracingGlossy.ush" 2620
"../../../Engine/Shaders/Private/Substrate/SubstrateMaterialSampling.usf" 2621
"../../../Engine/Shaders/Private/Substrate/SubstrateMaterialSampling.ush" 2622
"../../../Engine/Shaders/Private/Lumen/LumenPosition.ush" 2623
"../../../Engine/Shaders/Private/Substrate/SubstrateTile.usf" 2624
"../../../Engine/Shaders/Private/Substrate/SubstrateMaterialClassification.usf" 2625
"../../../Engine/Shaders/Private/Substrate/SubstrateDBuffer.usf" 2626
"../../../Engine/Shaders/Private/StochasticLighting/StochasticLightingDenoising.usf" 2627
"../../../Engine/Shaders/Private/Lumen/LumenMaterial.ush" 2628
"../../../Engine/Shaders/Private/StochasticLighting/StochasticLightingCommon.ush" 2629
"../../../Engine/Shaders/Private/SplineMeshSceneTexture.usf" 2630
"../../../Engine/Shaders/Private/SparseVolumeTexture/VisualizeSparseVolumeTexture.usf" 2631
"../../../Engine/Shaders/Private/SkyAtmosphere.usf" 2632
"../../../Engine/Shaders/Private/Skinning/SkinnedMeshDebug.usf" 2633
"../../../Engine/Shaders/Private/Skinning/AnimBankEval.usf" 2634
"../../../Engine/Shaders/Private/SingleLayerWaterComposite.usf" 2635
"../../../Engine/Shaders/Private/Froxel/FroxelBuild.ush" 2636
"../../../Engine/Shaders/Private/SingleLayerWaterRefractionCulling.usf" 2637
"../../../Engine/Shaders/Private/ScreenSpaceShadows.usf" 2638
"../../../Engine/Shaders/Private/bend_sss_gpu.ush" 2639
"../../../Engine/Shaders/Private/ShadowFactorsUpsampleCommon.ush" 2640
"../../../Engine/Shaders/Private/FirstPersonSelfShadow.usf" 2641
"../../../Engine/Shaders/Private/HZBTracing.ush" 2642
"../../../Engine/Shaders/Private/ShadowProjectionVertexShader.usf" 2643
"../../../Engine/Shaders/Private/ShadowProjectionPixelShader.usf" 2644
"../../../Engine/Shaders/Private/MobileLightingCommon.ush" 2645
"../../../Engine/Shaders/Private/PlanarReflectionShared.ush" 2646
"../../../Engine/Shaders/Private/MobileSSR.ush" 2647
"../../../Engine/Shaders/Private/SSRT/SSRTRayCast.ush" 2648
"../../../Engine/Shaders/Private/ShadowPercentageCloserFiltering.ush" 2649
"../../../Engine/Shaders/Private/TransmissionThickness.ush" 2650
"../../../Engine/Shaders/Private/CopyShadowMaps.usf" 2651
"../../../Engine/Shaders/Private/ShadowDepthPixelShader.usf" 2652
"../../../Engine/Shaders/Private/ShadowDepthVertexShader.usf" 2653
"../../../Engine/Shaders/Private/ShadingEnergyConservationTable.usf" 2654
"../../../Engine/Shaders/Shared/PathTracingDefinitions.h" 2655
"../../../Engine/Shaders/Private/ShadingFurnaceTest.usf" 2656
"../../../Engine/Shaders/Private/Substrate/SubstrateDeferredLighting.ush" 2657
"../../../Engine/Shaders/Private/ShaderPrintDraw.usf" 2658
"../../../Engine/Shaders/Private/ShaderPrintDrawPrimitive.usf" 2659
"../../../Engine/Shaders/Private/DefaultSSRTiles.usf" 2660
"../../../Engine/Shaders/Private/ScreenSpaceReflectionTileCommons.ush" 2661
"../../../Engine/Shaders/Private/SSRT/SSRTDiffuseIndirect.usf" 2662
"../../../Engine/Shaders/Private/SSRT/SSRTTileClassificationBuffer.ush" 2663
"../../../Engine/Shaders/Private/SSRT/SSRTReflections.usf" 2664
"../../../Engine/Shaders/Private/ScreenSpaceDenoise/SSDPublic.ush" 2665
"../../../Engine/Shaders/Private/SSRT/SSRTTileClassification.usf" 2666
"../../../Engine/Shaders/Private/SSRT/SSRTPrevFrameReduction.usf" 2667
"../../../Engine/Shaders/Private/ScreenSpaceDenoise/SSDComposeHarmonics.usf" 2668
"../../../Engine/Shaders/Private/ScreenSpaceDenoise/SSDPublicHarmonics.ush" 2669
"../../../Engine/Shaders/Private/ScreenSpaceDenoise/SSDSignalFramework.ush" 2670
"../../../Engine/Shaders/Private/ScreenSpaceDenoise/SSDCommon.ush" 2671
"../../../Engine/Shaders/Private/SphericalGaussian.ush" 2672
"../../../Engine/Shaders/Public/WaveBroadcastIntrinsics.ush" 2673
"../../../Engine/Shaders/Private/ScreenSpaceDenoise/SSDMetadata.ush" 2674
"../../../Engine/Shaders/Private/ScreenSpaceDenoise/SSDSignalCore.ush" 2675
"../../../Engine/Shaders/Private/ScreenSpaceDenoise/DenoisingCommon.ush" 2676
"../../../Engine/Shaders/Private/ScreenSpaceDenoise/SSDSignalArray.ush" 2677
"../../../Engine/Shaders/Private/ScreenSpaceDenoise/SSDSignalBufferEncoding.ush" 2678
"../../../Engine/Shaders/Private/ScreenSpaceDenoise/SSDPublicBufferEncoding.ush" 2679
"../../../Engine/Shaders/Private/Lumen/LumenBufferEncoding.ush" 2680
"../../../Engine/Shaders/Private/ScreenSpaceDenoise/SSDTemporalAccumulation.usf" 2681
"../../../Engine/Shaders/Private/ScreenSpaceDenoise/SSDSpatialKernel.ush" 2682
"../../../Engine/Shaders/Private/ScreenSpaceDenoise/SSDSignalAccumulatorArray.ush" 2683
"../../../Engine/Shaders/Private/ScreenSpaceDenoise/SSDSignalAccumulator.ush" 2684
"../../../Engine/Shaders/Private/ScreenSpaceDenoise/SSDSignalCompression.ush" 2685
"../../../Engine/Shaders/Private/ScreenSpaceDenoise/SSDSpatialAccumulation.usf" 2686
"../../../Engine/Shaders/Private/ScreenSpaceDenoise/SSDInjest.usf" 2687
"../../../Engine/Shaders/Private/ScreenSpaceDenoise/SSDCompressMetadata.usf" 2688
"../../../Engine/Shaders/Private/DownsampleDepthPixelShader.usf" 2689
"../../../Engine/Shaders/Private/ScreenPass.usf" 2690
"../../../Engine/Shaders/Private/HZB.usf" 2691
"../../../Engine/Shaders/Private/OcclusionFeedbackShaders.usf" 2692
"../../../Engine/Shaders/Private/HZBOcclusion.usf" 2693
"../../../Engine/Shaders/Private/OcclusionQueryPixelShader.usf" 2694
"../../../Engine/Shaders/Private/OcclusionQueryVertexShader.usf" 2695
"../../../Engine/Shaders/Private/HitProxyCopy.usf" 2696
"../../../Engine/Shaders/Private/HitProxyPixelShader.usf" 2697
"../../../Engine/Shaders/Private/HitProxyVertexShader.usf" 2698
"../../../Engine/Shaders/Private/SceneCulling/SceneCullingDebugRender.usf" 2699
"../../../Engine/Shaders/Private/SceneCulling/SceneCulling.ush" 2700
"../../../Engine/Shaders/Private/SceneCulling/SceneCullingBuildExplicitBounds.usf" 2701
"../../../Engine/Shaders/Private/SceneCapturePixelShader.usf" 2702
"../../../Engine/Shaders/Private/RendererUtils.usf" 2703
"../../../Engine/Shaders/Private/RTWriteMaskDecode.usf" 2704
"../../../Engine/Shaders/Private/ReflectionEnvironmentShaders.usf" 2705
"../../../Engine/Shaders/Private/RectLightAtlas.usf" 2706
"../../../Engine/Shaders/Private/RayTracing/TraceRayInlineStatistics.usf" 2707
"../../../Engine/Shaders/Private/RayTracing/CompositeSkyLightPS.usf" 2708
"../../../Engine/Shaders/Private/RayTracing/GenerateSkyLightVisibilityRaysCS.usf" 2709
"../../../Engine/Shaders/Private/RayTracing/RayTracingSkyLightCommon.ush" 2710
"../../../Engine/Shaders/Private/RayTracing/SkyLightVisibilityRaysData.ush" 2711
"../../../Engine/Shaders/Private/Raytracing/RaytracingSkylightRGS.usf" 2712
"../../../Engine/Shaders/Private/HairStrands/HairStrandsRaytracing.ush" 2713
"../../../Engine/Shaders/Private/Raytracing/RayTracingSkyLightEvaluation.ush" 2714
"../../../Engine/Shaders/Private/Raytracing/RayTracingDeferredShadingCommon.ush" 2715
"../../../Engine/Shaders/Private/RayTracing/RayTracingOcclusionRGS.usf" 2716
"../../../Engine/Shaders/Private/RayTracing/RayTracingDirectionalLight.ush" 2717
"../../../Engine/Shaders/Private/RayTracing/RayTracingRectLight.ush" 2718
"../../../Engine/Shaders/Private/RayTracing/RayTracingSphereLight.ush" 2719
"../../../Engine/Shaders/Private/RayTracing/RayTracingCapsuleLight.ush" 2720
"../../../Engine/Shaders/Private/Raytracing/RayTracingFeedback.usf" 2721
"../../../Engine/Shaders/Shared/RayTracingDebugTypes.h" 2722
"../../../Engine/Shaders/Private/RayTracing/RayTracingPrimaryRays.usf" 2723
"../../../Engine/Shaders/Private/RayTracing/RayTracingLightingCommon.ush" 2724
"../../../Engine/Shaders/Private/RayTracing/RayTracingLightCullingCommon.ush" 2725
"../../../Engine/Shaders/Private/RayTracing/RayTracingMaterialDefaultHitShaders.usf" 2726
"../../../Engine/Shaders/Private/RayTracing/RayTracingMaterialHitShaders.usf" 2727
"../../../Engine/Shaders/Private/RayTracing/RayTracingShaderUtils.ush" 2728
"../../../Engine/Shaders/Private/RayTracing/RayTracingCalcInterpolants.ush" 2729
"../../../Engine/Shaders/Private/LightmapCommon.ush" 2730
"../../../Engine/Shaders/Private/Lumen/LumenHardwareRayTracingPayloadCommon.ush" 2731
"../../../Engine/Shaders/Shared/LumenDefinitions.h" 2732
"../../../Engine/Shaders/Private/RayTracing/RayTracingLightingMS.usf" 2733
"../../../Engine/Shaders/Private/Lumen/LumenDiffuseColorBoost.ush" 2734
"../../../Engine/Shaders/Private/RayTracing/RayTracingLightFunctionCommon.ush" 2735
"../../../Engine/Shaders/Private/RayTracing/RayTracingBuildLightGrid.usf" 2736
"../../../Engine/Shaders/Private/Raytracing/RayTracingInstanceBufferUtil.usf" 2737
"../../../Engine/Shaders/Private/RayTracing/RayTracingDynamicMesh.usf" 2738
"../../../Engine/Shaders/Private/RayTracing/RayTracingDefaultDecalHitShader.usf" 2739
"../../../Engine/Shaders/Private/RayTracing/RayTracingDecalMaterialShader.usf" 2740
"../../../Engine/Shaders/Private/PathTracing/PathTracingShaderUtils.ush" 2741
"../../../Engine/Shaders/Private/PathTracing/PathTracingCommon.ush" 2742
"../../../Engine/Shaders/Private/PathTracing/Material/PathTracingMaterialCommon.ush" 2743
"../../../Engine/Shaders/Private/PathTracing/Utilities/PathTracingRIS.ush" 2744
"../../../Engine/Shaders/Private/RayTracing/RayTracingBuildDecalGrid.usf" 2745
"../../../Engine/Shaders/Private/RayTracing/RayTracingDebugHitStatsUtils.usf" 2746
"../../../Engine/Shaders/Private/RayTracing/RayTracingDebugInstanceOverlap.usf" 2747
"../../../Engine/Shaders/Private/RayTracing/RayTracingDebugPicking.usf" 2748
"../../../Engine/Shaders/Private/RayTracing/RayTracingDebugUtils.ush" 2749
"../../../Engine/Shaders/Private/RayTracing/RayTracingDebugTraversal.usf" 2750
"../../../Engine/Shaders/Private/RayTracing/RayTracingDeferredMaterials.ush" 2751
"../../../Engine/Shaders/Shared/ThirdParty/AMD/ags_shader_intrinsics_dx12.h" 2752
"../../../Engine/Shaders/Shared/RayTracingDebugDefinitions.h" 2753
"../../../Engine/Shaders/Private/RayTracing/RayTracingDebugHitStatsCHS.usf" 2754
"../../../Engine/Shaders/Private/RayTracing/RayTracingDebugHitStats.usf" 2755
"../../../Engine/Shaders/Private/RayTracing/RayTracingDebugMS.usf" 2756
"../../../Engine/Shaders/Private/RayTracing/RayTracingDebugCHS.usf" 2757
"../../../Engine/Shaders/Private/RayTracing/RayTracingDebug.usf" 2758
"../../../Engine/Shaders/Private/RayTracing/RayTracingBuiltInShaders.usf" 2759
"../../../Engine/Shaders/Private/RayTracing/RayTracingBarycentrics.usf" 2760
"../../../Engine/Shaders/Private/RayTracing/RayTracingAmbientOcclusionRGS.usf" 2761
"../../../Engine/Shaders/Private/VisualizeShadingModels.usf" 2762
"../../../Engine/Shaders/Private/MotionBlur/VisualizeMotionVectors.usf" 2763
"../../../Engine/Shaders/Private/TemporalSuperResolution/TSRVisualize.usf" 2764
"../../../Engine/Shaders/Private/TemporalSuperResolution/TSRColorSpace.ush" 2765
"../../../Engine/Shaders/Private/TemporalSuperResolution/TSRCommon.ush" 2766
"../../../Engine/Shaders/Public/DualPixelVectorization.ush" 2767
"../../../Engine/Shaders/Private/TemporalSuperResolution/TSRReprojectionField.ush" 2768
"../../../Engine/Shaders/Private/TemporalSuperResolution/TSRResolveHistory.usf" 2769
"../../../Engine/Shaders/Private/TemporalSuperResolution/TSRConvolutionNetwork.ush" 2770
"../../../Engine/Shaders/Private/TemporalSuperResolution/TSRKernels.ush" 2771
"../../../Engine/Shaders/Public/LaneVectorization.ush" 2772
"../../../Engine/Shaders/Private/TemporalSuperResolution/TSRUpdateHistory.usf" 2773
"../../../Engine/Shaders/Private/TemporalSuperResolution/TSRSpatialAntiAliasing.ush" 2774
"../../../Engine/Shaders/Private/TemporalSuperResolution/TSRSpatialAntiAliasing.usf" 2775
"../../../Engine/Shaders/Private/TemporalSuperResolution/TSRRejectShading.usf" 2776
"../../../Engine/Shaders/Private/TemporalSuperResolution/TSRShadingAnalysis.ush" 2777
"../../../Engine/Shaders/Private/TemporalSuperResolution/TSRConvolutionNetworkPass.ush" 2778
"../../../Engine/Shaders/Private/TemporalSuperResolution/TSRDecimateHistory.usf" 2779
"../../../Engine/Shaders/Private/TemporalSuperResolution/TSRDepthVelocityAnalysis.ush" 2780
"../../../Engine/Shaders/Private/TemporalSuperResolution/TSRClosestOccluder.ush" 2781
"../../../Engine/Shaders/Private/TemporalSuperResolution/TSRWeightRelaxation.usf" 2782
"../../../Engine/Shaders/Private/TemporalSuperResolution/TSRThinGeometryCommon.ush" 2783
"../../../Engine/Shaders/Private/TemporalSuperResolution/TSRDetectThinGeometry.usf" 2784
"../../../Engine/Shaders/Private/TemporalSuperResolution/TSRDilateVelocity.usf" 2785
"../../../Engine/Shaders/Private/MotionBlur/MotionBlurVelocityFlatten.ush" 2786
"../../../Engine/Shaders/Private/MotionBlur/MotionBlurCommon.ush" 2787
"../../../Engine/Shaders/Private/TemporalSuperResolution/TSRClearPrevTextures.usf" 2788
"../../../Engine/Shaders/Private/TemporalSuperResolution/TSRMeasureCoverage.usf" 2789
"../../../Engine/Shaders/Private/TemporalSuperResolution/TSRMeasureFlickeringLuma.usf" 2790
"../../../Engine/Shaders/Private/TemporalAA.usf" 2791
"../../../Engine/Shaders/Private/FilterPixelShader.usf" 2792
"../../../Engine/Shaders/Private/FilterVertexShader.usf" 2793
"../../../Engine/Shaders/Private/VisualizeVirtualTexture.usf" 2794
"../../../Engine/Shaders/Private/PostProcessVisualizeBuffer.usf" 2795
"../../../Engine/Shaders/Private/PostProcessVisualizeLocalExposure.usf" 2796
"../../../Engine/Shaders/Private/PostProcessHistogramCommon.ush" 2797
"../../../Engine/Shaders/Private/PostProcessVisualizeLevelInstance.usf" 2798
"../../../Engine/Shaders/Private/PostProcessVisualizeHDR.usf" 2799
"../../../Engine/Shaders/Private/ShaderComplexityApplyPixelShader.usf" 2800
"../../../Engine/Shaders/Private/QuadOverdraw.ush" 2801
"../../../Engine/Shaders/Private/PostProcessUpscale.usf" 2802
"../../../Engine/Shaders/Private/PostProcessTonemap.usf" 2803
"../../../Engine/Shaders/Private/PostProcessing/FilmGrainPackConstants.usf" 2804
"../../../Engine/Shaders/Private/PostProcessing/FilmGrainReduce.usf" 2805
"../../../Engine/Shaders/Private/PostProcessTestImage.usf" 2806
"../../../Engine/Shaders/Private/PostProcessSubsurface.usf" 2807
"../../../Engine/Shaders/Private/SeparableSSS.ush" 2808
"../../../Engine/Shaders/Private/SubsurfaceBurleyNormalized.ush" 2809
"../../../Engine/Shaders/Private/PostProcessSelectionOutline.usf" 2810
"../../../Engine/Shaders/Private/MotionBlur/MotionBlurVisualize.usf" 2811
"../../../Engine/Shaders/Private/MotionBlur/MotionBlurApply.usf" 2812
"../../../Engine/Shaders/Private/MotionBlur/MotionBlurFilterTileClassify.usf" 2813
"../../../Engine/Shaders/Private/MotionBlur/MotionBlurTileScatter.usf" 2814
"../../../Engine/Shaders/Private/MotionBlur/MotionBlurTileGather.usf" 2815
"../../../Engine/Shaders/Private/MotionBlur/MotionBlurVelocityFlatten.usf" 2816
"../../../Engine/Shaders/Private/PostProcessMobile.usf" 2817
"../../../Engine/Shaders/Private/PostProcessMitchellNetravali.usf" 2818
"../../../Engine/Shaders/Private/PostProcessLocalExposure.usf" 2819
"../../../Engine/Shaders/Private/PostProcessLensFlares.usf" 2820
"../../../Engine/Shaders/Private/PostProcessGBufferHints.usf" 2821
"../../../Engine/Shaders/Private/PostProcessHMD.usf" 2822
"../../../Engine/Shaders/Private/Histogram.usf" 2823
"../../../Engine/Shaders/Private/PostProcessHistogramReduce.usf" 2824
"../../../Engine/Shaders/Private/PostProcessHistogram.usf" 2825
"../../../Engine/Shaders/Private/Bloom/BloomFinalizeApplyConstants.usf" 2826
"../../../Engine/Shaders/Private/Bloom/BloomCommon.ush" 2827
"../../../Engine/Shaders/Private/Bloom/BloomResizeKernel.usf" 2828
"../../../Engine/Shaders/Private/Bloom/BloomDownsampleKernel.usf" 2829
"../../../Engine/Shaders/Private/Bloom/BloomClampKernel.usf" 2830
"../../../Engine/Shaders/Private/Bloom/BloomPackKernelConstants.usf" 2831
"../../../Engine/Shaders/Private/Bloom/BloomSumScatterDispersionEnergy.usf" 2832
"../../../Engine/Shaders/Private/Bloom/BloomReduceKernelSurvey.usf" 2833
"../../../Engine/Shaders/Private/Bloom/BloomSurveyKernelCenterEnergy.usf" 2834
"../../../Engine/Shaders/Private/Bloom/BloomSurveyMaxScatterDispersion.usf" 2835
"../../../Engine/Shaders/Private/Bloom/BloomFindKernelCenter.usf" 2836
"../../../Engine/Shaders/Private/PostProcessEyeAdaptation.usf" 2837
"../../../Engine/Shaders/Private/TranslucencyVolumeCommon.ush" 2838
"../../../Engine/Shaders/Private/PostProcessEyeAdaptationUtils.usf" 2839
"../../../Engine/Shaders/Private/PostProcessDownsample.usf" 2840
"../../../Engine/Shaders/Private/PostProcessDOF.usf" 2841
"../../../Engine/Shaders/Private/PostProcessDeviceEncodingOnly.usf" 2842
"../../../Engine/Shaders/Private/PostProcessCompositePrimitives.usf" 2843
"../../../Engine/Shaders/Private/PostProcessCombineLUTs.usf" 2844
"../../../Engine/Shaders/Private/PostProcessVisualizeDOF.usf" 2845
"../../../Engine/Shaders/Private/PostProcessBloom.usf" 2846
"../../../Engine/Shaders/Private/PostProcessAmbientOcclusionMobile.usf" 2847
"../../../Engine/Shaders/Private/PostProcessAmbientOcclusionCommon.ush" 2848
"../../../Engine/Shaders/Private/FXAAShader.usf" 2849
"../../../Engine/Shaders/Private/Fxaa3_11.ush" 2850
"../../../Engine/Shaders/Private/PaniniProjection.usf" 2851
"../../../Engine/Shaders/Private/DiaphragmDOF/DOFRecombine.usf" 2852
"../../../Engine/Shaders/Private/DiaphragmDOF/DOFHybridScatterPixelShader.usf" 2853
"../../../Engine/Shaders/Private/DiaphragmDOF/DOFHybridScatterCommon.ush" 2854
"../../../Engine/Shaders/Private/DiaphragmDOF/DOFVignetteCommon.ush" 2855
"../../../Engine/Shaders/Private/DiaphragmDOF/DOFHybridScatterVertexShader.usf" 2856
"../../../Engine/Shaders/Private/DiaphragmDOF/DOFPostfiltering.usf" 2857
"../../../Engine/Shaders/Private/DiaphragmDOF/DOFGatherTileSuggest.ush" 2858
"../../../Engine/Shaders/Private/DiaphragmDOF/DOFCocTileCommon.ush" 2859
"../../../Engine/Shaders/Private/DiaphragmDOF/DOFGatherPass.usf" 2860
"../../../Engine/Shaders/Private/DiaphragmDOF/DOFGatherCommon.ush" 2861
"../../../Engine/Shaders/Private/DiaphragmDOF/DOFGatherAccumulator.ush" 2862
"../../../Engine/Shaders/Private/DiaphragmDOF/DOFGatherKernel.ush" 2863
"../../../Engine/Shaders/Private/DiaphragmDOF/DOFBokehLUT.usf" 2864
"../../../Engine/Shaders/Private/DiaphragmDOF/DOFHybridScatterCompilation.usf" 2865
"../../../Engine/Shaders/Private/DiaphragmDOF/DOFReduce.usf" 2866
"../../../Engine/Shaders/Private/DiaphragmDOF/DOFDownsample.ush" 2867
"../../../Engine/Shaders/Private/DiaphragmDOF/DOFHybridScatterCompilation.ush" 2868
"../../../Engine/Shaders/Private/DiaphragmDOF/DOFDownsample.usf" 2869
"../../../Engine/Shaders/Private/DiaphragmDOF/DOFCocTileDilate.usf" 2870
"../../../Engine/Shaders/Private/DiaphragmDOF/DOFCocTileFlatten.usf" 2871
"../../../Engine/Shaders/Private/DiaphragmDOF/DOFSetup.usf" 2872
"../../../Engine/Shaders/Private/Tools/DebugAlphaChannel.usf" 2873
"../../../Engine/Shaders/Private/PostProcessAlphaInvert.usf" 2874
"../../../Engine/Shaders/Private/PlanarReflectionShaders.usf" 2875
"../../../Engine/Shaders/Private/PhysicsFieldVisualizer.usf" 2876
"../../../Engine/Shaders/Private/PathTracing/PathTracingSpatialTemporalDenoising.usf" 2877
"../../../Engine/Shaders/Private/ColorDifference.ush" 2878
"../../../Engine/Shaders/Private/PathTracing/PathTracingCompositingPixelShader.usf" 2879
"../../../Engine/Shaders/Private/PathTracing/PathTracingAdaptiveUtils.ush" 2880
"../../../Engine/Shaders/Private/PathTracing/PathTracingDefaultHitShader.usf" 2881
"../../../Engine/Shaders/Private/PathTracing/PathTracingGPULightmassMaterialHitShader.usf" 2882
"../../../Engine/Shaders/Private/PathTracing/PathTracingMaterialHitShader.usf" 2883
"../../../Engine/Shaders/Private/PathTracing/Material/PathTracingSubstrateCommon.ush" 2884
"../../../Engine/Shaders/Private/PathTracing/PathTracingLightingMissShader.usf" 2885
"../../../Engine/Shaders/Private/PathTracing/PathTracingMissShader.usf" 2886
"../../../Engine/Shaders/Private/PathTracing/PathTracingAdaptiveStart.usf" 2887
"../../../Engine/Shaders/Private/PathTracing/PathTracingBuildAdaptiveError.usf" 2888
"../../../Engine/Shaders/Private/PathTracing/PathTracingVolumetricCloudMaterialShader.usf" 2889
"../../../Engine/Shaders/Private/PathTracing/Volume/PathTracingCloudsMaterialCommon.ush" 2890
"../../../Engine/Shaders/Private/PathTracing/Volume/PathTracingVolumeCommon.ush" 2891
"../../../Engine/Shaders/Private/PathTracing/Volume/PathTracingCloudsCommon.ush" 2892
"../../../Engine/Shaders/Private/PathTracing/Volume/PathTracingFog.ush" 2893
"../../../Engine/Shaders/Private/PathTracing/Volume/PathTracingAtmosphere.ush" 2894
"../../../Engine/Shaders/Private/PathTracing/Volume/PathTracingAtmosphereCommon.ush" 2895
"../../../Engine/Shaders/Private/PathTracing/Volume/PathTracingVolumeSampling.ush" 2896
"../../../Engine/Shaders/Private/PathTracing/PathTracingBuildCloudAccelerationMap.usf" 2897
"../../../Engine/Shaders/Private/PathTracing/PathTracingBuildAtmosphereLUT.usf" 2898
"../../../Engine/Shaders/Private/PathTracing/PathTracingSwizzleScanlines.usf" 2899
"../../../Engine/Shaders/Private/PathTracing/PathTracingInitExtinctionCoefficient.usf" 2900
"../../../Engine/Shaders/Private/PathTracing/PathTracingCopyDepth.usf" 2901
"../../../Engine/Shaders/Private/PathTracing/PathTracingDebug.usf" 2902
"../../../Engine/Shaders/Private/RayTracing/RayTracingDecalGrid.ush" 2903
"../../../Engine/Shaders/Private/PathTracing/Material/PathTracingMaterialSampling.ush" 2904
"../../../Engine/Shaders/Private/PathTracing/Material/PathTracingLambert.ush" 2905
"../../../Engine/Shaders/Private/PathTracing/Material/PathTracingSubstrate.ush" 2906
"../../../Engine/Shaders/Private/PathTracing/Material/PathTracingSubstrateFoliage.ush" 2907
"../../../Engine/Shaders/Private/PathTracing/Material/PathTracingSubstrateSolidGlass.ush" 2908
"../../../Engine/Shaders/Private/PathTracing/Material/PathTracingSubstrateThinGlass.ush" 2909
"../../../Engine/Shaders/Private/PathTracing/Material/PathTracingSolidGlass.ush" 2910
"../../../Engine/Shaders/Private/PathTracing/Material/PathTracingEnergyConservation.ush" 2911
"../../../Engine/Shaders/Private/PathTracing/Material/PathTracingThinGlass.ush" 2912
"../../../Engine/Shaders/Private/PathTracing/Material/PathTracingDefaultLit.ush" 2913
"../../../Engine/Shaders/Private/PathTracing/Material/PathTracingClearCoat.ush" 2914
"../../../Engine/Shaders/Private/PathTracing/Material/PathTracingTwoSidedFoliage.ush" 2915
"../../../Engine/Shaders/Private/PathTracing/Material/PathTracingCloth.ush" 2916
"../../../Engine/Shaders/Private/PathTracing/Material/PathTracingSubsurfaceProfile.ush" 2917
"../../../Engine/Shaders/Private/PathTracing/Material/PathTracingEye.ush" 2918
"../../../Engine/Shaders/Private/PathTracing/Material/PathTracingHair.ush" 2919
"../../../Engine/Shaders/Private/PathTracing/Material/PathTracingMedium.ush" 2920
"../../../Engine/Shaders/Private/PathTracing/Light/PathTracingLightSampling.ush" 2921
"../../../Engine/Shaders/Private/PathTracing/Light/PathTracingLightCommon.ush" 2922
"../../../Engine/Shaders/Private/PathTracing/Light/PathTracingDirectionalLight.ush" 2923
"../../../Engine/Shaders/Private/PathTracing/Light/PathTracingPointLight.ush" 2924
"../../../Engine/Shaders/Private/PathTracing/Light/PathTracingCapsuleLight.ush" 2925
"../../../Engine/Shaders/Private/PathTracing/Light/PathTracingRectLight.ush" 2926
"../../../Engine/Shaders/Private/PathTracing/Light/PathTracingSkyLight.ush" 2927
"../../../Engine/Shaders/Private/PathTracing/Light/PathTracingLightGrid.ush" 2928
"../../../Engine/Shaders/Private/PathTracing/PathTracing.usf" 2929
"../../../Engine/Shaders/Private/PathTracing/PathTracingCore.ush" 2930
"../../../Engine/Shaders/Private/HeterogeneousVolumes/HeterogeneousVolumesVoxelGridTypes.ush" 2931
"../../../Engine/Shaders/Private/PathTracing/Volume/PathTracingVolume.ush" 2932
"../../../Engine/Shaders/Private/PathTracing/Volume/PathTracingClouds.ush" 2933
"../../../Engine/Shaders/Private/PathTracing/Volume/PathTracingHeterogeneousVolumes.ush" 2934
"../../../Engine/Shaders/Private/HeterogeneousVolumes/HeterogeneousVolumesVoxelGridTraversal.ush" 2935
"../../../Engine/Shaders/Private/HeterogeneousVolumes/HeterogeneousVolumesVoxelGridUtils.ush" 2936
"../../../Engine/Shaders/Private/HeterogeneousVolumes/HeterogeneousVolumesFrustumVoxelGridUtils.ush" 2937
"../../../Engine/Shaders/Private/PathTracing/PathTracingBuildLightGrid.usf" 2938
"../../../Engine/Shaders/Private/PathTracing/PathTracingSkylightMISCompensation.usf" 2939
"../../../Engine/Shaders/Private/PathTracing/PathTracingSkylightPrepare.usf" 2940
"../../../Engine/Shaders/Private/OIT/OITSorting.usf" 2941
"../../../Engine/Shaders/Private/OITCombine.usf" 2942
"../../../Engine/Shaders/Private/OITCommon.ush" 2943
"../../../Engine/Shaders/Private/Nanite/Voxel/RasterizeBricks.usf" 2944
"../../../Engine/Shaders/Private/Nanite/Voxel/Brick.ush" 2945
"../../../Engine/Shaders/Private/Nanite/Voxel/Voxel.ush" 2946
"../../../Engine/Shaders/Private/Nanite/Voxel/ScatterBricks.usf" 2947
"../../../Engine/Shaders/Private/Nanite/Voxel/TileBricks.usf" 2948
"../../../Engine/Shaders/Private/Nanite/Voxel/AutoVoxel.usf" 2949
"../../../Engine/Shaders/Private/Nanite/NaniteDebugViews.usf" 2950
"../../../Engine/Shaders/Private/Nanite/NaniteEditorCommon.ush" 2951
"../../../Engine/Shaders/Private/BinarySearch.ush" 2952
"../../../Engine/Shaders/Private/Nanite/NaniteDepthDecode.usf" 2953
"../../../Engine/Shaders/Private/HTileEncoding.ush" 2954
"../../../Engine/Shaders/Private/Nanite/NaniteVisualize.usf" 2955
"../../../Engine/Shaders/Private/Nanite/NaniteStreamOut.usf" 2956
"../../../Engine/Shaders/Private/Nanite/NaniteHierarchyTraversal.ush" 2957
"../../../Engine/Shaders/Private/Nanite/NaniteSkinningUpdateViewData.usf" 2958
"../../../Engine/Shaders/Private/Skinning/TransformProviders.usf" 2959
"../../../Engine/Shaders/Private/Nanite/NaniteShadeBinning.usf" 2960
"../../../Engine/Shaders/Private/Nanite/NaniteShadeCommon.ush" 2961
"../../../Engine/Shaders/Private/Nanite/NaniteFastClear.usf" 2962
"../../../Engine/Shaders/Private/Nanite/NaniteExportGBuffer.usf" 2963
"../../../Engine/Shaders/Private/Nanite/NaniteClusterCulling.usf" 2964
"../../../Engine/Shaders/Private/Nanite/NanitePrintStats.usf" 2965
"../../../Engine/Shaders/Private/Nanite/NaniteRasterizer.usf" 2966
"../../../Engine/Shaders/Private/Nanite/NaniteRasterizationCommon.ush" 2967
"../../../Engine/Shaders/Private/Nanite/NaniteRasterizer.ush" 2968
"../../../Engine/Shaders/Private/Nanite/NaniteWritePixel.ush" 2969
"../../../Engine/Shaders/Private/Nanite/NaniteTessellation.ush" 2970
"../../../Engine/Shaders/Private/WorkDistribution.ush" 2971
"../../../Engine/Shaders/Private/Nanite/NaniteDice.ush" 2972
"../../../Engine/Shaders/Private/ShaderBundleWorkGraphCommon.ush" 2973
"../../../Engine/Shaders/Public/RootConstants.ush" 2974
"../../../Engine/Shaders/Public/Platform/D3D/D3DRootConstants.ush" 2975
"../../../Engine/Shaders/Private/Nanite/NaniteSplit.usf" 2976
"../../../Engine/Shaders/Private/Nanite/NaniteRasterBinning.usf" 2977
"../../../Engine/Shaders/Private/Nanite/NaniteInstanceCulling.usf" 2978
"../../../Engine/Shaders/Private/Nanite/NaniteImposter.ush" 2979
"../../../Engine/Shaders/Private/Nanite/NaniteInstanceHierarchyCulling.usf" 2980
"../../../Engine/Shaders/Private/WorkGroupLoadBalancer.ush" 2981
"../../../Engine/Shaders/Private/Nanite/NanitePrimitiveFilter.usf" 2982
"../../../Engine/Shaders/Private/Nanite/NaniteRasterClear.usf" 2983
"../../../Engine/Shaders/Private/Nanite/NaniteDepthExport.usf" 2984
"../../../Engine/Shaders/Private/Nanite/NaniteEmitShadow.usf" 2985
"../../../Engine/Shaders/Private/MobileDeferredUtils.usf" 2986
"../../../Engine/Shaders/Private/MobileLocalLightsBuffer.usf" 2987
"../../../Engine/Shaders/Private/MobileFog.usf" 2988
"../../../Engine/Shaders/Private/DistortApplyScreenPS.usf" 2989
"../../../Engine/Shaders/Private/MobileDeferredShading.usf" 2990
"../../../Engine/Shaders/Private/MobileBasePassPixelShader.usf" 2991
"../../../Engine/Shaders/Private/MobileBasePassCommon.ush" 2992
"../../../Engine/Shaders/Private/BasePassCommon.ush" 2993
"../../../Engine/Shaders/Private/ShadingModelsMaterial.ush" 2994
"../../../Engine/Shaders/Private/ThinTranslucentCommon.ush" 2995
"../../../Engine/Shaders/Private/SingleLayerWaterShading.ush" 2996
"../../../Engine/Shaders/Private/DistortionCommon.ush" 2997
"../../../Engine/Shaders/Private/Substrate/SubstrateMobileForwardLighting.ush" 2998
"../../../Engine/Shaders/Private/MobileBasePassVertexShader.usf" 2999
"../../../Engine/Shaders/Private/MeshEdges.usf" 3000
"../../../Engine/Shaders/Private/MegaLights/MegaLightsVSMTracing.usf" 3001
"../../../Engine/Shaders/Private/MegaLights/MegaLights.ush" 3002
"../../../Engine/Shaders/Shared/MegaLightsDefinitions.h" 3003
"../../../Engine/Shaders/Private/HairStrands/HairStrandsVisibilityUtils.ush" 3004
"../../../Engine/Shaders/Private/MegaLights/MegaLightsRayTracing.ush" 3005
"../../../Engine/Shaders/Private/MegaLights/MegaLightsRayTracing.usf" 3006
"../../../Engine/Shaders/Private/DistanceField/GlobalDistanceFieldUtils.ush" 3007
"../../../Engine/Shaders/Private/Lumen/LumenScreenTracing.ush" 3008
"../../../Engine/Shaders/Private/MegaLights/MegaLightsVolumeRayTracing.usf" 3009
"../../../Engine/Shaders/Private/MegaLights/MegaLightsVolume.ush" 3010
"../../../Engine/Shaders/Private/MegaLights/MegaLightsVolumeHardwareRayTracing.usf" 3011
"../../../Engine/Shaders/Private/Lumen/LumenHardwareRayTracingCommon.ush" 3012
"../../../Engine/Shaders/Private/RayTracing/RayTracingReflectionEnvironment.ush" 3013
"../../../Engine/Shaders/Private/Lumen/LumenHardwareRayTracingPlatformCommon.ush" 3014
"../../../Engine/Shaders/Private/Lumen/LumenReflectionsCombine.ush" 3015
"../../../Engine/Shaders/Private/Lumen/LumenTracingCommon.ush" 3016
"../../../Engine/Shaders/Private/Lumen/SurfaceCache/LumenSurfaceCacheSampling.ush" 3017
"../../../Engine/Shaders/Private/Lumen/SurfaceCache/LumenSurfaceCache.ush" 3018
"../../../Engine/Shaders/Private/Lumen/LumenCardCommon.ush" 3019
"../../../Engine/Shaders/Private/Lumen/LumenCardTileShadowDownsampleFactor.ush" 3020
"../../../Engine/Shaders/Private/MegaLights/MegaLightsHardwareRayTracing.usf" 3021
"../../../Engine/Shaders/Private/MegaLights/MegaLights.usf" 3022
"../../../Engine/Shaders/Private/MegaLights/MegaLightsShading.ush" 3023
"../../../Engine/Shaders/Private/MegaLights/MegaLightsFilterVisibleLightHash.usf" 3024
"../../../Engine/Shaders/Private/MegaLights/MegaLightsDenoiserSpatial.usf" 3025
"../../../Engine/Shaders/Private/Lumen/LumenReflectionDenoiserCommon.ush" 3026
"../../../Engine/Shaders/Private/MegaLights/MegaLightsDenoiserTemporal.usf" 3027
"../../../Engine/Shaders/Private/MegaLights/MegaLightsShading.usf" 3028
"../../../Engine/Shaders/Private/StochasticLighting/StochasticLightingUpsample.ush" 3029
"../../../Engine/Shaders/Private/MegaLights/MegaLightsVisibleLightHash.usf" 3030
"../../../Engine/Shaders/Private/MegaLights/MegaLightsVolumeShading.usf" 3031
"../../../Engine/Shaders/Private/MegaLights/MegaLightsSampling.usf" 3032
"../../../Engine/Shaders/Private/MegaLights/MegaLightsSampling.ush" 3033
"../../../Engine/Shaders/Private/MegaLights/MegaLightsVolumeSampling.usf" 3034
"../../../Engine/Shaders/Private/MaterialCache/MaterialCacheABufferPages.usf" 3035
"../../../Engine/Shaders/Private/MaterialCache/MaterialCacheShade.usf" 3036
"../../../Engine/Shaders/Private/MaterialCache/MaterialCacheUnwrapNaniteShade.usf" 3037
"../../../Engine/Shaders/Private/MaterialCache/MaterialCacheUnwrapPixelShader.usf" 3038
"../../../Engine/Shaders/Private/MaterialCache/MaterialCacheUnwrapVertexShader.usf" 3039
"../../../Engine/Shaders/Private/Lumen/LumenVisualizeRadianceCache.usf" 3040
"../../../Engine/Shaders/Private/Lumen/LumenRadianceCacheCommon.ush" 3041
"../../../Engine/Shaders/Private/Lumen/LumenVisualizeHardwareRayTracing.usf" 3042
"../../../Engine/Shaders/Private/Lumen/LumenVisualize.ush" 3043
"../../../Engine/Shaders/Private/Lumen/LumenHairTracing.ush" 3044
"../../../Engine/Shaders/Private/Lumen/LumenVisualize.usf" 3045
"../../../Engine/Shaders/Private/Lumen/LumenSoftwareRayTracing.ush" 3046
"../../../Engine/Shaders/Private/DistanceField/GlobalDistanceFieldObjectGrid.ush" 3047
"../../../Engine/Shaders/Private/DistanceFieldLightingShared.ush" 3048
"../../../Engine/Shaders/Private/Lumen/LumenVisualizeTraces.ush" 3049
"../../../Engine/Shaders/Private/Lumen/LumenTranslucencyVolumeLighting.usf" 3050
"../../../Engine/Shaders/Private/Lumen/LumenRadianceCacheMarkCommon.ush" 3051
"../../../Engine/Shaders/Private/Lumen/LumenTranslucencyVolumeLightingShared.ush" 3052
"../../../Engine/Shaders/Private/Lumen/LumenScreenProbeCommon.ush" 3053
"../../../Engine/Shaders/Private/RayTracing/RayGenUtils.ush" 3054
"../../../Engine/Shaders/Private/Lumen/LumenRadianceCacheTracingCommon.ush" 3055
"../../../Engine/Shaders/Private/Lumen/LumenTranslucencyVolumeHardwareRayTracing.usf" 3056
"../../../Engine/Shaders/Private/Lumen/LumenTranslucencyRadianceCacheMarkShaders.usf" 3057
"../../../Engine/Shaders/Private/Lumen/SurfaceCache/LumenSurfaceCache.usf" 3058
"../../../Engine/Shaders/Private/Lumen/LumenShortRangeAOHardwareRayTracing.usf" 3059
"../../../Engine/Shaders/Private/Lumen/LumenScreenSpaceBentNormal.ush" 3060
"../../../Engine/Shaders/Private/Lumen/LumenScreenSpaceBentNormal.usf" 3061
"../../../Engine/Shaders/Private/Lumen/LumenScreenProbeTracing.usf" 3062
"../../../Engine/Shaders/Private/Lumen/LumenScreenProbeTracingCommon.ush" 3063
"../../../Engine/Shaders/Private/Lumen/LumenFloatQuantization.ush" 3064
"../../../Engine/Shaders/Private/Lumen/LumenScreenProbeImportanceSampling.usf" 3065
"../../../Engine/Shaders/Private/Lumen/LumenScreenProbeImportanceSamplingShared.ush" 3066
"../../../Engine/Shaders/Private/Lumen/LumenScreenProbeHardwareRayTracing.usf" 3067
"../../../Engine/Shaders/Private/Lumen/LumenScreenProbeDebug.usf" 3068
"../../../Engine/Shaders/Private/Lumen/LumenScreenProbeGather.usf" 3069
"../../../Engine/Shaders/Private/Lumen/LumenScreenProbeGatherTemporal.usf" 3070
"../../../Engine/Shaders/Private/Lumen/LumenScreenProbeFiltering.usf" 3071
"../../../Engine/Shaders/Private/Lumen/LumenSceneLighting.usf" 3072
"../../../Engine/Shaders/Private/Lumen/LumenCardTile.ush" 3073
"../../../Engine/Shaders/Private/Lumen/LumenSceneLighting.ush" 3074
"../../../Engine/Shaders/Private/Lumen/Radiosity/LumenRadiosity.ush" 3075
"../../../Engine/Shaders/Private/Lumen/LumenSceneLightingDebug.usf" 3076
"../../../Engine/Shaders/Private/Lumen/LumenScene.usf" 3077
"../../../Engine/Shaders/Private/Lumen/LumenSceneDirectLightingHardwareRayTracing.usf" 3078
"../../../Engine/Shaders/Private/Lumen/LumenSceneDirectLightingStochastic.ush" 3079
"../../../Engine/Shaders/Private/Lumen/LumenReflectionCommon.ush" 3080
"../../../Engine/Shaders/Private/Lumen/LumenSceneDirectLighting.ush" 3081
"../../../Engine/Shaders/Private/Lumen/LumenSceneDebugHardwareRayTracing.usf" 3082
"../../../Engine/Shaders/Private/Lumen/LumenSceneDirectLightingStochastic.usf" 3083
"../../../Engine/Shaders/Private/Lumen/LumenSceneDirectLightingSoftwareRayTracing.usf" 3084
"../../../Engine/Shaders/Private/DistanceFieldShadowingShared.ush" 3085
"../../../Engine/Shaders/Private/Lumen/LumenSceneDirectLightingPerLightShadowCommon.ush" 3086
"../../../Engine/Shaders/Private/Lumen/LumenSceneDirectLightingShadowMask.usf" 3087
"../../../Engine/Shaders/Private/Lumen/LumenSceneDirectLighting.usf" 3088
"../../../Engine/Shaders/Private/Lumen/LumenSceneDirectLightingCulling.usf" 3089
"../../../Engine/Shaders/Private/Lumen/LumenCardComputeShader.usf" 3090
"../../../Engine/Shaders/Private/Lumen/LumenCardBasePass.ush" 3091
"../../../Engine/Shaders/Private/Lumen/LumenCardPixelShader.usf" 3092
"../../../Engine/Shaders/Private/Lumen/LumenCardVertexShader.usf" 3093
"../../../Engine/Shaders/Private/Lumen/LumenReSTIRGather.usf" 3094
"../../../Engine/Shaders/Private/Lumen/LumenReflectionTracing.usf" 3095
"../../../Engine/Shaders/Private/Lumen/LumenReflectionDenoiserSpatial.usf" 3096
"../../../Engine/Shaders/Private/Lumen/LumenReflectionDenoiserClear.usf" 3097
"../../../Engine/Shaders/Private/Lumen/LumenReflectionDenoiserTemporal.usf" 3098
"../../../Engine/Shaders/Private/Lumen/LumenReflectionResolve.usf" 3099
"../../../Engine/Shaders/Private/Lumen/LumenReflections.usf" 3100
"../../../Engine/Shaders/Private/Lumen/RayTracedTranslucency.usf" 3101
"../../../Engine/Shaders/Private/Lumen/LumenReflectionHardwareRayTracing.usf" 3102
"../../../Engine/Shaders/Private/Lumen/Radiosity/LumenVisualizeRadiosityProbes.usf" 3103
"../../../Engine/Shaders/Private/Lumen/Radiosity/LumenRadiosity.usf" 3104
"../../../Engine/Shaders/Private/Lumen/Radiosity/LumenRadiosityHardwareRayTracing.usf" 3105
"../../../Engine/Shaders/Private/Lumen/Radiosity/LumenRadiosityCulling.usf" 3106
"../../../Engine/Shaders/Private/Lumen/LumenRadianceCacheHardwareRayTracing.usf" 3107
"../../../Engine/Shaders/Private/Lumen/LumenRadianceCache.usf" 3108
"../../../Engine/Shaders/Private/Lumen/LumenRadianceCacheUpdate.ush" 3109
"../../../Engine/Shaders/Private/Lumen/LumenRadianceCacheDebug.usf" 3110
"../../../Engine/Shaders/Private/Lumen/LumenRadianceCacheUpdate.usf" 3111
"../../../Engine/Shaders/Private/Lumen/LumenMeshSDFCulling.usf" 3112
"../../../Engine/Shaders/Private/HybridIndirectLighting.ush" 3113
"../../../Engine/Shaders/Private/MeshDistanceFieldCommon.ush" 3114
"../../../Engine/Shaders/Private/Lumen/LumenIrradianceFieldGather.usf" 3115
"../../../Engine/Shaders/Private/Lumen/LumenHardwareRayTracingMaterials.usf" 3116
"../../../Engine/Shaders/Private/Lumen/LumenFrontLayerTranslucency.usf" 3117
"../../../Engine/Shaders/Private/LocalFogVolumes/LocalFogVolumeSplat.usf" 3118
"../../../Engine/Shaders/Private/LocalFogVolumes/LocalFogVolumeTiledCulling.usf" 3119
"../../../Engine/Shaders/Private/LightShaftShader.usf" 3120
"../../../Engine/Shaders/Private/StationaryLightOverlapShaders.usf" 3121
"../../../Engine/Shaders/Private/DeferredLightPixelShaders.usf" 3122
"../../../Engine/Shaders/Private/DeferredLightVertexShaders.usf" 3123
"../../../Engine/Shaders/Private/LightMapDensityShader.usf" 3124
"../../../Engine/Shaders/Private/LightGridInjection.usf" 3125
"../../../Engine/Shaders/Shared/LightGridDefinitions.h" 3126
"../../../Engine/Shaders/Private/LightFunctionPixelShader.usf" 3127
"../../../Engine/Shaders/Private/LightFunctionVertexShader.usf" 3128
"../../../Engine/Shaders/Private/LightFunctionAtlas/LightFunctionAtlasRender.usf" 3129
"../../../Engine/Shaders/Private/InstanceCulling/InstanceCullingOcclusionQuery.usf" 3130
"../../../Engine/Shaders/Private/InstanceCulling/InstanceCullingSetup.ush" 3131
"../../../Engine/Shaders/Private/InstanceCulling/BuildInstanceDrawCommands.usf" 3132
"../../../Engine/Shaders/Private/InstanceCulling/InstanceCompactionCommon.ush" 3133
"../../../Engine/Shaders/Private/SceneDataMobileWriter.ush" 3134
"../../../Engine/Shaders/Private/InstanceCulling/CompactVisibleInstances.usf" 3135
"../../../Engine/Shaders/Private/ReflectionEnvironmentPixelShader.usf" 3136
"../../../Engine/Shaders/Private/AmbientCubemapComposite.usf" 3137
"../../../Engine/Shaders/Private/DiffuseIndirectComposite.usf" 3138
"../../../Engine/Shaders/Private/IESAtlas.usf" 3139
"../../../Engine/Shaders/Private/HeterogeneousVolumes/HeterogeneousVolumesVoxelGridShadows.usf" 3140
"../../../Engine/Shaders/Private/HeterogeneousVolumes/HeterogeneousVolumesStochasticFiltering.ush" 3141
"../../../Engine/Shaders/Private/HeterogeneousVolumes/HeterogeneousVolumesVoxelGridRenderingUtils.ush" 3142
"../../../Engine/Shaders/Private/HeterogeneousVolumes/HeterogeneousVolumesLightingUtils.ush" 3143
"../../../Engine/Shaders/Private/HeterogeneousVolumes/HeterogeneousVolumesVoxelGridRendering.usf" 3144
"../../../Engine/Shaders/Private/HeterogeneousVolumes/HeterogeneousVolumesVoxelGridPipeline.usf" 3145
"../../../Engine/Shaders/Private/HeterogeneousVolumes/HeterogeneousVolumesMaterialBakingPipeline.usf" 3146
"../../../Engine/Shaders/Private/HeterogeneousVolumes/HeterogeneousVolumesLiveShadingUtils.ush" 3147
"../../../Engine/Shaders/Private/HeterogeneousVolumes/HeterogeneousVolumesFrustumVoxelGrid.usf" 3148
"../../../Engine/Shaders/Private/HeterogeneousVolumes/HeterogeneousVolumesSparseVoxelPipeline.usf" 3149
"../../../Engine/Shaders/Private/HeterogeneousVolumes/HeterogeneousVolumesSparseVoxelUtils.ush" 3150
"../../../Engine/Shaders/Private/HeterogeneousVolumes/HeterogeneousVolumesSparseVoxelUniformBufferUtils.ush" 3151
"../../../Engine/Shaders/Private/HeterogeneousVolumes/HeterogeneousVolumesPreshadingPipeline.usf" 3152
"../../../Engine/Shaders/Private/HeterogeneousVolumes/HeterogeneousVolumesLiveShadingShadows.usf" 3153
"../../../Engine/Shaders/Private/HeterogeneousVolumes/HeterogeneousVolumesLiveShadingGlobalPipeline.usf" 3154
"../../../Engine/Shaders/Private/HeterogeneousVolumes/HeterogeneousVolumesLiveShadingPipeline.usf" 3155
"../../../Engine/Shaders/Private/HeterogeneousVolumes/HeterogeneousVolumesHardwareRayTracing.usf" 3156
"../../../Engine/Shaders/Private/HeterogeneousVolumes/HeterogeneousVolumesAmbientOcclusionPipeline.usf" 3157
"../../../Engine/Shaders/Private/HeterogeneousVolumes/HeterogeneousVolumesComposite.usf" 3158
"../../../Engine/Shaders/Private/HdrCustomResolveShaders.usf" 3159
"../../../Engine/Shaders/Private/HairStrands/RenderCurveRaster.usf" 3160
"../../../Engine/Shaders/Private/HairStrands/HairStrandsVoxelRasterCompute.usf" 3161
"../../../Engine/Shaders/Private/HairStrands/HairStrandsHitProxy.usf" 3162
"../../../Engine/Shaders/Private/HairStrands/HairStrandsVisibilityRasterComputeNaive.usf" 3163
"../../../Engine/Shaders/Private/HairStrands/HairStrandsVisibilityRasterHW.usf" 3164
"../../../Engine/Shaders/Private/HairStrands/HairStrandsVisibilityRasterCompute.usf" 3165
"../../../Engine/Shaders/Private/HairStrands/HairStrandsVisibilityRasterClassification.usf" 3166
"../../../Engine/Shaders/Private/HairStrands/HairStrandsCoverage.usf" 3167
"../../../Engine/Shaders/Private/HairStrands/HairStrandsVisibilityDepthPS.usf" 3168
"../../../Engine/Shaders/Private/HairStrands/HairStrandsVisibilityTransmittanceDepthPS.usf" 3169
"../../../Engine/Shaders/Private/HairStrands/HairStrandsVisibilityFillOpaqueDepthPS.usf" 3170
"../../../Engine/Shaders/Private/HairStrands/HairStrandsVisibilityCompactionComputeRaster.usf" 3171
"../../../Engine/Shaders/Private/HairStrands/HairStrandsVisibilityCompaction.usf" 3172
"../../../Engine/Shaders/Private/HairStrands/HairStrandsVisibilityCopyIndirectArg.usf" 3173
"../../../Engine/Shaders/Private/HairStrands/HairStrandsVisibilityClearPS.usf" 3174
"../../../Engine/Shaders/Private/HairStrands/HairStrandsVisibilityPS.usf" 3175
"../../../Engine/Shaders/Private/HairStrands/HairStrandsVisibilityVS.usf" 3176
"../../../Engine/Shaders/Private/HairStrands/HairStrandsVelocity.usf" 3177
"../../../Engine/Shaders/Private/HairStrands/HairStrandsVisibilityComputeSampleCoverage.usf" 3178
"../../../Engine/Shaders/Private/HairStrands/HairStrandsMaterialPS.usf" 3179
"../../../Engine/Shaders/Private/HairStrands/HairStrandsMaterialCommon.ush" 3180
"../../../Engine/Shaders/Private/HairStrands/HairStrandsMaterialVS.usf" 3181
"../../../Engine/Shaders/Private/HairStrands/HairStrandsLightSample.usf" 3182
"../../../Engine/Shaders/Private/HairStrands/HairStrandsDeepShadowMask.usf" 3183
"../../../Engine/Shaders/Private/HairStrands/HairStrandsDeepTransmittanceMask.usf" 3184
"../../../Engine/Shaders/Private/HairStrands/HairStrandsVisibilityTile.usf" 3185
"../../../Engine/Shaders/Private/HairStrands/HairStrandsDeepShadowPS.usf" 3186
"../../../Engine/Shaders/Private/HairStrands/HairStrandsDeepShadowVS.usf" 3187
"../../../Engine/Shaders/Private/HairStrands/HairStrandsAABB.usf" 3188
"../../../Engine/Shaders/Private/HairStrands/HairStrandsLUT.usf" 3189
"../../../Engine/Shaders/Private/HairStrands/HairStrandsForwardRaster.usf" 3190
"../../../Engine/Shaders/Private/HairStrands/HairStrandsForwardCulling.usf" 3191
"../../../Engine/Shaders/Private/HairStrands/HairStrandsEnvironmentLighting.usf" 3192
"../../../Engine/Shaders/Private/HairStrands/HairStrandsEnvironmentAO.usf" 3193
"../../../Engine/Shaders/Private/HairStrands/HairStrandsDeepShadowAllocation.usf" 3194
"../../../Engine/Shaders/Private/HairStrands/HairStrandsVoxelDebug.usf" 3195
"../../../Engine/Shaders/Private/HairStrands/HairStrandsComposition.usf" 3196
"../../../Engine/Shaders/Private/HairStrands/HairStrandsGBufferCommon.ush" 3197
"../../../Engine/Shaders/Private/GPUScene/GPUSceneDataManagement.usf" 3198
"../../../Engine/Shaders/Private/GPUSceneDebugRender.usf" 3199
"../../../Engine/Shaders/Private/GPUFeedbackCompaction.usf" 3200
"../../../Engine/Shaders/Private/GPUFastFourierTransform.usf" 3201
"../../../Engine/Shaders/Private/GPUFastFourierTransform2DCore.ush" 3202
"../../../Engine/Shaders/Private/GPUFastFourierTransformCore.ush" 3203
"../../../Engine/Shaders/Private/GPUBenchmark.usf" 3204
"../../../Engine/Shaders/Private/DistanceField/GlobalDistanceFieldDebug.usf" 3205
"../../../Engine/Shaders/Private/DistanceField/GlobalDistanceFieldUpdate.ush" 3206
"../../../Engine/Shaders/Private/DistanceField/GlobalDistanceFieldMip.usf" 3207
"../../../Engine/Shaders/Private/DistanceField/GlobalDistanceField.usf" 3208
"../../../Engine/Shaders/Private/DistanceField/GlobalDistanceFieldCompositeObjects.usf" 3209
"../../../Engine/Shaders/Private/DistanceField/GlobalDistanceFieldHeightfields.usf" 3210
"../../../Engine/Shaders/Private/HeightfieldLightingShared.ush" 3211
"../../../Engine/Shaders/Private/GenerateConservativeDepth.usf" 3212
"../../../Engine/Shaders/Private/HeightFogPixelShader.usf" 3213
"../../../Engine/Shaders/Private/HeightFogVertexShader.usf" 3214
"../../../Engine/Shaders/Private/DistortFiltering.usf" 3215
"../../../Engine/Shaders/Private/DistortAccumulatePS.usf" 3216
"../../../Engine/Shaders/Private/DistortAccumulateVS.usf" 3217
"../../../Engine/Shaders/Private/DistanceFieldVisualization.usf" 3218
"../../../Engine/Shaders/Private/DistanceFieldStreaming.usf" 3219
"../../../Engine/Shaders/Private/DistanceFieldShadowing.usf" 3220
"../../../Engine/Shaders/Private/DistanceFieldScreenGridLighting.usf" 3221
"../../../Engine/Shaders/Private/DistanceFieldObjectCulling.usf" 3222
"../../../Engine/Shaders/Private/DistanceFieldLightingPost.usf" 3223
"../../../Engine/Shaders/Private/DitheredTransitionStencil.usf" 3224
"../../../Engine/Shaders/Private/CopyDepthTexture.usf" 3225
"../../../Engine/Shaders/Private/CopyDepthTextureCS.usf" 3226
"../../../Engine/Shaders/Private/DeferredDecal.usf" 3227
"../../../Engine/Shaders/Private/DecalCommon.ush" 3228
"../../../Engine/Shaders/Private/DebugViewModeVertexShader.usf" 3229
"../../../Engine/Shaders/Private/DebugViewModeCommon.ush" 3230
"../../../Engine/Shaders/Private/DebugViewModePixelShader.usf" 3231
"../../../Engine/Shaders/Private/DebugProbes.usf" 3232
"../../../Engine/Shaders/Private/MeshDecals.usf" 3233
"../../../Engine/Shaders/Private/PostProcessAmbientOcclusion.usf" 3234
"../../../Engine/Shaders/Private/ClusteredDeferredShadingPixelShader.usf" 3235
"../../../Engine/Shaders/Private/ClusteredDeferredShadingVertexShader.usf" 3236
"../../../Engine/Shaders/Private/CapsuleShadowShaders.usf" 3237
"../../../Engine/Shaders/Private/BasePassPixelShader.usf" 3238
"../../../Engine/Shaders/Private/ForwardLightingCommon.ush" 3239
"../../../Engine/Shaders/Private/Substrate/SubstrateForwardLighting.ush" 3240
"../../../Engine/Shaders/Private/ComputeShaderOutputCommon.ush" 3241
"../../../Engine/Shaders/Private/BasePassVertexShader.usf" 3242
"../../../Engine/Shaders/Private/BasePassVertexCommon.ush" 3243
"../../../Engine/Shaders/Private/SimpleElementVolumeTexturePreviewPixelShader.usf" 3244
"../../../Engine/Shaders/Private/SimpleElementTexture2DPreviewPixelShader.usf" 3245
"../../../Engine/Shaders/Private/meshpaintdilatepixelshader.usf" 3246
"../../../Engine/Shaders/Private/meshpaintdilatevertexshader.usf" 3247
"../../../Engine/Shaders/Private/MeshPaintPixelShader.usf" 3248
"../../../Engine/Shaders/Private/MeshPaintVertexShader.usf" 3249
"../../../Engine/Shaders/Private/SlateElementPixelShader.usf" 3250
"../../../Engine/Shaders/Private/SlateShaderCommon.ush" 3251
"../../../Engine/Shaders/Private/SlateMaskingShader.usf" 3252
"../../../Engine/Shaders/Private/SlateVertexShader.usf" 3253
"../../../Engine/Shaders/Private/CompositeUIPixelShader.usf" 3254
"../../../Engine/Shaders/Private/ColorDeficiency.ush" 3255
"../../../Engine/Shaders/Private/SlatePostProcessColorDeficiencyPixelShader.usf" 3256
"../../../Engine/Shaders/Private/SlatePostProcessPixelShader.usf" 3257
"../../../Engine/Shaders/Private/Tools/VisualizeTexture.usf" 3258
"../../../Engine/Shaders/Private/UpdateDescriptorHandle.usf" 3259
"../../../Engine/Shaders/Private/ByteBuffer.usf" 3260
"../../../Engine/Shaders/Private/ShaderBundleWorkGraphDispatch.usf" 3261
"../../../Engine/Shaders/Private/ShaderBundleDispatch.usf" 3262
"../../../Engine/Shaders/Private/ResolveVertexShader.usf" 3263
"../../../Engine/Shaders/Private/ResolvePixelShader.usf" 3264
"../../../Engine/Shaders/Private/Tools/SetupIndirectArgs.usf" 3265
"../../../Engine/Shaders/Private/ClearReplacementShaders.usf" 3266
"../../../Engine/Shaders/Private/Tools/DrawTexture.usf" 3267
"../../../Engine/Shaders/Private/RayTracing/RayTracingValidation.usf" 3268
"../../../Engine/Shaders/Private/RenderGraphUtilities.usf" 3269
"../../../Engine/Shaders/Private/OneColorShader.usf" 3270
"../../../Engine/Shaders/Private/OculusShaders.usf" 3271
"../../../Engine/Shaders/Private/MediaShaders.usf" 3272
"../../../Engine/Shaders/Private/GPUMessaging.usf" 3273
"../../../Engine/Shaders/Private/Tools/GPUDebugCrashUtils.usf" 3274
"../../../Engine/Shaders/Private/NullPixelShader.usf" 3275
"../../../Engine/Shaders/Private/ComputeGenerateMips.usf" 3276
"../../../Engine/Shaders/Private/Tools/DumpTexture.usf" 3277
"../../../Engine/Shaders/Private/CopyTextureShaders.usf" 3278
"../../../Engine/Shaders/Private/Tools/FullscreenVertexShader.usf" 3279
"../../../Engine/Shaders/Private/RayTracing/RayTracingDispatchDesc.usf" 3280
"../../../Engine/Shaders/Private/Bink.usf" 3281
"../../../Engine/Shaders/Private/VelocityShader.usf" 3282
"../../../Engine/Shaders/Private/DepthOnlyPixelShader.usf" 3283
"../../../Engine/Shaders/Private/PositionOnlyDepthVertexShader.usf" 3284
"../../../Engine/Shaders/Private/DepthOnlyVertexShader.usf" 3285
"../../../Engine/Shaders/Private/AnisotropyPassShader.usf" 3286
"/Engine/EngineResources/WhiteSquareTexture" 3287
"../../../Engine/Content/EngineResources/WhiteSquareTexture.uasset" 3288
"/Engine/EngineResources/GradientTexture0" 3289
"../../../Engine/Content/EngineResources/GradientTexture0.uasset" 3290
"/Engine/EngineResources/Black" 3291
"../../../Engine/Content/EngineResources/Black.uasset" 3292
"/Engine/EditorResources/S_Actor" 3293
"../../../Engine/Content/EditorResources/S_Actor.uasset" 3294
"/Engine/EngineFonts/RobotoDistanceField" 3295
"../../../Engine/Content/EngineFonts/RobotoDistanceField.uasset" 3296
"/Engine/EngineMaterials/DefaultTextMaterialOpaque" 3297
"../../../Engine/Content/EngineMaterials/DefaultTextMaterialOpaque.uasset" 3298
"/Engine/Functions/Engine_MaterialFunctions01/Shading/PowerToRoughness" 3299
"../../../Engine/Content/Functions/Engine_MaterialFunctions01/Shading/PowerToRoughness.uasset" 3300
"/Engine/Functions/Engine_MaterialFunctions01/Shading/ConvertFromDiffSpec" 3301
"../../../Engine/Content/Functions/Engine_MaterialFunctions01/Shading/ConvertFromDiffSpec.uasset" 3302
"/Engine/EngineMaterials/WorldGridMaterial" 3303
"../../../Engine/Content/EngineMaterials/WorldGridMaterial.uasset" 3304
"../../../Engine/Content/Functions/Engine_MaterialFunctions01/Opacity/CameraDepthFade.uasset" 3305
"../../../Engine/Content/EngineMaterials/T_Default_Material_Grid_M.uasset" 3306
"../../../Engine/Content/EngineMaterials/T_Default_Material_Grid_N.uasset" 3307
"/Engine/EngineMaterials/DefaultDeferredDecalMaterial" 3308
"../../../Engine/Content/EngineMaterials/DefaultDeferredDecalMaterial.uasset" 3309
"../../../Engine/Content/EngineMaterials/DefaultDiffuse.uasset" 3310
"/Engine/EngineMaterials/DefaultLightFunctionMaterial" 3311
"../../../Engine/Content/EngineMaterials/DefaultLightFunctionMaterial.uasset" 3312
"/Engine/EngineMaterials/DefaultPostProcessMaterial" 3313
"../../../Engine/Content/EngineMaterials/DefaultPostProcessMaterial.uasset" 3314
"../../../Engine/Content/Functions/Engine_MaterialFunctions02/Utility/BreakOutFloat2Components.uasset" 3315
"/Engine/EditorResources/S_Trigger" 3316
"../../../Engine/Content/EditorResources/S_Trigger.uasset" 3317
"/Engine/EditorResources/S_BoxReflectionCapture" 3318
"../../../Engine/Content/EditorResources/S_BoxReflectionCapture.uasset" 3319
"/Engine/EngineResources/DefaultTexture" 3320
"../../../Engine/Content/EngineResources/DefaultTexture.uasset" 3321
"/Engine/EditorResources/S_TriggerBox" 3322
"../../../Engine/Content/EditorResources/S_TriggerBox.uasset" 3323
"/Engine/EditorResources/S_TriggerCapsule" 3324
"../../../Engine/Content/EditorResources/S_TriggerCapsule.uasset" 3325
"/Engine/EditorResources/S_TriggerSphere" 3326
"../../../Engine/Content/EditorResources/S_TriggerSphere.uasset" 3327
"/Engine/EngineDamageTypes/DmgTypeBP_Environmental" 3328
"../../../Engine/Content/EngineDamageTypes/DmgTypeBP_Environmental.uasset" 3329
"/Engine/EngineMeshes/Sphere" 3330
"../../../Engine/Content/EngineMeshes/Sphere.uasset" 3331
"/Engine/EngineResources/DefaultTextureCube" 3332
"../../../Engine/Content/EngineResources/DefaultTextureCube.uasset" 3333
"/Engine/EngineResources/DefaultVolumeTexture" 3334
"../../../Engine/Content/EngineResources/DefaultVolumeTexture.uasset" 3335
"../../../Engine/Content/EngineResources/DefaultVolumeTexture2D.uasset" 3336
"/ARUtilities/Materials/M_PassthroughCamera" 3337
"../../Plugins/Runtime/AR/ARUtilities/Content/Materials/M_PassthroughCamera.uasset" 3338
"../../Plugins/Runtime/AR/ARUtilities/Content/Materials/DummyExternalTexture.uasset" 3339
"/AppleARKit/MI_DepthOcclusionOverlay" 3340
"../../Plugins/Runtime/AR/AppleAR/AppleARKit/Content/MI_DepthOcclusionOverlay.uasset" 3341
"../../Plugins/Runtime/AR/AppleAR/AppleARKit/Content/M_OcclusionOverlay.uasset" 3342
"/AppleARKit/MI_MatteOcclusionOverlay" 3343
"../../Plugins/Runtime/AR/AppleAR/AppleARKit/Content/MI_MatteOcclusionOverlay.uasset" 3344
"/AppleARKit/M_SceneDepthOcclusion" 3345
"../../Plugins/Runtime/AR/AppleAR/AppleARKit/Content/M_SceneDepthOcclusion.uasset" 3346
"/ARUtilities/Materials/M_DepthColoration" 3347
"../../Plugins/Runtime/AR/ARUtilities/Content/Materials/M_DepthColoration.uasset" 3348
"../../Plugins/Runtime/AR/ARUtilities/Content/Materials/MF_DistanceColorLerp.uasset" 3349
"/Engine/VREditor/TransformGizmo/SM_Sequencer_Node" 3350
"../../../Engine/Content/VREditor/TransformGizmo/SM_Sequencer_Node.uasset" 3351
"../../../Engine/Content/VREditor/TransformGizmo/Main.uasset" 3352
"../../../Engine/Content/VREditor/TransformGizmo/Xray.uasset" 3353
"/Engine/EditorResources/S_Solver" 3354
"../../../Engine/Content/EditorResources/S_Solver.uasset" 3355
"/Engine/EngineDebugMaterials/VolumeToRender" 3356
"../../../Engine/Content/EngineDebugMaterials/VolumeToRender.uasset" 3357
"/Engine/EngineDebugMaterials/M_VolumeRenderSphereTracePP" 3358
"../../../Engine/Content/EngineDebugMaterials/M_VolumeRenderSphereTracePP.uasset" 3359
"../../../Engine/Content/Functions/Engine_MaterialFunctions02/Utility/CameraDirectionVector.uasset" 3360
"/Engine/EditorMeshes/Camera/SM_CraneRig_Base" 3361
"../../../Engine/Content/EditorMeshes/Camera/SM_CraneRig_Base.uasset" 3362
"../../../Engine/Content/EditorMaterials/Camera/MI_CineMat_Rig.uasset" 3363
"../../../Engine/Content/EditorMaterials/Camera/CineMat.uasset" 3364
"/Engine/EditorMeshes/Camera/SM_CraneRig_Arm" 3365
"../../../Engine/Content/EditorMeshes/Camera/SM_CraneRig_Arm.uasset" 3366
"/Engine/EditorMeshes/Camera/SM_CraneRig_Mount" 3367
"../../../Engine/Content/EditorMeshes/Camera/SM_CraneRig_Mount.uasset" 3368
"/Engine/EditorMeshes/Camera/SM_CraneRig_Body" 3369
"../../../Engine/Content/EditorMeshes/Camera/SM_CraneRig_Body.uasset" 3370
"/Engine/EditorMeshes/Camera/SM_RailRig_Track" 3371
"../../../Engine/Content/EditorMeshes/Camera/SM_RailRig_Track.uasset" 3372
"/Engine/EditorMeshes/Camera/SM_RailRig_Mount" 3373
"../../../Engine/Content/EditorMeshes/Camera/SM_RailRig_Mount.uasset" 3374
"/Engine/EditorLandscapeResources/SplineEditorMesh" 3375
"../../../Engine/Content/EditorLandscapeResources/SplineEditorMesh.uasset" 3376
"../../../Engine/Content/EditorLandscapeResources/SplineEditorMeshMat.uasset" 3377
"/HairStrands/Materials/HairDebugMaterial" 3378
"../../Plugins/Runtime/HairStrands/Content/Materials/HairDebugMaterial.uasset" 3379
"../../../Engine/Content/Functions/Engine_MaterialFunctions02/Utility/MakeFloat2.uasset" 3380
"../../../Engine/Content/Functions/Engine_MaterialFunctions02/Utility/MakeFloat3.uasset" 3381
"../../../Engine/Content/EngineMaterials/HairColorMap.uasset" 3382
"../../../Engine/Content/EngineMaterials/HairDebugColor.uasset" 3383
"../../Plugins/Runtime/HairStrands/Content/Materials/HairGroupColors.uasset" 3384
"/HairStrands/Materials/HairDefaultMaterial" 3385
"../../Plugins/Runtime/HairStrands/Content/Materials/HairDefaultMaterial.uasset" 3386
"/HairStrands/Materials/HairCardsDefaultMaterial" 3387
"../../Plugins/Runtime/HairStrands/Content/Materials/HairCardsDefaultMaterial.uasset" 3388
"/HairStrands/Materials/HairMeshesDefaultMaterial" 3389
"../../Plugins/Runtime/HairStrands/Content/Materials/HairMeshesDefaultMaterial.uasset" 3390
"/Engine/BasicShapes/Cube" 3391
"../../../Engine/Content/BasicShapes/Cube.uasset" 3392
"/CameraCalibrationCore/Materials/M_DefaultOddSquare" 3393
"../../Plugins/VirtualProduction/CameraCalibrationCore/Content/Materials/M_DefaultOddSquare.uasset" 3394
"/CameraCalibrationCore/Materials/M_DefaultEvenSquare" 3395
"../../Plugins/VirtualProduction/CameraCalibrationCore/Content/Materials/M_DefaultEvenSquare.uasset" 3396
"/ARUtilities/Materials/M_ScreenSpacePassthroughCamera" 3397
"../../Plugins/Runtime/AR/ARUtilities/Content/Materials/M_ScreenSpacePassthroughCamera.uasset" 3398
"/ARUtilities/Materials/MI_ScreenSpacePassthroughCameraExternalTexture" 3399
"../../Plugins/Runtime/AR/ARUtilities/Content/Materials/MI_ScreenSpacePassthroughCameraExternalTexture.uasset" 3400
"/Engine/EngineMaterials/Widget3DPassThrough_Translucent" 3401
"../../../Engine/Content/EngineMaterials/Widget3DPassThrough_Translucent.uasset" 3402
"../../../Engine/Content/EngineMaterials/Widget3DPassThrough.uasset" 3403
"/Engine/EngineMaterials/Widget3DPassThrough_Translucent_OneSided" 3404
"../../../Engine/Content/EngineMaterials/Widget3DPassThrough_Translucent_OneSided.uasset" 3405
"/Engine/EngineMaterials/Widget3DPassThrough_Opaque" 3406
"../../../Engine/Content/EngineMaterials/Widget3DPassThrough_Opaque.uasset" 3407
"/Engine/EngineMaterials/Widget3DPassThrough_Opaque_OneSided" 3408
"../../../Engine/Content/EngineMaterials/Widget3DPassThrough_Opaque_OneSided.uasset" 3409
"/Engine/EngineMaterials/Widget3DPassThrough_Masked" 3410
"../../../Engine/Content/EngineMaterials/Widget3DPassThrough_Masked.uasset" 3411
"/Engine/EngineMaterials/Widget3DPassThrough_Masked_OneSided" 3412
"../../../Engine/Content/EngineMaterials/Widget3DPassThrough_Masked_OneSided.uasset" 3413
"/Engine/VREditor/ViewportInteractionAssetContainerData" 3414
"../../../Engine/Content/VREditor/ViewportInteractionAssetContainerData.uasset" 3415
"../../../Engine/Content/VREditor/SnapGrid/SnapGridMaterial.uasset" 3416
"../../../Engine/Content/VREditor/TransformGizmo/TransformGizmoMaterial_Inst.uasset" 3417
"../../../Engine/Content/VREditor/TransformGizmo/TranslucentTransformGizmoMaterial_Inst.uasset" 3418
"../../../Engine/Content/VREditor/SnapGrid/SnapGridPlaneMesh.uasset" 3419
"../../../Engine/Content/VREditor/Sounds/UI/Drop_Item_From_ContentBrowser.uasset" 3420
"../../../Engine/Content/VREditor/Sounds/UI/Gizmo_Handle_Clicked.uasset" 3421
"../../../Engine/Content/VREditor/Sounds/UI/Object_PickUp.uasset" 3422
"../../../Engine/Content/VREditor/Sounds/UI/Object_Snaps_To_Another_Actor.uasset" 3423
"../../../Engine/Content/VREditor/Sounds/UI/Object_Snaps_To_Grid.uasset" 3424
"../../../Engine/Content/VREditor/Sounds/UI/Scaling_Down.uasset" 3425
"../../../Engine/Content/VREditor/Sounds/UI/Scaling_Up.uasset" 3426
"../../../Engine/Content/VREditor/Sounds/UI/Selection_Changes.uasset" 3427
"../../../Engine/Content/VREditor/TransformGizmo/PlaneTranslationHandle.uasset" 3428
"../../../Engine/Content/VREditor/TransformGizmo/RotationHandleFull.uasset" 3429
"../../../Engine/Content/VREditor/TransformGizmo/RotationHandleIndicator.uasset" 3430
"../../../Engine/Content/VREditor/TransformGizmo/RotationHandleQuarter.uasset" 3431
"../../../Engine/Content/VREditor/TransformGizmo/StartRotationHandleIndicator.uasset" 3432
"../../../Engine/Content/VREditor/TransformGizmo/TransformGizmoFreeRotation.uasset" 3433
"../../../Engine/Content/VREditor/TransformGizmo/TranslateArrowHandle.uasset" 3434
"../../../Engine/Content/VREditor/TransformGizmo/UniformScaleHandle.uasset" 3435
"../../../Engine/Content/Functions/Engine_MaterialFunctions02/Math/Transform3x3Matrix.uasset" 3436
"../../../Engine/Content/Functions/Engine_MaterialFunctions02/SplitComponents.uasset" 3437
"../../../Engine/Content/VREditor/TransformGizmo/TransformGizmoMaterial.uasset" 3438
"../../../Engine/Content/VREditor/TransformGizmo/TranslucentTransformGizmoMaterial.uasset" 3439
"../../../Engine/Content/Functions/Engine_MaterialFunctions02/Utility/BreakOutFloat3Components.uasset" 3440
"../../../Engine/Content/VREditor/LaserPointer/VR_LaserPower_01.uasset" 3441
"/Engine/VREditor/TransformGizmo/BoundingBoxCorner" 3442
"../../../Engine/Content/VREditor/TransformGizmo/BoundingBoxCorner.uasset" 3443
"/Engine/VREditor/TransformGizmo/BoundingBoxEdge" 3444
"../../../Engine/Content/VREditor/TransformGizmo/BoundingBoxEdge.uasset" 3445
"/Engine/ArtTools/RenderToTexture/Meshes/S_1_Unit_Plane" 3446
"../../../Engine/Content/ArtTools/RenderToTexture/Meshes/S_1_Unit_Plane.uasset" 3447
"/Engine/EngineDebugMaterials/M_SimpleUnlitTranslucent" 3448
"../../../Engine/Content/EngineDebugMaterials/M_SimpleUnlitTranslucent.uasset" 3449
"/Engine/EngineFonts/Roboto" 3450
"../../../Engine/Content/EngineFonts/Roboto.uasset" 3451
"../../../Engine/Content/EngineFonts/Faces/DroidSansFallback.uasset" 3452
"../../../Engine/Content/EngineFonts/Faces/RobotoBold.uasset" 3453
"../../../Engine/Content/EngineFonts/Faces/RobotoBoldItalic.uasset" 3454
"../../../Engine/Content/EngineFonts/Faces/RobotoItalic.uasset" 3455
"../../../Engine/Content/EngineFonts/Faces/RobotoLight.uasset" 3456
"../../../Engine/Content/EngineFonts/Faces/RobotoRegular.uasset" 3457
"/Engine/EditorMaterials/ParticleSystems/PSysThumbnail_NoImage" 3458
"../../../Engine/Content/EditorMaterials/ParticleSystems/PSysThumbnail_NoImage.uasset" 3459
"/Engine/EditorMaterials/ParticleSystems/PSysThumbnail_OOD" 3460
"../../../Engine/Content/EditorMaterials/ParticleSystems/PSysThumbnail_OOD.uasset" 3461
"/Engine/EngineResources/LandscapeVisibilityLayerInfo" 3462
"../../../Engine/Content/EngineResources/LandscapeVisibilityLayerInfo.uasset" 3463
"/ACLPlugin/ACLAnimBoneCompressionSettings" 3464
"../../Plugins/Animation/ACLPlugin/Content/ACLAnimBoneCompressionSettings.uasset" 3465
"/Engine/Animation/DefaultRecorderBoneCompression" 3466
"../../../Engine/Content/Animation/DefaultRecorderBoneCompression.uasset" 3467
"/ACLPlugin/ACLAnimCurveCompressionSettings" 3468
"../../Plugins/Animation/ACLPlugin/Content/ACLAnimCurveCompressionSettings.uasset" 3469
"/Engine/Animation/DefaultVariableFrameStrippingSettings" 3470
"../../../Engine/Content/Animation/DefaultVariableFrameStrippingSettings.uasset" 3471
"/AudioWidgets/Resources/ScrubHandleDown_Clamped" 3472
"../../Plugins/Runtime/AudioWidgets/Content/Resources/ScrubHandleDown_Clamped.uasset" 3473
"/Paper2D/MaskedUnlitSpriteMaterial" 3474
"../../Plugins/2D/Paper2D/Content/MaskedUnlitSpriteMaterial.uasset" 3475
"../../Plugins/2D/Paper2D/Content/DefaultSpriteMaterial.uasset" 3476
"../../Plugins/2D/Paper2D/Content/PlaceholderTextures/DummySpriteTexture.uasset" 3477
"/Paper2D/OpaqueUnlitSpriteMaterial" 3478
"../../Plugins/2D/Paper2D/Content/OpaqueUnlitSpriteMaterial.uasset" 3479
"/Paper2D/DefaultPaperTerrainMaterial" 3480
"../../Plugins/2D/Paper2D/Content/DefaultPaperTerrainMaterial.uasset" 3481
"../../Plugins/2D/Paper2D/Content/DummySprite.uasset" 3482
"/ControlRig/Controls/ControlRigXRayMaterial" 3483
"../../Plugins/Animation/ControlRig/Content/Controls/ControlRigXRayMaterial.uasset" 3484
"/ControlRig/Controls/DefaultGizmoLibraryNormalized" 3485
"../../Plugins/Animation/ControlRig/Content/Controls/DefaultGizmoLibraryNormalized.uasset" 3486
"/ControlRig/M_Manip" 3487
"../../Plugins/Animation/ControlRig/Content/M_Manip.uasset" 3488
"../../../Engine/Content/Functions/Engine_MaterialFunctions02/WorldPositionOffset/CameraOffset.uasset" 3489
"E:/unreal engine/UE_5.6/Engine/Binaries/ThirdParty/USD/UsdResources/Win64/plugins/plugInfo.json" 3490
"E:/unreal engine/UE_5.6/Engine/Binaries/ThirdParty/USD/UsdResources/Win64/plugins/glf/resources/plugInfo.json" 3491
"E:/unreal engine/UE_5.6/Engine/Binaries/ThirdParty/USD/UsdResources/Win64/plugins/hdSt/resources/plugInfo.json" 3492
"E:/unreal engine/UE_5.6/Engine/Binaries/ThirdParty/USD/UsdResources/Win64/plugins/hdGp/resources/plugInfo.json" 3493
"E:/unreal engine/UE_5.6/Engine/Binaries/ThirdParty/USD/UsdResources/Win64/plugins/sdf/resources/plugInfo.json" 3494
"E:/unreal engine/UE_5.6/Engine/Binaries/ThirdParty/USD/UsdResources/Win64/plugins/usdProc/resources/plugInfo.json" 3495
"E:/unreal engine/UE_5.6/Engine/Binaries/ThirdParty/USD/UsdResources/Win64/plugins/usdValidation/resources/plugInfo.json" 3496
"E:/unreal engine/UE_5.6/Engine/Binaries/ThirdParty/USD/UsdResources/Win64/plugins/sdrGlslfx/resources/plugInfo.json" 3497
"E:/unreal engine/UE_5.6/Engine/Binaries/ThirdParty/USD/UsdResources/Win64/plugins/usdPhysics/resources/plugInfo.json" 3498
"E:/unreal engine/UE_5.6/Engine/Binaries/ThirdParty/USD/UsdResources/Win64/plugins/hdx/resources/plugInfo.json" 3499
"E:/unreal engine/UE_5.6/Engine/Binaries/ThirdParty/USD/UsdResources/Win64/plugins/usdLux/resources/plugInfo.json" 3500
"E:/unreal engine/UE_5.6/Engine/Binaries/ThirdParty/USD/UsdResources/Win64/plugins/hgiGL/resources/plugInfo.json" 3501
"E:/unreal engine/UE_5.6/Engine/Binaries/ThirdParty/USD/UsdResources/Win64/plugins/usdUtilsValidators/resources/plugInfo.json" 3502
"E:/unreal engine/UE_5.6/Engine/Binaries/ThirdParty/USD/UsdResources/Win64/plugins/ndr/resources/plugInfo.json" 3503
"E:/unreal engine/UE_5.6/Engine/Binaries/ThirdParty/USD/UsdResources/Win64/plugins/usdMtlx/resources/plugInfo.json" 3504
"E:/unreal engine/UE_5.6/Engine/Binaries/ThirdParty/USD/UsdResources/Win64/plugins/usdSkelValidators/resources/plugInfo.json" 3505
"E:/unreal engine/UE_5.6/Engine/Binaries/ThirdParty/USD/UsdResources/Win64/plugins/hio/resources/plugInfo.json" 3506
"E:/unreal engine/UE_5.6/Engine/Binaries/ThirdParty/USD/UsdResources/Win64/plugins/usdProcImaging/resources/plugInfo.json" 3507
"E:/unreal engine/UE_5.6/Engine/Binaries/ThirdParty/USD/UsdResources/Win64/plugins/usdVol/resources/plugInfo.json" 3508
"E:/unreal engine/UE_5.6/Engine/Binaries/ThirdParty/USD/UsdResources/Win64/plugins/ueCloth/resources/plugInfo.json" 3509
"E:/unreal engine/UE_5.6/Engine/Binaries/ThirdParty/USD/UsdResources/Win64/plugins/usdRender/resources/plugInfo.json" 3510
"E:/unreal engine/UE_5.6/Engine/Binaries/ThirdParty/USD/UsdResources/Win64/plugins/usdSkelImaging/resources/plugInfo.json" 3511
"E:/unreal engine/UE_5.6/Engine/Binaries/ThirdParty/USD/UsdResources/Win64/plugins/unreal/resources/plugInfo.json" 3512
"E:/unreal engine/UE_5.6/Engine/Binaries/ThirdParty/USD/UsdResources/Win64/plugins/hioAvif/resources/plugInfo.json" 3513
"E:/unreal engine/UE_5.6/Engine/Binaries/ThirdParty/USD/UsdResources/Win64/plugins/usdVolImaging/resources/plugInfo.json" 3514
"E:/unreal engine/UE_5.6/Engine/Binaries/ThirdParty/USD/UsdResources/Win64/plugins/usdSemantics/resources/plugInfo.json" 3515
"E:/unreal engine/UE_5.6/Engine/Binaries/ThirdParty/USD/UsdResources/Win64/plugins/usd/resources/plugInfo.json" 3516
"E:/unreal engine/UE_5.6/Engine/Binaries/ThirdParty/USD/UsdResources/Win64/plugins/usdRi/resources/plugInfo.json" 3517
"E:/unreal engine/UE_5.6/Engine/Binaries/ThirdParty/USD/UsdResources/Win64/plugins/usdAbc/resources/plugInfo.json" 3518
"E:/unreal engine/UE_5.6/Engine/Binaries/ThirdParty/USD/UsdResources/Win64/plugins/usdUI/resources/plugInfo.json" 3519
"E:/unreal engine/UE_5.6/Engine/Binaries/ThirdParty/USD/UsdResources/Win64/plugins/usdGeomValidators/resources/plugInfo.json" 3520
"E:/unreal engine/UE_5.6/Engine/Binaries/ThirdParty/USD/UsdResources/Win64/plugins/usdRiPxrImaging/resources/plugInfo.json" 3521
"E:/unreal engine/UE_5.6/Engine/Binaries/ThirdParty/USD/UsdResources/Win64/plugins/usdSkel/resources/plugInfo.json" 3522
"E:/unreal engine/UE_5.6/Engine/Binaries/ThirdParty/USD/UsdResources/Win64/plugins/usdGeom/resources/plugInfo.json" 3523
"E:/unreal engine/UE_5.6/Engine/Binaries/ThirdParty/USD/UsdResources/Win64/plugins/hd/resources/plugInfo.json" 3524
"E:/unreal engine/UE_5.6/Engine/Binaries/ThirdParty/USD/UsdResources/Win64/plugins/usdHydra/resources/plugInfo.json" 3525
"E:/unreal engine/UE_5.6/Engine/Binaries/ThirdParty/USD/UsdResources/Win64/plugins/usdShadeValidators/resources/plugInfo.json" 3526
"E:/unreal engine/UE_5.6/Engine/Binaries/ThirdParty/USD/UsdResources/Win64/plugins/usdShaders/resources/plugInfo.json" 3527
"E:/unreal engine/UE_5.6/Engine/Binaries/ThirdParty/USD/UsdResources/Win64/plugins/usdMedia/resources/plugInfo.json" 3528
"E:/unreal engine/UE_5.6/Engine/Binaries/ThirdParty/USD/UsdResources/Win64/plugins/usdShade/resources/plugInfo.json" 3529
"E:/unreal engine/UE_5.6/Engine/Binaries/ThirdParty/USD/UsdResources/Win64/plugins/ar/resources/plugInfo.json" 3530
"E:/unreal engine/UE_5.6/Engine/Binaries/ThirdParty/USD/UsdResources/Win64/plugins/usdImagingGL/resources/plugInfo.json" 3531
"E:/unreal engine/UE_5.6/Engine/Binaries/ThirdParty/USD/UsdResources/Win64/plugins/usdImaging/resources/plugInfo.json" 3532
"E:/unreal engine/UE_5.6/Engine/Binaries/ThirdParty/USD/UsdResources/Win64/plugins/hdStorm/resources/plugInfo.json" 3533
"E:/unreal engine/UE_5.6/Engine/Binaries/ThirdParty/USD/UsdResources/Win64/plugins/usd/resources/codegenTemplates/plugInfo.json" 3534
"/SpeedTreeImporter/SpeedTree9/SpeedTreeMaster" 3535
"../../Plugins/Editor/SpeedTreeImporter/Content/SpeedTree9/SpeedTreeMaster.uasset" 3536
"../../../Engine/Content/Functions/Engine_MaterialFunctions02/ObjectLocalBounds.uasset" 3537
"../../../Engine/Content/Functions/Engine_MaterialFunctions02/SafeNormalize.uasset" 3538
"../../../Engine/Content/Functions/Engine_MaterialFunctions02/Utility/VectorLength.uasset" 3539
"../../../Engine/Content/Functions/Engine_MaterialFunctions02/UVs/BoundingBoxBased_0-1_UVW.uasset" 3540
"../../../Engine/Content/Functions/Engine_MaterialFunctions02/WorldPositionOffset/ObjectScale.uasset" 3541
"../../Plugins/Editor/SpeedTreeImporter/Content/SpeedTree9/SpeedTreeBranchMotion.uasset" 3542
"../../Plugins/Editor/SpeedTreeImporter/Content/SpeedTree9/SpeedTreeCameraFacing.uasset" 3543
"../../Plugins/Editor/SpeedTreeImporter/Content/SpeedTree9/SpeedTreeWind.uasset" 3544
"../../Plugins/Editor/SpeedTreeImporter/Content/SpeedTree9/SpeedTreeWindMotion.uasset" 3545
"../../Plugins/Editor/SpeedTreeImporter/Content/SpeedTree9/UnpackDirection.uasset" 3546
"../../Plugins/Editor/SpeedTreeImporter/Content/SpeedTree9/UnpackInteger3.uasset" 3547
"../../Plugins/Editor/SpeedTreeImporter/Content/SpeedTree9/Empty.uasset" 3548
"../../Plugins/Editor/SpeedTreeImporter/Content/SpeedTree9/EmptyNormal.uasset" 3549
"../../Plugins/Editor/SpeedTreeImporter/Content/SpeedTree9/game_wind_noise.uasset" 3550
"/SpeedTreeImporter/SpeedTree9/SpeedTreeBillboardMaster" 3551
"../../Plugins/Editor/SpeedTreeImporter/Content/SpeedTree9/SpeedTreeBillboardMaster.uasset" 3552
"../../Plugins/Editor/SpeedTreeImporter/Content/SpeedTree9/SpeedTreeBillboard.uasset" 3553
"/Engine/BasicShapes/Plane" 3554
"../../../Engine/Content/BasicShapes/Plane.uasset" 3555
"/MetaHuman/GenericTracker/GenericFaceContourTracker" 3556
"../../Plugins/MetaHuman/MetaHumanAnimator/Content/GenericTracker/GenericFaceContourTracker.uasset" 3557
"/MetaHumanCoreTech/RealtimeMono/DefaultSmoothing" 3558
"../../Plugins/MetaHuman/MetaHumanCoreTechLib/Content/RealtimeMono/DefaultSmoothing.uasset" 3559
"/MetaHuman/Solver/GenericFaceAnimationSolver" 3560
"../../Plugins/MetaHuman/MetaHumanAnimator/Content/Solver/GenericFaceAnimationSolver.uasset" 3561
"/MediaPlate/SM_MediaPlateScreen" 3562
"../../Plugins/Media/MediaPlate/Content/SM_MediaPlateScreen.uasset" 3563
"/MetaHumanCharacter/Animation/Retargeting/RTG_MH_IKRig" 3564
"../../Plugins/MetaHuman/MetaHumanCharacter/Content/Animation/Retargeting/RTG_MH_IKRig.uasset" 3565
"../../Plugins/MetaHuman/MetaHumanCharacter/Content/Animation/Retargeting/IK_MH_IKRig.uasset" 3566
"/MetaHumanCharacter/Animation/ABP_AnimationPreview" 3567
"../../Plugins/MetaHuman/MetaHumanCharacter/Content/Animation/ABP_AnimationPreview.uasset" 3568
"../../Plugins/MetaHuman/MetaHumanCharacter/Content/Female/Medium/NormalWeight/Body/metahuman_base_skel.uasset" 3569
"/MetaHumanCharacter/Animation/ABP_MH_LiveLink" 3570
"../../Plugins/MetaHuman/MetaHumanCharacter/Content/Animation/ABP_MH_LiveLink.uasset" 3571
"../../Plugins/MetaHuman/MetaHumanCharacter/Content/Face/ARKit/PA_MetaHuman_ARKit_Mapping.uasset" 3572
"../../Plugins/MetaHuman/MetaHumanCharacter/Content/Face/ARKit/AS_MetaHuman_ARKit_Mapping.uasset" 3573
"../../Plugins/MetaHuman/MetaHumanCharacter/Content/Face/Face_Archetype_Skeleton.uasset" 3574
"../../../Engine/Content/Animation/DefaultAnimCurveCompressionSettings.uasset" 3575
"/Engine/BasicShapes/BasicShapeMaterial" 3576
"../../../Engine/Content/BasicShapes/BasicShapeMaterial.uasset" 3577
"/Engine/EditorMaterials/Dataflow/DataflowVertexMaterial" 3578
"../../../Engine/Content/EditorMaterials/Dataflow/DataflowVertexMaterial.uasset" 3579
"/Engine/EditorMaterials/Dataflow/DataflowTwoSidedVertexMaterial" 3580
"../../../Engine/Content/EditorMaterials/Dataflow/DataflowTwoSidedVertexMaterial.uasset" 3581
"/Engine/EditorLandscapeResources/LayerVisMaterial" 3582
"../../../Engine/Content/EditorLandscapeResources/LayerVisMaterial.uasset" 3583
"../../../Engine/Content/EditorLandscapeResources/WhiteSquareTexture.uasset" 3584
"/Engine/EditorLandscapeResources/SelectBrushMaterial_Selected" 3585
"../../../Engine/Content/EditorLandscapeResources/SelectBrushMaterial_Selected.uasset" 3586
"../../../Engine/Content/EditorLandscapeResources/SelectBrushMaterial.uasset" 3587
"../../../Engine/Content/Functions/Engine_MaterialFunctions03/Math/WithinRangeFloat2.uasset" 3588
"../../../Engine/Content/EditorLandscapeResources/DefaultAlphaTexture.uasset" 3589
"/Engine/EditorLandscapeResources/SelectBrushMaterial_SelectedRegion" 3590
"../../../Engine/Content/EditorLandscapeResources/SelectBrushMaterial_SelectedRegion.uasset" 3591
"/Engine/EditorLandscapeResources/MaskBrushMaterial_MaskedRegion" 3592
"../../../Engine/Content/EditorLandscapeResources/MaskBrushMaterial_MaskedRegion.uasset" 3593
"../../../Engine/Content/EditorLandscapeResources/MaskBrushMaterial.uasset" 3594
"/Engine/EditorLandscapeResources/ColorMaskBrushMaterial_MaskedRegion" 3595
"../../../Engine/Content/EditorLandscapeResources/ColorMaskBrushMaterial_MaskedRegion.uasset" 3596
"../../../Engine/Content/EditorLandscapeResources/ColorMaskBrushMaterial.uasset" 3597
"/Engine/EditorLandscapeResources/LandscapeDirtyMaterial" 3598
"../../../Engine/Content/EditorLandscapeResources/LandscapeDirtyMaterial.uasset" 3599
"/Engine/EditorLandscapeResources/LandscapeLayerUsageMaterial" 3600
"../../../Engine/Content/EditorLandscapeResources/LandscapeLayerUsageMaterial.uasset" 3601
"../../../Engine/Content/Functions/Engine_MaterialFunctions01/Debug/DebugIntValues.uasset" 3602
"../../../Engine/Content/Functions/Engine_MaterialFunctions01/Texturing/ScaleUVsByCenter.uasset" 3603
"../../../Engine/Content/Functions/Engine_MaterialFunctions02/WorldPositionOffset/LocalPosition.uasset" 3604
"../../../Engine/Content/Functions/Engine_MaterialFunctions01/Texturing/TextureCropping.uasset" 3605
"../../../Engine/Content/Functions/Engine_MaterialFunctions02/ExampleContent/DebugNumberStrip.uasset" 3606
"C:/Users/BHAWESH WASNIK/AppData/Local/UnrealEngine/Editor/UInteractiveToolsPresetCollectionAsset_DefaultCollection.json" 3607
"/Engine/EngineMaterials/NaniteHiddenSectionMaterial" 3608
"../../../Engine/Content/EngineMaterials/NaniteHiddenSectionMaterial.uasset" 3609
"/Engine/EngineMaterials/RemoveSurfaceMaterial" 3610
"../../../Engine/Content/EngineMaterials/RemoveSurfaceMaterial.uasset" 3611
"/Engine/EngineDebugMaterials/DebugMeshMaterial" 3612
"../../../Engine/Content/EngineDebugMaterials/DebugMeshMaterial.uasset" 3613
"/Engine/EngineMaterials/EmissiveMeshMaterial" 3614
"../../../Engine/Content/EngineMaterials/EmissiveMeshMaterial.uasset" 3615
"../../../Engine/Content/EngineMaterials/DefaultWhiteGrid_Low.uasset" 3616
"/Engine/EngineMaterials/M_InvalidLightmapSettings" 3617
"../../../Engine/Content/EngineMaterials/M_InvalidLightmapSettings.uasset" 3618
"../../../Engine/Content/EngineMaterials/InvalidLightmapSettings.uasset" 3619
"/Engine/EngineMaterials/GizmoMaterial" 3620
"../../../Engine/Content/EngineMaterials/GizmoMaterial.uasset" 3621
"/Engine/EngineMaterials/PhAT_JointLimitMaterial" 3622
"../../../Engine/Content/EngineMaterials/PhAT_JointLimitMaterial.uasset" 3623
"/Engine/EngineMaterials/FlattenMaterial" 3624
"../../../Engine/Content/EngineMaterials/FlattenMaterial.uasset" 3625
"../../../Engine/Content/EngineMaterials/BaseFlattenDiffuseMap.uasset" 3626
"../../../Engine/Content/EngineMaterials/BaseFlattenEmissiveMap.uasset" 3627
"../../../Engine/Content/EngineMaterials/BaseFlattenGrayscaleMap.uasset" 3628
"../../../Engine/Content/EngineMaterials/BaseFlattenLinearColor.uasset" 3629
"../../../Engine/Content/EngineMaterials/BaseFlattenNormalMap.uasset" 3630
"../../../Engine/Content/Functions/Engine_MaterialFunctions02/PivotPainter2/Black_1x1_EXR_Texture.uasset" 3631
"/Engine/EngineMaterials/FlattenMaterial_VT" 3632
"../../../Engine/Content/EngineMaterials/FlattenMaterial_VT.uasset" 3633
"../../../Engine/Content/EngineMaterials/BaseFlattenDiffuseMap_VT.uasset" 3634
"../../../Engine/Content/EngineMaterials/BaseFlattenEmissiveMap_VT.uasset" 3635
"../../../Engine/Content/EngineMaterials/BaseFlattenGrayscaleMap_VT.uasset" 3636
"../../../Engine/Content/EngineMaterials/BaseFlattenLinearColor_VT.uasset" 3637
"../../../Engine/Content/EngineMaterials/BaseFlattenNormalMap_VT.uasset" 3638
"../../../Engine/Content/EngineMaterials/Black_1x1_EXR_Texture_VT.uasset" 3639
"/Engine/EngineMaterials/FlattenMaterial_WS_Normal_VT" 3640
"../../../Engine/Content/EngineMaterials/FlattenMaterial_WS_Normal_VT.uasset" 3641
"/Engine/EngineMaterials/Good64x64TilingNoiseHighFreq" 3642
"../../../Engine/Content/EngineMaterials/Good64x64TilingNoiseHighFreq.uasset" 3643
"/Engine/EngineMaterials/DefaultBokeh" 3644
"../../../Engine/Content/EngineMaterials/DefaultBokeh.uasset" 3645
"/Engine/EngineMaterials/MiniFont" 3646
"../../../Engine/Content/EngineMaterials/MiniFont.uasset" 3647
"/Engine/EngineMaterials/WeightMapPlaceholderTexture" 3648
"../../../Engine/Content/EngineMaterials/WeightMapPlaceholderTexture.uasset" 3649
"/Engine/EngineMaterials/WeightMapArrayPlaceholderTexture" 3650
"../../../Engine/Content/EngineMaterials/WeightMapArrayPlaceholderTexture.uasset" 3651
"/Engine/EngineMaterials/DefaultWhiteGrid" 3652
"../../../Engine/Content/EngineMaterials/DefaultWhiteGrid.uasset" 3653
"/Engine/EngineMaterials/PreintegratedSkinBRDF" 3654
"../../../Engine/Content/EngineMaterials/PreintegratedSkinBRDF.uasset" 3655
"/Engine/EngineMaterials/LTC/GGX_LTCAmp" 3656
"../../../Engine/Content/EngineMaterials/LTC/GGX_LTCAmp.uasset" 3657
"/Engine/EngineMaterials/LTC/GGX_LTCMat" 3658
"../../../Engine/Content/EngineMaterials/LTC/GGX_LTCMat.uasset" 3659
"/Engine/EngineMaterials/EnergyConservation/GGX_ReflectionEnergy" 3660
"../../../Engine/Content/EngineMaterials/EnergyConservation/GGX_ReflectionEnergy.uasset" 3661
"/Engine/EngineMaterials/EnergyConservation/GGX_TransmissionEnergyArray" 3662
"../../../Engine/Content/EngineMaterials/EnergyConservation/GGX_TransmissionEnergyArray.uasset" 3663
"/Engine/EngineMaterials/EnergyConservation/SheenLegacy_Energy" 3664
"../../../Engine/Content/EngineMaterials/EnergyConservation/SheenLegacy_Energy.uasset" 3665
"/Engine/EngineMaterials/DefaultPhysicalMaterial" 3666
"../../../Engine/Content/EngineMaterials/DefaultPhysicalMaterial.uasset" 3667
"/Engine/EngineMaterials/DefaultDestructiblePhysicalMaterial" 3668
"../../../Engine/Content/EngineMaterials/DefaultDestructiblePhysicalMaterial.uasset" 3669
"C:/Users/BHAWESH WASNIK/AppData/Local/UnrealEngine/5.6/Saved/AutoLoadProject.txt" 3670
"C:/Users/BHAWESH WASNIK/AppData/Local/UnrealEngine/Editor/ProjectEditorRecords.json" 3671
"/Niagara/ParameterDefinitions/SpriteRenderer" 3672
"../../Plugins/FX/Niagara/Content/ParameterDefinitions/SpriteRenderer.uasset" 3673
"/Niagara/ParameterDefinitions/RibbonRenderer" 3674
"../../Plugins/FX/Niagara/Content/ParameterDefinitions/RibbonRenderer.uasset" 3675
"/Niagara/ParameterDefinitions/MeshRenderer" 3676
"../../Plugins/FX/Niagara/Content/ParameterDefinitions/MeshRenderer.uasset" 3677
"/Niagara/ParameterDefinitions/LightRenderer" 3678
"../../Plugins/FX/Niagara/Content/ParameterDefinitions/LightRenderer.uasset" 3679
"/Niagara/ParameterDefinitions/DecalRenderer" 3680
"../../Plugins/FX/Niagara/Content/ParameterDefinitions/DecalRenderer.uasset" 3681
"/Niagara/ParameterDefinitions/CoreParameters" 3682
"../../Plugins/FX/Niagara/Content/ParameterDefinitions/CoreParameters.uasset" 3683
"/DeformerGraph/Deformers/DG_LinearBlendSkin_Morph_Cloth" 3684
"../../Plugins/Animation/DeformerGraph/Content/Deformers/DG_LinearBlendSkin_Morph_Cloth.uasset" 3685
"../../Plugins/Animation/DeformerGraph/Content/DeformerFunctions/DG_Function_LinearBlendSkin_Morph_Cloth.uasset" 3686
"/DeformerGraph/Deformers/DG_LinearBlendSkin_Morph_Cloth_RecomputeNormals" 3687
"../../Plugins/Animation/DeformerGraph/Content/Deformers/DG_LinearBlendSkin_Morph_Cloth_RecomputeNormals.uasset" 3688
"../../Plugins/Animation/DeformerGraph/Content/DeformerFunctions/DG_Function_ComputeNormalsTangents.uasset" 3689
"../../Plugins/Animation/DeformerGraph/Content/DeformerFunctions/DG_Function_LinearBlendSkin_Morph_Cloth_PositionOnly.uasset" 3690
"/Engine/BasicShapes/Sphere" 3691
"../../../Engine/Content/BasicShapes/Sphere.uasset" 3692
"../../../Engine/Content/EngineMaterials/DefaultMaterial.uasset" 3693
"/Engine/BasicShapes/Cylinder" 3694
"../../../Engine/Content/BasicShapes/Cylinder.uasset" 3695
"/Engine/BasicShapes/Cone" 3696
"../../../Engine/Content/BasicShapes/Cone.uasset" 3697
"../../../Engine/Documentation/Source/Shared/Types/ABrush/ABrush.INT.udn" 3698
"../../../Engine/Content/Internationalization/icudt64l/brkitr/en_US.res" 3699
"../../../Engine/Content/Internationalization/icudt64l/brkitr/en.res" 3700
"../../../Engine/Content/Internationalization/icudt64l/brkitr/root.res" 3701
"../../../Engine/Content/Internationalization/icudt64l/brkitr/char.brk" 3702
"../../../Engine/Content/Internationalization/icudt64l/brkitr/word.brk" 3703
"/Engine/EngineFonts/DroidSansMono" 3704
"../../../Engine/Content/EngineFonts/DroidSansMono.uasset" 3705
"../../../Engine/Content/EngineFonts/Faces/DroidSansMono.uasset" 3706
"/Engine/EditorResources/SequenceRecorder/Countdown" 3707
"../../../Engine/Content/EditorResources/SequenceRecorder/Countdown.uasset" 3708
"/Engine/EditorResources/SequenceRecorder/RecordingIndicator" 3709
"../../../Engine/Content/EditorResources/SequenceRecorder/RecordingIndicator.uasset" 3710
"/Engine/EditorMaterials/PhAT_UnselectedMaterial" 3711
"../../../Engine/Content/EditorMaterials/PhAT_UnselectedMaterial.uasset" 3712
"/Engine/EditorMaterials/PhAT_NoCollisionMaterial" 3713
"../../../Engine/Content/EditorMaterials/PhAT_NoCollisionMaterial.uasset" 3714
"/Engine/EditorResources/S_Terrain" 3715
"../../../Engine/Content/EditorResources/S_Terrain.uasset" 3716
"../../../Engine/Plugins/FX/Niagara/Shaders/Private/NiagaraDataInterfaceTexture2DArrayTemplate.ush" 3717
"../../../Engine/Plugins/FX/Niagara/Shaders/Private/NiagaraDataInterfaceActorComponentTemplate.ush" 3718
"../../../Engine/Plugins/FX/Niagara/Shaders/Private/NiagaraDataInterfaceArrayTemplate.ush" 3719
"../../../Engine/Plugins/FX/Niagara/Shaders/Private/NiagaraDataInterfaceArrayRWTemplate.ush" 3720
"../../../Engine/Plugins/FX/Niagara/Shaders/Private/NiagaraDataInterfaceAsyncGpuTrace.ush" 3721
"../../../Engine/Plugins/FX/Niagara/Shaders/Private/NiagaraDataInterfaceAsyncGpuTraceTemplate.ush" 3722
"../../../Engine/Plugins/FX/Niagara/Shaders/Private/NiagaraDataInterfaceCamera.ush" 3723
"../../../Engine/Plugins/Experimental/ChaosNiagara/Shaders/NiagaraDataInterfaceChaosDestruction.ush" 3724
"../../../Engine/Plugins/FX/Niagara/Shaders/Private/NiagaraDataInterfaceCollisionQuery.ush" 3725
"E:/unreal projects/MyProject/Intermediate/ShaderAutogen/PCD3D_SM5/AutogenShaderHeaders.ush" 3726
"../../../Engine/Plugins/FX/Niagara/Shaders/Private/NiagaraDataInterfaceCollisionQueryTemplate.ush" 3727
"../../../Engine/Plugins/FX/Niagara/Shaders/Private/NiagaraDataInterfaceCurveTemplate.ush" 3728
"../../../Engine/Plugins/FX/Niagara/Shaders/Private/NiagaraDataInterfaceCubeTextureTemplate.ush" 3729
"../../../Engine/Plugins/FX/Niagara/Shaders/Private/DataChannel/NiagaraDataInterfaceDataChannelCommon.ush" 3730
"../../../Engine/Plugins/FX/Niagara/Shaders/Private/DataChannel/NiagaraDataInterfaceDataChannelTemplateCommon.ush" 3731
"../../../Engine/Plugins/FX/Niagara/Shaders/Private/DataChannel/NiagaraDataInterfaceDataChannelTemplateReadCommon.ush" 3732
"../../../Engine/Plugins/FX/Niagara/Shaders/Private/DataChannel/NiagaraDataInterfaceDataChannelTemplate_Read.ush" 3733
"../../../Engine/Plugins/FX/Niagara/Shaders/Private/DataChannel/NiagaraDataInterfaceDataChannelTemplate_Consume.ush" 3734
"../../../Engine/Plugins/FX/Niagara/Shaders/Private/DataChannel/NiagaraDataInterfaceDataChannelTemplateWriteCommon.ush" 3735
"../../../Engine/Plugins/FX/Niagara/Shaders/Private/DataChannel/NiagaraDataInterfaceDataChannelTemplate_Append.ush" 3736
"../../../Engine/Plugins/FX/Niagara/Shaders/Private/NiagaraDataInterfaceDataTableTemplate.ush" 3737
"../../../Engine/Plugins/FX/Niagara/Shaders/Private/NiagaraDataInterfaceDebugDraw.ush" 3738
"../../../Engine/Plugins/FX/Niagara/Shaders/Private/NiagaraDataInterfaceDebugDrawTemplate.ush" 3739
"../../../Engine/Plugins/FX/Niagara/Shaders/Private/NiagaraDataInterfaceDynamicMeshTemplate.ush" 3740
"../../../Engine/Plugins/FX/Niagara/Shaders/Private/NiagaraDataInterfaceEmitterPropertiesTemplate.ush" 3741
"../../../Engine/Plugins/FX/Niagara/Shaders/Private/NiagaraDataInterfaceExportTemplate.ush" 3742
"../../../Engine/Plugins/FX/Niagara/Shaders/Private/NiagaraDataInterfaceGBufferTemplate.ush" 3743
"../../../Engine/Plugins/Experimental/ChaosNiagara/Shaders/NiagaraDataInterfaceGeometryCollection.ush" 3744
"../../../Engine/Plugins/FX/Niagara/Shaders/Private/NiagaraTransformUtils.ush" 3745
"../../../Engine/Plugins/Runtime/HairStrands/Shaders/Private/NiagaraStrandsExternalForce.ush" 3746
"../../../Engine/Plugins/Runtime/HairStrands/Shaders/Private/NiagaraHookeSpringMaterial.ush" 3747
"../../../Engine/Plugins/Runtime/HairStrands/Shaders/Private/NiagaraAngularSpringMaterial.ush" 3748
"../../../Engine/Plugins/Runtime/HairStrands/Shaders/Private/NiagaraConstantVolumeMaterial.ush" 3749
"../../../Engine/Plugins/Runtime/HairStrands/Shaders/Private/NiagaraCosseratRodMaterial.ush" 3750
"../../../Engine/Plugins/Runtime/HairStrands/Shaders/Private/NiagaraStaticCollisionConstraint.ush" 3751
"../../../Engine/Plugins/Runtime/HairStrands/Shaders/Private/NiagaraDataInterfaceHairStrands.ush" 3752
"../../../Engine/Plugins/Runtime/HairStrands/Shaders/Private/NiagaraDataInterfaceHairStrandsTemplate.ush" 3753
"../../../Engine/Plugins/FX/Niagara/Shaders/Private/NiagaraDataInterfaceIntRenderTarget2D.ush" 3754
"../../../Engine/Plugins/FX/Niagara/Shaders/Private/NiagaraDataInterfaceLandscape.ush" 3755
"../../../Engine/Plugins/FX/Niagara/Shaders/Private/NiagaraDataInterfaceMemoryBufferTemplate.ush" 3756
"../../../Engine/Plugins/FX/Niagara/Shaders/Private/NiagaraDataInterfaceMeshRendererInfoTemplate.ush" 3757
"../../../Engine/Plugins/FX/Niagara/Shaders/Private/NiagaraDataInterfaceOcclusion.ush" 3758
"../../../Engine/Plugins/FX/Niagara/Shaders/Private/NiagaraDataInterfacePhysicsAsset.ush" 3759
"../../../Engine/Plugins/Experimental/ChaosNiagara/Shaders/NiagaraDataInterfacePhysicsField.ush" 3760
"../../../Engine/Plugins/FX/Niagara/Shaders/Private/NiagaraDataInterfacePlatformSetTemplate.ush" 3761
"../../../Engine/Plugins/Runtime/HairStrands/Shaders/Private/NiagaraDataInterfaceVelocityGrid.ush" 3762
"../../../Engine/Plugins/Runtime/HairStrands/Shaders/Private/NiagaraDataInterfaceVelocityGridTemplate.ush" 3763
"../../../Engine/Plugins/Runtime/HairStrands/Shaders/Private/NiagaraDataInterfacePressureGrid.ush" 3764
"../../../Engine/Plugins/Runtime/HairStrands/Shaders/Private/NiagaraDataInterfacePressureGridTemplate.ush" 3765
"../../../Engine/Plugins/FX/Niagara/Shaders/Private/NiagaraDataInterfaceRenderTarget2DTemplate.ush" 3766
"../../../Engine/Plugins/FX/Niagara/Shaders/Private/NiagaraDataInterfaceRenderTarget2DArrayTemplate.ush" 3767
"../../../Engine/Plugins/FX/Niagara/Shaders/Private/NiagaraDataInterfaceRenderTargetCubeTemplate.ush" 3768
"../../../Engine/Plugins/FX/Niagara/Shaders/Private/NiagaraDataInterfaceRenderTargetVolumeTemplate.ush" 3769
"../../../Engine/Plugins/FX/Niagara/Shaders/Private/NiagaraDataInterfaceRigidMeshCollisionQuery.ush" 3770
"../../../Engine/Plugins/FX/Niagara/Shaders/Private/NiagaraDistanceFieldQueries.ush" 3771
"../../../Engine/Plugins/FX/Niagara/Shaders/Private/NiagaraDataInterfaceSceneCapture2DTemplate.ush" 3772
"../../../Engine/Plugins/FX/Niagara/Shaders/Private/NiagaraDataInterfaceSimCacheReaderTemplate.ush" 3773
"../../../Engine/Plugins/FX/Niagara/Shaders/Private/NiagaraDataInterfaceSimpleCounterTemplate.ush" 3774
"../../../Engine/Plugins/FX/Niagara/Shaders/Private/NiagaraDataInterfaceSkeletalMesh.ush" 3775
"../../../Engine/Plugins/FX/Niagara/Shaders/Private/NiagaraBaryCentricUtils.ush" 3776
"../../../Engine/Plugins/FX/Niagara/Shaders/Private/NiagaraDataInterfaceSkeletalMeshTemplate.ush" 3777
"../../../Engine/Plugins/FX/Niagara/Shaders/Private/NiagaraDataInterfaceSocketReaderTemplate.ush" 3778
"../../../Engine/Plugins/FX/Niagara/Shaders/Private/NiagaraDataInterfaceSparseVolumeTextureTemplate.ush" 3779
"../../../Engine/Plugins/FX/Niagara/Shaders/Private/NiagaraDataInterfaceSplineTemplate.ush" 3780
"../../../Engine/Plugins/FX/Niagara/Shaders/Private/NiagaraDataInterfaceSpriteRendererInfoTemplate.ush" 3781
"../../../Engine/Plugins/FX/Niagara/Shaders/Private/NiagaraDataInterfaceStaticMeshTemplate.ush" 3782
"../../../Engine/Plugins/FX/Niagara/Shaders/Private/NiagaraDataInterfaceTextureTemplate.ush" 3783
"../../../Engine/Plugins/FX/Niagara/Shaders/Private/NiagaraDataInterfaceVirtualTexture.ush" 3784
"../../../Engine/Plugins/FX/Niagara/Shaders/Private/NiagaraDataInterfaceVirtualTextureTemplate.ush" 3785
"../../../Engine/Plugins/FX/Niagara/Shaders/Private/NiagaraDataInterfaceVolumeCache.ush" 3786
"../../../Engine/Plugins/FX/Niagara/Shaders/Private/NiagaraDataInterfaceVolumeTextureTemplate.ush" 3787
"C:/Users/BHAWESH WASNIK/AppData/Local/Temp/UnrealShaderWorkingDir/9F0CE036407951E68A73308748A3D9B1/8/WorkerOutputOnly.out" 3788
"C:/Users/BHAWESH WASNIK/AppData/Local/Temp/UnrealShaderWorkingDir/9F0CE036407951E68A73308748A3D9B1/1/WorkerOutputOnly.out" 3789
"C:/Users/BHAWESH WASNIK/AppData/Local/Temp/UnrealShaderWorkingDir/9F0CE036407951E68A73308748A3D9B1/0/WorkerOutputOnly.out" 3790
"C:/Users/BHAWESH WASNIK/AppData/Local/Temp/UnrealShaderWorkingDir/9F0CE036407951E68A73308748A3D9B1/2/WorkerOutputOnly.out" 3791
"C:/Users/BHAWESH WASNIK/AppData/Local/Temp/UnrealShaderWorkingDir/9F0CE036407951E68A73308748A3D9B1/3/WorkerOutputOnly.out" 3792
"C:/Users/BHAWESH WASNIK/AppData/Local/Temp/UnrealShaderWorkingDir/9F0CE036407951E68A73308748A3D9B1/5/WorkerOutputOnly.out" 3793
"C:/Users/BHAWESH WASNIK/AppData/Local/Temp/UnrealShaderWorkingDir/9F0CE036407951E68A73308748A3D9B1/7/WorkerOutputOnly.out" 3794
"C:/Users/BHAWESH WASNIK/AppData/Local/Temp/UnrealShaderWorkingDir/9F0CE036407951E68A73308748A3D9B1/6/WorkerOutputOnly.out" 3795
"C:/Users/BHAWESH WASNIK/AppData/Local/Temp/UnrealShaderWorkingDir/9F0CE036407951E68A73308748A3D9B1/4/WorkerOutputOnly.out" 3796
"C:/Users/BHAWESH WASNIK/AppData/Local/Temp/UnrealShaderWorkingDir/9F0CE036407951E68A73308748A3D9B1/10/WorkerOutputOnly.out" 3797
"C:/Users/BHAWESH WASNIK/AppData/Local/Temp/UnrealShaderWorkingDir/9F0CE036407951E68A73308748A3D9B1/11/WorkerOutputOnly.out" 3798
"C:/Users/BHAWESH WASNIK/AppData/Local/Temp/UnrealShaderWorkingDir/9F0CE036407951E68A73308748A3D9B1/9/WorkerOutputOnly.out" 3799
"C:/Users/BHAWESH WASNIK/AppData/Local/Temp/UnrealShaderWorkingDir/9F0CE036407951E68A73308748A3D9B1/12/WorkerOutputOnly.out" 3800
"../../../../../unreal projects/MyProject/Intermediate/ShaderAutogen/PCD3D_SM5/AutogenShaderHeaders.ush" 3801
"E:/unreal projects/MyProject/Content/Input/IMC_Default.uasset" 3802
"E:/unreal projects/MyProject/Content/Abandoned_Building/Textures/T_AbandonedBuilding_09_BC.uasset" 3803
"../../../Engine/Content/MobileResources/HUD/VirtualJoystick_Thumb.uasset" 3804
"../../../Engine/Content/MobileResources/HUD/VirtualJoystick_Background.uasset" 3805
"E:/unreal projects/MyProject/Content/Input/Touch/UI_TouchSimple.uasset" 3806
"E:/unreal projects/MyProject/Content/Abandoned_Building/Textures/T_AbandonedBuilding_09_AO_R_MT.uasset" 3807
"E:/unreal projects/MyProject/Content/Input/Touch/UI_Thumbstick.uasset" 3808
"E:/unreal projects/MyProject/Content/Abandoned_Building/Textures/T_AbandonedBuilding_00_BC.uasset" 3809
"E:/unreal projects/MyProject/Content/Abandoned_Building/Textures/T_AbandonedBuilding_00_N.uasset" 3810
"E:/unreal projects/MyProject/Content/Abandoned_Building/Textures/T_AbandonedBuilding_09_N.uasset" 3811
"E:/unreal projects/MyProject/Content/Input/IMC_MouseLook.uasset" 3812
"E:/unreal projects/MyProject/Content/Abandoned_Building/Textures/T_AbandonedBuilding_00_AO_R_MT.uasset" 3813
"E:/unreal projects/MyProject/Content/ThirdPerson/Blueprints/BP_ThirdPersonPlayerController.uasset" 3814
"E:/unreal projects/MyProject/Content/Abandoned_Building/Materials/M_Base.uasset" 3815
"../../../Engine/Content/Tutorial/SubEditors/TutorialAssets/T_SmokeSubUV_8X8.uasset" 3816
"E:/unreal projects/MyProject/Content/Characters/Mannequins/Anims/Unarmed/Jump/MM_Land.uasset" 3817
"E:/unreal projects/MyProject/Content/Characters/Mannequins/Anims/Unarmed/Jog/MF_Unarmed_Jog_Fwd_Left.uasset" 3818
"../../../Engine/Content/Tutorial/SubEditors/TutorialAssets/T_soft_smoke.uasset" 3819
"E:/unreal projects/MyProject/Content/Characters/Mannequins/Anims/Unarmed/Jog/MF_Unarmed_Jog_Fwd_Right.uasset" 3820
"E:/unreal projects/MyProject/Content/Characters/Mannequins/Anims/Unarmed/Jog/MF_Unarmed_Jog_Fwd.uasset" 3821
"E:/unreal projects/MyProject/Content/Characters/Mannequins/Anims/Unarmed/Jog/MF_Unarmed_Jog_Left.uasset" 3822
"E:/unreal projects/MyProject/Content/Characters/Mannequins/Anims/Unarmed/Jog/MF_Unarmed_Jog_Bwd_Right.uasset" 3823
"../../../Engine/Content/Tutorial/SubEditors/TutorialAssets/M_smoke_subUV_blackbody.uasset" 3824
"E:/unreal projects/MyProject/Content/Characters/Mannequins/Anims/Unarmed/Jog/MF_Unarmed_Jog_Bwd_Left.uasset" 3825
"E:/unreal projects/MyProject/Content/Characters/Mannequins/Anims/Unarmed/Walk/MF_Unarmed_Walk_Bwd_Left.uasset" 3826
"E:/unreal projects/MyProject/Content/Characters/Mannequins/Anims/Unarmed/Jump/MM_Fall_Loop.uasset" 3827
"E:/unreal projects/MyProject/Content/Abandoned_Building/Material_Instances/MI_AbandonedBuilding_09.uasset" 3828
"../../../Engine/Content/Tutorial/SubEditors/TutorialAssets/TutorialParticleSystem.uasset" 3829
"E:/unreal projects/MyProject/Content/Characters/Mannequins/Anims/Unarmed/Jog/MF_Unarmed_Jog_Bwd.uasset" 3830
"E:/unreal projects/MyProject/Content/Characters/Mannequins/Anims/Unarmed/Jump/MM_Jump.uasset" 3831
"E:/unreal projects/MyProject/Content/Characters/Mannequins/Anims/Unarmed/Jog/MF_Unarmed_Jog_Right.uasset" 3832
"E:/unreal projects/MyProject/Content/Characters/Mannequins/Anims/Unarmed/Walk/MF_Unarmed_Walk_Bwd.uasset" 3833
"/Engine/MobileResources/HUD/VirtualJoystick_Background" 3834
"/Game/Input/Touch/UI_Thumbstick" 3835
"/Game/Input/Touch/UI_TouchSimple" 3836
"../../../../../unreal projects/MyProject/Content/Input/Touch/BPI_TouchInterface.uasset" 3837
"/Game/Input/IMC_Default" 3838
"../../../../../unreal projects/MyProject/Content/Input/Actions/IA_Attack.uasset" 3839
"../../../../../unreal projects/MyProject/Content/Input/Actions/IA_Crouch.uasset" 3840
"../../../../../unreal projects/MyProject/Content/Input/Actions/IA_Flashlight.uasset" 3841
"../../../../../unreal projects/MyProject/Content/Input/Actions/IA_Interact.uasset" 3842
"../../../../../unreal projects/MyProject/Content/Input/Actions/IA_Jump.uasset" 3843
"../../../../../unreal projects/MyProject/Content/Input/Actions/IA_Look.uasset" 3844
"../../../../../unreal projects/MyProject/Content/Input/Actions/IA_Move.uasset" 3845
"../../../../../unreal projects/MyProject/Content/Input/Actions/IA_Sprint.uasset" 3846
"/Game/Input/IMC_MouseLook" 3847
"../../../../../unreal projects/MyProject/Content/Input/Actions/IA_MouseLook.uasset" 3848
"/Game/ThirdPerson/Blueprints/BP_ThirdPersonPlayerController" 3849
"/Game/Abandoned_Building/Textures/T_AbandonedBuilding_00_AO_R_MT" 3850
"/Game/Abandoned_Building/Textures/T_AbandonedBuilding_00_BC" 3851
"/Game/Abandoned_Building/Textures/T_AbandonedBuilding_00_N" 3852
"/Game/Abandoned_Building/Materials/M_Base" 3853
"../../../Engine/Content/Functions/Engine_MaterialFunctions01/Texturing/FlattenNormal.uasset" 3854
"../../../Engine/Content/Functions/Engine_MaterialFunctions03/Blends/Blend_Lighten.uasset" 3855
"../../../Engine/Content/EngineMaterials/BlendFunc_DefBase.uasset" 3856
"../../../Engine/Content/EngineMaterials/BlendFunc_DefBlend.uasset" 3857
"/Game/Abandoned_Building/Textures/T_AbandonedBuilding_09_AO_R_MT" 3858
"/Game/Abandoned_Building/Textures/T_AbandonedBuilding_09_BC" 3859
"/Game/Abandoned_Building/Textures/T_AbandonedBuilding_09_N" 3860
"/Game/Abandoned_Building/Material_Instances/MI_AbandonedBuilding_09" 3861
"/Engine/Tutorial/SubEditors/TutorialAssets/T_SmokeSubUV_8X8" 3862
"/Engine/Tutorial/SubEditors/TutorialAssets/T_soft_smoke" 3863
"/Engine/Tutorial/SubEditors/TutorialAssets/M_smoke_subUV_blackbody" 3864
"/Engine/Tutorial/SubEditors/TutorialAssets/TutorialParticleSystem" 3865
"/Game/Characters/Mannequins/Anims/Unarmed/Jump/MM_Fall_Loop" 3866
"../../../Engine/Content/Animation/DefaultAnimBoneCompressionSettings.uasset" 3867
"../../../../../unreal projects/MyProject/Content/Characters/Mannequins/Meshes/SK_Mannequin.uasset" 3868
"/Game/Characters/Mannequins/Anims/Unarmed/Jump/MM_Jump" 3869
"/Game/Characters/Mannequins/Anims/Unarmed/Jump/MM_Land" 3870
"/Game/Characters/Mannequins/Anims/Unarmed/Jog/MF_Unarmed_Jog_Fwd_Right" 3871
"/Game/Characters/Mannequins/Anims/Unarmed/Jog/MF_Unarmed_Jog_Fwd_Left" 3872
"/Game/Characters/Mannequins/Anims/Unarmed/Jog/MF_Unarmed_Jog_Fwd" 3873
"../../../../../unreal projects/MyProject/Content/BP_footstep.uasset" 3874
"../../../../../unreal projects/MyProject/Content/Audio/footsteps-dirt-gravel.uasset" 3875
"../../../../../unreal projects/MyProject/Content/Audio/footsteps-on-water-footsteps-.uasset" 3876
"../../../../../unreal projects/MyProject/Content/Audio/footsteps-on-wood-.uasset" 3877
"../../../../../unreal projects/MyProject/Content/Audio/metal-footsteps-.uasset" 3878
"/Game/Characters/Mannequins/Anims/Unarmed/Jog/MF_Unarmed_Jog_Bwd_Right" 3879
"/Game/Characters/Mannequins/Anims/Unarmed/Jog/MF_Unarmed_Jog_Bwd_Left" 3880
"/Game/Characters/Mannequins/Anims/Unarmed/Jog/MF_Unarmed_Jog_Bwd" 3881
"/Game/Characters/Mannequins/Anims/Unarmed/Jog/MF_Unarmed_Jog_Left" 3882
"/Game/Characters/Mannequins/Anims/Unarmed/Jog/MF_Unarmed_Jog_Right" 3883
"/Game/Characters/Mannequins/Anims/Unarmed/Walk/MF_Unarmed_Walk_Bwd" 3884
"/Game/Characters/Mannequins/Anims/Unarmed/Walk/MF_Unarmed_Walk_Bwd_Left" 3885
"E:/unreal projects/MyProject/Content/Characters/Mannequins/Anims/Unarmed/Walk/MF_Unarmed_Walk_Bwd_Right.uasset" 3886
"E:/unreal projects/MyProject/Content/Characters/Mannequins/Anims/Unarmed/Walk/MF_Unarmed_Walk_Fwd_Left.uasset" 3887
"E:/unreal projects/MyProject/Content/ZombieAnimationPack/Animations/Mannequin_UE4/anim_Taking_Damage_D.uasset" 3888
"E:/unreal projects/MyProject/Content/Characters/Mannequins/Anims/Unarmed/ABP_Unarmed.uasset" 3889
"E:/unreal projects/MyProject/Content/AI/anim_Attack_D.uasset" 3890
"E:/unreal projects/MyProject/Content/Audio/329582__unaxete__simple_jumpscare.uasset" 3891
"E:/unreal projects/MyProject/Content/Audio/341670__dangthaiduy007__jump-scare-sound-3.uasset" 3892
"E:/unreal projects/MyProject/Content/Characters/Mannequins/Anims/Unarmed/Walk/MF_Unarmed_Walk_Fwd.uasset" 3893
"E:/unreal projects/MyProject/Content/Characters/Mannequins/Anims/Unarmed/Walk/MF_Unarmed_Walk_Fwd_Right.uasset" 3894
"E:/unreal projects/MyProject/Content/Characters/Mannequins/Anims/Unarmed/Walk/MF_Unarmed_Walk_Left.uasset" 3895
"E:/unreal projects/MyProject/Content/Characters/Mannequins/Anims/Unarmed/Walk/MF_Unarmed_Walk_Right.uasset" 3896
"E:/unreal projects/MyProject/Content/Characters/Mannequins/Anims/Unarmed/MM_Idle.uasset" 3897
"E:/unreal projects/MyProject/Content/Characters/Mannequins/Anims/Unarmed/BS_Idle_Walk_Run.uasset" 3898
"E:/unreal projects/MyProject/Content/Audio/Bluerra-sai_-_Old_Doll__5muK-ewTa7U_.uasset" 3899
"E:/unreal projects/MyProject/Content/Audio/567220__fission9__drone-loop-fixed.uasset" 3900
"E:/unreal projects/MyProject/Content/Abandoned_Building/Materials/M_Vegetation.uasset" 3901
"E:/unreal projects/MyProject/Content/Abandoned_Building/Materials/MI_Vegetation.uasset" 3902
"E:/unreal projects/MyProject/Content/Abandoned_Building/Textures/T_Object_00_BC.uasset" 3903
"E:/unreal projects/MyProject/Content/Abandoned_Building/Textures/T_Object_00_N.uasset" 3904
"E:/unreal projects/MyProject/Content/ZombieAnimationPack/Demo/EpicContent/Mannequin_UE5/Meshes/SKEL_Mannequin.uasset" 3905
"E:/unreal projects/MyProject/Content/Characters/Mannequins/Rigs/CR_Mannequin_FootIK.uasset" 3906
"E:/unreal projects/MyProject/Content/AI/anim_Attack_D_Montage.uasset" 3907
"E:/unreal projects/MyProject/Content/Abandoned_Building/Textures/T_Sink_AO_R_MT.uasset" 3908
"E:/unreal projects/MyProject/Content/Abandoned_Building/Materials/M_Base02.uasset" 3909
"E:/unreal projects/MyProject/Content/Abandoned_Building/Textures/T_Sink_BC.uasset" 3910
"E:/unreal projects/MyProject/Content/Abandoned_Building/Textures/T_Sink_N.uasset" 3911
"E:/unreal projects/MyProject/Content/Characters/Mannequins/Rigs/PA_Mannequin.uasset" 3912
"E:/unreal projects/MyProject/Content/Abandoned_Building/Textures/T_Leaf_00_AO_R_TM.uasset" 3913
"E:/unreal projects/MyProject/Content/Abandoned_Building/Textures/T_Object_00_AO_R_MT.uasset" 3914
"E:/unreal projects/MyProject/Content/Abandoned_Building/Textures/T_Leaf_00_BC.uasset" 3915
"E:/unreal projects/MyProject/Content/Audio/547208__mrfossy__voice_adultmale_paingrunts_10.uasset" 3916
"E:/unreal projects/MyProject/Content/Abandoned_Building/Textures/T_Leaf_00_N.uasset" 3917
"/Game/Abandoned_Building/Materials/MI_Vegetation" 3918
"/Game/Characters/Mannequins/Rigs/PA_Mannequin" 3919
"/Game/Audio/Bluerra-sai_-_Old_Doll__5muK-ewTa7U_" 3920
"/Game/Audio/567220__fission9__drone-loop-fixed" 3921
"/Game/Audio/547208__mrfossy__voice_adultmale_paingrunts_10" 3922
"/Game/Audio/341670__dangthaiduy007__jump-scare-sound-3" 3923
"/Game/Audio/329582__unaxete__simple_jumpscare" 3924
"/Game/AI/anim_Attack_D_Montage" 3925
"/Game/ZombieAnimationPack/Animations/Mannequin_UE4/anim_Taking_Damage_D" 3926
"../../../../../unreal projects/MyProject/Content/ZombieAnimationPack/Demo/EpicContent/Mannequin_UE4/Mesh/SKEL_UE4_Mannequin.uasset" 3927
"/Game/Characters/Mannequins/Anims/Unarmed/ABP_Unarmed" 3928
"/Game/Abandoned_Building/Textures/T_Object_00_AO_R_MT" 3929
"/Game/Abandoned_Building/Textures/T_Object_00_BC" 3930
"/Game/Abandoned_Building/Textures/T_Object_00_N" 3931
"/Game/Abandoned_Building/Materials/M_Base02" 3932
"/Game/Abandoned_Building/Textures/T_Sink_AO_R_MT" 3933
"/Game/Abandoned_Building/Textures/T_Sink_BC" 3934
"/Game/Abandoned_Building/Textures/T_Sink_N" 3935
"E:/unreal projects/MyProject/Content/Abandoned_Building/Material_Instances/MI_Sink.uasset" 3936
"E:/unreal projects/MyProject/Content/Characters/Mannequins/Meshes/SKM_Quinn_Simple.uasset" 3937
"E:/unreal projects/MyProject/Content/Blueprints/BPI_Interaction.uasset" 3938
"../../../Engine/Plugins/Interchange/Assets/Content/gltf/MaterialBodies/MF_Default_Body.uasset" 3939
"../../../Engine/Plugins/Interchange/Assets/Content/gltf/MaterialFunctions/MF_Occlusion.uasset" 3940
"../../../Engine/Plugins/Interchange/Assets/Content/gltf/MaterialFunctions/MF_Specular.uasset" 3941
"../../../Engine/Plugins/Interchange/Assets/Content/gltf/Textures/T_Generic_N.uasset" 3942
"../../../Engine/Plugins/Interchange/Assets/Content/gltf/MaterialFunctions/MF_RotateNormals_TS.uasset" 3943
"../../../Engine/Plugins/Interchange/Assets/Content/gltf/MaterialFunctions/MF_ScaleNormal.uasset" 3944
"../../../Engine/Plugins/Interchange/Assets/Content/gltf/Textures/T_White_Linear.uasset" 3945
"../../../Engine/Plugins/Interchange/Assets/Content/gltf/MaterialFunctions/MF_Normals.uasset" 3946
"../../../Engine/Plugins/Interchange/Assets/Content/gltf/MaterialFunctions/MF_IOR.uasset" 3947
"../../../Engine/Plugins/Interchange/Assets/Content/Functions/MF_IridescenceNoLUT.uasset" 3948
"../../../Engine/Plugins/Interchange/Assets/Content/gltf/MaterialFunctions/MF_TransformUVs.uasset" 3949
"/InterchangeAssets/gltf/MaterialFunctions/MF_IOR" 3950
"/InterchangeAssets/Functions/MF_IridescenceNoLUT" 3951
"/InterchangeAssets/gltf/Textures/T_White_Linear" 3952
"/InterchangeAssets/gltf/MaterialFunctions/MF_Normals" 3953
"../../../Engine/Plugins/Interchange/Assets/Content/gltf/MaterialFunctions/MF_RotateV2.uasset" 3954
"../../../Engine/Plugins/Interchange/Assets/Content/gltf/Textures/T_White_srgb.uasset" 3955
"/InterchangeAssets/gltf/MaterialFunctions/MF_Occlusion" 3956
"/Game/Blueprints/BPI_Interaction" 3957
"/Game/Characters/Mannequins/Meshes/SKM_Quinn_Simple" 3958
"../../../Engine/Plugins/Interchange/Assets/Content/gltf/MaterialFunctions/MF_BaseColor.uasset" 3959
"../../../Engine/Plugins/Interchange/Assets/Content/gltf/MaterialInstances/MI_Default_Opaque_DS.uasset" 3960
"../../../Engine/Plugins/Interchange/Assets/Content/gltf/M_Default.uasset" 3961
"E:/unreal projects/MyProject/Content/Damage_System/BPC_DamageSystem.uasset" 3962
"E:/unreal projects/MyProject/Content/ZombieAnimationPack/Demo/EpicContent/Mannequin_UE4/Textures/T_UE4Man_Logo_N.uasset" 3963
"E:/unreal projects/MyProject/Content/ZombieAnimationPack/Demo/EpicContent/Mannequin_UE4/Materials/M_UE4Man_ChestLogo.uasset" 3964
"E:/unreal projects/MyProject/Content/Fab/Curved_Sword__Liberia/curved_sword_liberia/Materials/sword.uasset" 3965
"E:/unreal projects/MyProject/Content/ZombieAnimationPack/Demo/EpicContent/Mannequin_UE4/Textures/T_ML_Rubber_Blue_01_D.uasset" 3966
"../../../Engine/Plugins/Interchange/Assets/Content/gltf/MaterialFunctions/MF_Iridescence.uasset" 3967
"../../../Engine/Plugins/Interchange/Assets/Content/gltf/MaterialFunctions/MF_Emissive.uasset" 3968
"E:/unreal projects/MyProject/Content/Fab/Curved_Sword__Liberia/curved_sword_liberia/Textures/curved_sword_liberia_texture_2.uasset" 3969
"../../../Engine/Plugins/Interchange/Assets/Content/gltf/Textures/T_Anisotropy_Direction_Linear.uasset" 3970
"E:/unreal projects/MyProject/Content/Fab/Curved_Sword__Liberia/curved_sword_liberia/Textures/curved_sword_liberia_texture_0.uasset" 3971
"../../../Engine/Plugins/Interchange/Assets/Content/gltf/MaterialFunctions/MF_MetallicRoughness.uasset" 3972
"E:/unreal projects/MyProject/Content/Fab/Curved_Sword__Liberia/curved_sword_liberia/Textures/curved_sword_liberia_texture_1.uasset" 3973
"../../../Engine/Plugins/Interchange/Assets/Content/gltf/MaterialFunctions/MF_SpecularAnisotropy.uasset" 3974
"/Game/Damage_System/BPC_DamageSystem" 3975
"E:/unreal projects/MyProject/Content/ZombieAnimationPack/Demo/EpicContent/Mannequin_UE4/Textures/T_ML_Rubber_Blue_01_N.uasset" 3976
"E:/unreal projects/MyProject/Content/ZombieAnimationPack/Demo/EpicContent/Mannequin_UE4/Materials/MaterialLayers/ML_Plastic_Shiny_Beige.uasset" 3977
"../../../../../unreal projects/MyProject/Content/Damage_System/E_DamageResponse.uasset" 3978
"E:/unreal projects/MyProject/Content/ZombieAnimationPack/Demo/EpicContent/Mannequin_UE4/Materials/MaterialLayers/ML_GlossyBlack_Latex_UE4.uasset" 3979
"E:/unreal projects/MyProject/Content/ZombieAnimationPack/Demo/EpicContent/Mannequin_UE4/Textures/T_UE4_Mannequin_MAT_MASKA.uasset" 3980
"E:/unreal projects/MyProject/Content/ZombieAnimationPack/Demo/EpicContent/Mannequin_UE4/Materials/MaterialLayers/ML_Plastic_Shiny_Beige_LOGO.uasset" 3981
"E:/unreal projects/MyProject/Content/ZombieAnimationPack/Demo/EpicContent/Mannequin_UE4/Textures/T_ML_Aluminum01.uasset" 3982
"../../../../../unreal projects/MyProject/Content/Damage_System/E_DamageType.uasset" 3983
"E:/unreal projects/MyProject/Content/ZombieAnimationPack/Demo/EpicContent/Mannequin_UE4/Textures/T_UE4_LOGO_CARD.uasset" 3984
"E:/unreal projects/MyProject/Content/ZombieAnimationPack/Demo/EpicContent/Mannequin_UE4/Materials/MaterialLayers/ML_SoftMetal_UE4.uasset" 3985
"E:/unreal projects/MyProject/Content/ZombieAnimationPack/Demo/EpicContent/Mannequin_UE4/Textures/T_UE4_Mannequin__normals.uasset" 3986
"../../../Engine/Content/Functions/Engine_MaterialFunctions02/Utility/BlendAngleCorrectedNormals.uasset" 3987
"E:/unreal projects/MyProject/Content/ZombieAnimationPack/Demo/EpicContent/Mannequin_UE4/Textures/T_ML_Aluminum01_N.uasset" 3988
"../../../../../unreal projects/MyProject/Content/Damage_System/S_DamageInfo.uasset" 3989
"/Game/Fab/Curved_Sword__Liberia/curved_sword_liberia/Materials/sword" 3990
"/Game/ZombieAnimationPack/Demo/EpicContent/Mannequin_UE4/Textures/T_ML_Rubber_Blue_01_D" 3991
"/Game/ZombieAnimationPack/Demo/EpicContent/Mannequin_UE4/Materials/M_UE4Man_ChestLogo" 3992
"../../../../../unreal projects/MyProject/Content/ZombieAnimationPack/Demo/EpicContent/Mannequin_UE4/Materials/M_UE4Man_Body.uasset" 3993
"../../../Engine/Content/Functions/MaterialLayerFunctions/MatLayerBlend_NormalBlend.uasset" 3994
"../../../Engine/Content/Functions/MaterialLayerFunctions/MatLayerBlend_Simple.uasset" 3995
"../../../../../unreal projects/MyProject/Content/ZombieAnimationPack/Demo/EpicContent/Mannequin_UE4/Materials/MaterialLayers/ML_GlossyBlack_Latex_UE4.uasset" 3996
"../../../../../unreal projects/MyProject/Content/ZombieAnimationPack/Demo/EpicContent/Mannequin_UE4/Materials/MaterialLayers/ML_Plastic_Shiny_Beige.uasset" 3997
"../../../../../unreal projects/MyProject/Content/ZombieAnimationPack/Demo/EpicContent/Mannequin_UE4/Materials/MaterialLayers/ML_Plastic_Shiny_Beige_LOGO.uasset" 3998
"../../../../../unreal projects/MyProject/Content/ZombieAnimationPack/Demo/EpicContent/Mannequin_UE4/Materials/MaterialLayers/ML_SoftMetal_UE4.uasset" 3999
"../../../../../unreal projects/MyProject/Content/ZombieAnimationPack/Demo/EpicContent/Mannequin_UE4/Textures/T_UE4_Mannequin__normals.uasset" 4000
"../../../../../unreal projects/MyProject/Content/ZombieAnimationPack/Demo/EpicContent/Mannequin_UE4/Textures/T_UE4_Mannequin_MAT_MASKA.uasset" 4001
"../../../../../unreal projects/MyProject/Content/ZombieAnimationPack/Demo/EpicContent/Mannequin_UE4/Textures/T_ML_Rubber_Blue_01_N.uasset" 4002
"../../../../../unreal projects/MyProject/Content/ZombieAnimationPack/Demo/EpicContent/Mannequin_UE4/Textures/T_UE4_LOGO_CARD.uasset" 4003
"../../../../../unreal projects/MyProject/Content/ZombieAnimationPack/Demo/EpicContent/Mannequin_UE4/Textures/T_ML_Aluminum01.uasset" 4004
"../../../../../unreal projects/MyProject/Content/ZombieAnimationPack/Demo/EpicContent/Mannequin_UE4/Textures/T_ML_Aluminum01_N.uasset" 4005
"E:/unreal projects/MyProject/Content/Damage_System/BPI_Damagable.uasset" 4006
"E:/unreal projects/MyProject/Content/Damage_System/Player/BP_Player.uasset" 4007
"E:/unreal projects/MyProject/Content/LevelPrototyping/Materials/M_FlatCol.uasset" 4008
"E:/unreal projects/MyProject/Content/UI/WB_Playerhealthbar.uasset" 4009
"E:/unreal projects/MyProject/Content/Jumpscare/BPI_jumpscare2.uasset" 4010
"E:/unreal projects/MyProject/Content/ThirdPerson/MI_ThirdPersonColWay.uasset" 4011
"E:/unreal projects/MyProject/Content/ZombieAnimationPack/Demo/EpicContent/Mannequin_UE4/Mesh/SK_Mannequin.uasset" 4012
"E:/unreal projects/MyProject/Content/UI/WB_Staminabar.uasset" 4013
"E:/unreal projects/MyProject/Content/__ExternalActors__/ThirdPerson/Lvl_ThirdPerson/D/RI/R8L7GQXCHQGMMKBPTBJTNA.uasset" 4014
"../../../Engine/Content/EngineSounds/Submixes/MasterEQEffectPreset.uasset" 4015
"E:/unreal projects/MyProject/Content/ThirdPerson/Lvl_ThirdPerson.umap" 4016
"E:/unreal projects/MyProject/Content/UI/WB_fade.uasset" 4017
"../../../Engine/Content/EngineSounds/Submixes/MasterSubmixDefault.uasset" 4018
"E:/unreal projects/MyProject/Content/MainMenu/BW_MENU.uasset" 4019
"E:/unreal projects/MyProject/Content/MainMenu/MainMenu.uasset" 4020
"E:/unreal projects/MyProject/Content/Fab/Seraph/seraph/Textures/seraph_texture_14.uasset" 4021
"../../../Engine/Content/EngineSounds/Submixes/MasterReverbSubmixDefault.uasset" 4022
"E:/unreal projects/MyProject/Content/LevelPrototyping/Materials/MI_DefaultColorway.uasset" 4023
"E:/unreal projects/MyProject/Content/Fab/Seraph/seraph/Textures/seraph_texture_12.uasset" 4024
"E:/unreal projects/MyProject/Content/Fab/Seraph/seraph/Textures/seraph_texture_10.uasset" 4025
"E:/unreal projects/MyProject/Content/ZombieAnimationPack/Demo/EpicContent/Mannequin_UE4/Mesh/PHYS_SK_Mannequin.uasset" 4026
"E:/unreal projects/MyProject/Content/Fab/Seraph/seraph/Textures/seraph_texture_9.uasset" 4027
"../../../Engine/Content/EditorBlueprintResources/StandardMacros.uasset" 4028
"../../../Engine/Content/EngineSounds/Submixes/MasterEQSubmixDefault.uasset" 4029
"../../../Engine/Content/EngineSounds/Submixes/MasterReverbEffectPreset.uasset" 4030
"E:/unreal projects/MyProject/Content/ThirdPerson/Blueprints/BP_ThirdPersonGameMode.uasset" 4031
"E:/unreal projects/MyProject/Content/Fab/Seraph/seraph/Textures/seraph_texture_11.uasset" 4032
"E:/unreal projects/MyProject/Content/UI/WB_Hitindicator.uasset" 4033
"E:/unreal projects/MyProject/Content/Fab/Seraph/seraph/Materials/Angel.uasset" 4034
"E:/unreal projects/MyProject/Content/UI/WB_DIED.uasset" 4035
"../../../Engine/Plugins/Interchange/Assets/Shaders/ThinFilmFunctions.usf" 4036
"../../../Engine/Plugins/Interchange/Assets/Content/gltf/MaterialInstances/MI_Default_Opaque.uasset" 4037
"E:/unreal projects/MyProject/Content/Fab/Seraph/seraph/Textures/seraph_texture_13.uasset" 4038
"/Game/Damage_System/Player/BP_Player" 4039
"../../../../../unreal projects/MyProject/Content/ZombieAnimationPack/Demo/EpicContent/Mannequin_UE4/Mesh/SK_Mannequin.uasset" 4040
"/InterchangeAssets/gltf/MaterialInstances/MI_Default_Opaque" 4041
"/Game/Fab/Seraph/seraph/Textures/seraph_texture_9" 4042
"/Game/Fab/Seraph/seraph/Textures/seraph_texture_10" 4043
"/Game/Fab/Seraph/seraph/Textures/seraph_texture_11" 4044
"/Engine/EngineSounds/Submixes/MasterSubmixDefault" 4045
"/Game/Fab/Seraph/seraph/Materials/Angel" 4046
"/Game/ThirdPerson/Lvl_ThirdPerson" 4047
"/Game/MainMenu/MainMenu" 4048
"/Game/MainMenu/BW_MENU" 4049
"../../../Engine/Content/EngineSky/VolumetricClouds/VT_Lightning.uasset" 4050
"../../../Engine/Content/Functions/Engine_MaterialFunctions02/Utility/MakeFloat4.uasset" 4051
"E:/unreal projects/MyProject/Content/Fab/SculptJanuary2021_-_Day_27_-_Dead_Eyes/sculptjanuary2021_day_27_dead_eyes/Materials/flesh.uasset" 4052
"../../../Engine/Content/EngineSky/VolumetricClouds/T_CloudPattern.uasset" 4053
"E:/unreal projects/MyProject/Content/Fab/Seraph/seraph/Materials/Straps.uasset" 4054
"../../../Engine/Content/EngineSky/VolumetricClouds/T_CloudMask.uasset" 4055
"../../../Engine/Content/Functions/Engine_MaterialFunctions02/Utility/BreakOutFloat4Components.uasset" 4056
"../../../Engine/Content/EngineSky/VolumetricClouds/VT_PerlinWorley_Balanced.uasset" 4057
"../../../Engine/Content/EngineSky/VolumetricClouds/T_Profile_08.uasset" 4058
"E:/unreal projects/MyProject/Content/Fab/Seraph/seraph/Materials/material_0.uasset" 4059
"E:/unreal projects/MyProject/Content/Fab/SculptJanuary2021_-_Day_27_-_Dead_Eyes/sculptjanuary2021_day_27_dead_eyes/Materials/dead_eyes.uasset" 4060
"../../../Engine/Content/OpenWorldTemplate/LandscapeMaterial/T_GridChecker_A.uasset" 4061
"../../../Engine/Content/Functions/Engine_MaterialFunctions01/Gradient/LinearGradient.uasset" 4062
"../../../Engine/Content/Functions/Engine_MaterialFunctions01/Units/Km-to-Cm.uasset" 4063
"../../../Engine/Content/OpenWorldTemplate/LandscapeMaterial/MI_ProcGrid.uasset" 4064
"E:/unreal projects/MyProject/Content/Fab/SculptJanuary2021_-_Day_27_-_Dead_Eyes/sculptjanuary2021_day_27_dead_eyes/Materials/wood.uasset" 4065
"../../../Engine/Content/EngineSky/T_Sky_Blue.uasset" 4066
"../../../Engine/Content/EngineSky/T_Sky_Clouds_M.uasset" 4067
"../../../Engine/Content/EngineSky/VolumetricClouds/m_SimpleVolumetricCloud.uasset" 4068
"../../../Engine/Content/OpenWorldTemplate/LandscapeMaterial/MF_ProcGrid.uasset" 4069
"E:/unreal projects/MyProject/Content/Fab/SculptJanuary2021_-_Day_27_-_Dead_Eyes/sculptjanuary2021_day_27_dead_eyes/StaticMeshes/sculptjanuary2021_day_27_dead_eyes.uasset" 4070
"../../../Engine/Content/MapTemplates/SM_Template_Map_Floor.uasset" 4071
"../../../Engine/Content/EngineSky/VolumetricClouds/m_SimpleVolumetricCloud_Inst.uasset" 4072
"E:/unreal projects/MyProject/Content/ThirdPerson/Lvl_Menu.umap" 4073
"../../../Engine/Content/Functions/Engine_MaterialFunctions01/ImageAdjustment/CheapContrast.uasset" 4074
"../../../Engine/Content/OpenWorldTemplate/LandscapeMaterial/M_ProcGrid.uasset" 4075
"../../../Engine/Content/Functions/Engine_MaterialFunctions03/Blends/Blend_Overlay.uasset" 4076
"../../../Engine/Content/EngineSky/SM_SkySphere.uasset" 4077
"../../../Engine/Content/EngineSky/T_Sky_Stars.uasset" 4078
"../../../Engine/Content/EngineSky/M_Sky_Panning_Clouds2.uasset" 4079
"../../../Engine/Content/EngineSky/M_SimpleSkyDome.uasset" 4080
"../../../Engine/Plugins/MetaHuman/MetaHumanCharacter/Content/BuildPipeline/DefaultWardobePipeline/DefaultOutfitPipeline.uasset" 4081
"/Game/__ExternalActors__/ThirdPerson/Lvl_ThirdPerson/0/02/7EP6E030YJ6RS507MAI0JE" 4082
"../../../../../unreal projects/MyProject/Content/__ExternalActors__/ThirdPerson/Lvl_ThirdPerson/0/02/7EP6E030YJ6RS507MAI0JE.uasset" 4083
"../../../../../unreal projects/MyProject/Content/Abandoned_Building/Meshes/SM_Brick_Pile.uasset" 4084
"../../../../../unreal projects/MyProject/Content/Abandoned_Building/Material_Instances/MI_Bricks_Pile.uasset" 4085
"../../../../../unreal projects/MyProject/Content/Abandoned_Building/Materials/M_Brick_01.uasset" 4086
"../../../../../unreal projects/MyProject/Content/Abandoned_Building/Textures/T_Brick_BC.uasset" 4087
"../../../../../unreal projects/MyProject/Content/Abandoned_Building/Textures/T_Brick_N.uasset" 4088
"../../../../../unreal projects/MyProject/Content/Abandoned_Building/Textures/T_Street_Shaft_00_BC.uasset" 4089
"../../../../../unreal projects/MyProject/Content/Abandoned_Building/Textures/T_Street_Shaft_00_N.uasset" 4090
"/Game/__ExternalActors__/ThirdPerson/Lvl_ThirdPerson/0/8J/M7BDUR3R90E4UH5EJZLZ9G" 4091
"../../../../../unreal projects/MyProject/Content/__ExternalActors__/ThirdPerson/Lvl_ThirdPerson/0/8J/M7BDUR3R90E4UH5EJZLZ9G.uasset" 4092
"../../../../../unreal projects/MyProject/Content/Abandoned_Building/Meshes/SM_Object_04.uasset" 4093
"../../../../../unreal projects/MyProject/Content/Abandoned_Building/Material_Instances/MI_Object_04.uasset" 4094
"../../../../../unreal projects/MyProject/Content/Abandoned_Building/Textures/T_Object_04_AO_R_MT.uasset" 4095
"../../../../../unreal projects/MyProject/Content/Abandoned_Building/Textures/T_Object_04_BC.uasset" 4096
"../../../../../unreal projects/MyProject/Content/Abandoned_Building/Textures/T_Object_04_N.uasset" 4097
"/Game/__ExternalActors__/ThirdPerson/Lvl_ThirdPerson/0/8O/WLLY36TQFAFBFXTZN0G2IQ" 4098
"../../../../../unreal projects/MyProject/Content/__ExternalActors__/ThirdPerson/Lvl_ThirdPerson/0/8O/WLLY36TQFAFBFXTZN0G2IQ.uasset" 4099
"../../../../../unreal projects/MyProject/Content/Abandoned_Building/Meshes/SM_AbandonedBuilding_04.uasset" 4100
"../../../../../unreal projects/MyProject/Content/Abandoned_Building/Material_Instances/MI_AbandonedBuilding_04_00.uasset" 4101
"../../../../../unreal projects/MyProject/Content/Abandoned_Building/Textures/T_AbandonedBuilding_04_BC_00.uasset" 4102
"../../../../../unreal projects/MyProject/Content/Abandoned_Building/Textures/T_AbandonedBuilding_04_N_00.uasset" 4103
"/Game/__ExternalActors__/ThirdPerson/Lvl_ThirdPerson/0/97/Y1HDQDFVLNE0L5KR5SG4J2" 4104
"../../../../../unreal projects/MyProject/Content/__ExternalActors__/ThirdPerson/Lvl_ThirdPerson/0/97/Y1HDQDFVLNE0L5KR5SG4J2.uasset" 4105
"/Game/__ExternalActors__/ThirdPerson/Lvl_ThirdPerson/0/9E/TCVXL0WFOUCEHJ8DIH6P6Y" 4106
"../../../../../unreal projects/MyProject/Content/__ExternalActors__/ThirdPerson/Lvl_ThirdPerson/0/9E/TCVXL0WFOUCEHJ8DIH6P6Y.uasset" 4107
"../../../../../unreal projects/MyProject/Content/Abandoned_Building/Meshes/SM_Object_02.uasset" 4108
"../../../../../unreal projects/MyProject/Content/Abandoned_Building/Material_Instances/MI_Object_02.uasset" 4109
"../../../../../unreal projects/MyProject/Content/Abandoned_Building/Textures/T_Object_02_AO_R_MT.uasset" 4110
"../../../../../unreal projects/MyProject/Content/Abandoned_Building/Textures/T_Object_02_BC.uasset" 4111
"../../../../../unreal projects/MyProject/Content/Abandoned_Building/Textures/T_Object_02_N.uasset" 4112
"/Game/__ExternalActors__/ThirdPerson/Lvl_ThirdPerson/0/A5/PTVYENPSD4SH775TLKU6KZ" 4113
"../../../../../unreal projects/MyProject/Content/__ExternalActors__/ThirdPerson/Lvl_ThirdPerson/0/A5/PTVYENPSD4SH775TLKU6KZ.uasset" 4114
"/Game/__ExternalActors__/ThirdPerson/Lvl_ThirdPerson/0/AT/CZAF8F1V1QGW9T79VW3G86" 4115
"../../../../../unreal projects/MyProject/Content/__ExternalActors__/ThirdPerson/Lvl_ThirdPerson/0/AT/CZAF8F1V1QGW9T79VW3G86.uasset" 4116
"../../../../../unreal projects/MyProject/Content/Abandoned_Building/Meshes/SM_AbandonedBuilding_02.uasset" 4117
"../../../../../unreal projects/MyProject/Content/Abandoned_Building/Material_Instances/MI_AbandonedBuilding_02.uasset" 4118
"../../../../../unreal projects/MyProject/Content/Abandoned_Building/Textures/T_AbandonedBuilding_02_AO_R_MT.uasset" 4119
"../../../../../unreal projects/MyProject/Content/Abandoned_Building/Textures/T_AbandonedBuilding_02_BC.uasset" 4120
"../../../../../unreal projects/MyProject/Content/Abandoned_Building/Textures/T_AbandonedBuilding_02_N.uasset" 4121
"/Game/__ExternalActors__/ThirdPerson/Lvl_ThirdPerson/0/G0/7U45S9GVHFV62VSLRLTLA4" 4122
"../../../../../unreal projects/MyProject/Content/__ExternalActors__/ThirdPerson/Lvl_ThirdPerson/0/G0/7U45S9GVHFV62VSLRLTLA4.uasset" 4123
"../../../../../unreal projects/MyProject/Content/Abandoned_Building/Meshes/SM_Ivy_Corner_00.uasset" 4124
"../../../../../unreal projects/MyProject/Content/Abandoned_Building/Materials/MI_Bark.uasset" 4125
"../../../../../unreal projects/MyProject/Content/Abandoned_Building/Materials/M_Bark.uasset" 4126
"../../../../../unreal projects/MyProject/Content/Abandoned_Building/Textures/T_Plant_Bark_00_BC.uasset" 4127
"../../../../../unreal projects/MyProject/Content/Abandoned_Building/Textures/T_Plant_Bark_00_H.uasset" 4128
"../../../../../unreal projects/MyProject/Content/Abandoned_Building/Textures/T_Plant_Bark_00_N.uasset" 4129
"../../../../../unreal projects/MyProject/Content/Abandoned_Building/Textures/T_Plant_Bark_00_OCC.uasset" 4130
"../../../../../unreal projects/MyProject/Content/Abandoned_Building/Textures/T_Plant_Bark_00_R.uasset" 4131
"/Game/__ExternalActors__/ThirdPerson/Lvl_ThirdPerson/0/H6/GW81RH0O08SGLG6FX160H0" 4132
"../../../../../unreal projects/MyProject/Content/__ExternalActors__/ThirdPerson/Lvl_ThirdPerson/0/H6/GW81RH0O08SGLG6FX160H0.uasset" 4133
"../../../../../unreal projects/MyProject/Content/Blueprints/BP_DOOR.uasset" 4134
"../../../../../unreal projects/MyProject/Content/Abandoned_Building/Meshes/SM_AbandonedBuilding_05.uasset" 4135
"../../../../../unreal projects/MyProject/Content/Abandoned_Building/Material_Instances/MI_AbandonedBuilding_05_00.uasset" 4136
"../../../../../unreal projects/MyProject/Content/Abandoned_Building/Textures/T_AbandonedBuilding_05_BC_00.uasset" 4137
"../../../../../unreal projects/MyProject/Content/Abandoned_Building/Textures/T_AbandonedBuilding_05_N_00.uasset" 4138
"/Game/__ExternalActors__/ThirdPerson/Lvl_ThirdPerson/0/HO/D6R3MYIBLEH0DESXE64OZG" 4139
"../../../../../unreal projects/MyProject/Content/__ExternalActors__/ThirdPerson/Lvl_ThirdPerson/0/HO/D6R3MYIBLEH0DESXE64OZG.uasset" 4140
"../../../../../unreal projects/MyProject/Content/Damage_System/Enemy/BP_AI1.uasset" 4141
"../../../../../unreal projects/MyProject/Content/AI/ABP_AI.uasset" 4142
"../../../../../unreal projects/MyProject/Content/AI/BP_AI_Controller.uasset" 4143
"../../../../../unreal projects/MyProject/Content/Audio/553418__eminyildirim__cinematic-boom-impact-hit-2021.uasset" 4144
"../../../../../unreal projects/MyProject/Content/Audio/Long_Scream-_Sound_Effect__qWaGVtBEt4g_.uasset" 4145
"../../../../../unreal projects/MyProject/Content/Audio/SA_Character.uasset" 4146
"../../../../../unreal projects/MyProject/Content/Fab/Seraph/seraph/SkeletalMeshes/seraph.uasset" 4147
"../../../../../unreal projects/MyProject/Content/UI/WB_HealthBar.uasset" 4148
"../../../../../unreal projects/MyProject/Content/UI/WB_Win.uasset" 4149
"../../../../../unreal projects/MyProject/Content/AI/AI_Blendspace1d.uasset" 4150
"../../../../../unreal projects/MyProject/Content/AI/BT_AI.uasset" 4151
"../../../../../unreal projects/MyProject/Content/Fab/Seraph/seraph/Materials/Chainmail.uasset" 4152
"../../../../../unreal projects/MyProject/Content/Fab/Seraph/seraph/Materials/Dress.uasset" 4153
"../../../../../unreal projects/MyProject/Content/Fab/Seraph/seraph/Materials/Face.uasset" 4154
"../../../../../unreal projects/MyProject/Content/Fab/Seraph/seraph/Materials/material.uasset" 4155
"../../../../../unreal projects/MyProject/Content/Fab/Seraph/seraph/Materials/material_0.uasset" 4156
"../../../../../unreal projects/MyProject/Content/Fab/Seraph/seraph/Materials/Material_003.uasset" 4157
"../../../../../unreal projects/MyProject/Content/Fab/Seraph/seraph/Materials/Straps.uasset" 4158
"../../../../../unreal projects/MyProject/Content/Fab/Seraph/seraph/Materials/WingFace.uasset" 4159
"../../../../../unreal projects/MyProject/Content/Fab/Seraph/seraph/SkeletalMeshes/seraph_PhysicsAsset.uasset" 4160
"../../../../../unreal projects/MyProject/Content/Fab/Seraph/seraph/SkeletalMeshes/seraph_Skeleton.uasset" 4161
"../../../../../unreal projects/MyProject/Content/AI/BB_AI.uasset" 4162
"../../../../../unreal projects/MyProject/Content/AI/Tasks/BT_Task_Attackplayer.uasset" 4163
"../../../../../unreal projects/MyProject/Content/AI/Tasks/BT_Task_ChasingPlayer.uasset" 4164
"../../../../../unreal projects/MyProject/Content/AI/Tasks/BTTask_RoamAround.uasset" 4165
"../../../../../unreal projects/MyProject/Content/Fab/Seraph/seraph/Textures/seraph_texture_2.uasset" 4166
"../../../../../unreal projects/MyProject/Content/Fab/Seraph/seraph/Textures/seraph_texture_3.uasset" 4167
"../../../../../unreal projects/MyProject/Content/Fab/Seraph/seraph/Textures/seraph_texture_4.uasset" 4168
"../../../../../unreal projects/MyProject/Content/Fab/Seraph/seraph/Textures/seraph_texture_5.uasset" 4169
"../../../../../unreal projects/MyProject/Content/Fab/Seraph/seraph/Textures/seraph_texture_6.uasset" 4170
"../../../../../unreal projects/MyProject/Content/Fab/Seraph/seraph/Textures/seraph_texture_7.uasset" 4171
"../../../../../unreal projects/MyProject/Content/Fab/Seraph/seraph/Textures/seraph_texture_0.uasset" 4172
"../../../../../unreal projects/MyProject/Content/Fab/Seraph/seraph/Textures/seraph_texture_1.uasset" 4173
"../../../../../unreal projects/MyProject/Content/Fab/Seraph/seraph/Textures/seraph_texture_17.uasset" 4174
"../../../../../unreal projects/MyProject/Content/Fab/Seraph/seraph/Textures/seraph_texture_8.uasset" 4175
"../../../../../unreal projects/MyProject/Content/Fab/Seraph/seraph/Textures/seraph_texture_15.uasset" 4176
"../../../../../unreal projects/MyProject/Content/Fab/Seraph/seraph/Textures/seraph_texture_16.uasset" 4177
"../../../../../unreal projects/MyProject/Content/AI/BP_AI.uasset" 4178
"/Game/__ExternalActors__/ThirdPerson/Lvl_ThirdPerson/0/HW/RO91NMPY2N1DRW3JR4ZDZE" 4179
"../../../../../unreal projects/MyProject/Content/__ExternalActors__/ThirdPerson/Lvl_ThirdPerson/0/HW/RO91NMPY2N1DRW3JR4ZDZE.uasset" 4180
"/Game/__ExternalActors__/ThirdPerson/Lvl_ThirdPerson/0/L0/460IYDZ15NXS4MK2TUGHLA" 4181
"../../../../../unreal projects/MyProject/Content/__ExternalActors__/ThirdPerson/Lvl_ThirdPerson/0/L0/460IYDZ15NXS4MK2TUGHLA.uasset" 4182
"/Game/__ExternalActors__/ThirdPerson/Lvl_ThirdPerson/0/MK/4X6GFW3WVFUN76AF0HL9QU" 4183
"../../../../../unreal projects/MyProject/Content/__ExternalActors__/ThirdPerson/Lvl_ThirdPerson/0/MK/4X6GFW3WVFUN76AF0HL9QU.uasset" 4184
"../../../../../unreal projects/MyProject/Content/Abandoned_Building/Meshes/SM_AbandonedBuilding_11.uasset" 4185
"../../../../../unreal projects/MyProject/Content/Abandoned_Building/Material_Instances/MI_AbandonedBuilding_11.uasset" 4186
"../../../../../unreal projects/MyProject/Content/Abandoned_Building/Material_Instances/MI_AbandonedBuilding_11_1.uasset" 4187
"../../../../../unreal projects/MyProject/Content/Abandoned_Building/Materials/M_Glass_Inst.uasset" 4188
"../../../../../unreal projects/MyProject/Content/Abandoned_Building/Textures/T_AbandonedBuilding_11_AO_R_MT_00.uasset" 4189
"../../../../../unreal projects/MyProject/Content/Abandoned_Building/Textures/T_AbandonedBuilding_11_BC_00.uasset" 4190
"../../../../../unreal projects/MyProject/Content/Abandoned_Building/Textures/T_AbandonedBuilding_11_N_00.uasset" 4191
"../../../../../unreal projects/MyProject/Content/Abandoned_Building/Textures/T_AbandonedBuilding_11_AO_R_MT_01.uasset" 4192
"../../../../../unreal projects/MyProject/Content/Abandoned_Building/Textures/T_AbandonedBuilding_11_BC_01.uasset" 4193
"../../../../../unreal projects/MyProject/Content/Abandoned_Building/Textures/T_AbandonedBuilding_11_N_01.uasset" 4194
"../../../../../unreal projects/MyProject/Content/Abandoned_Building/Materials/M_Glass.uasset" 4195
"/Game/__ExternalActors__/ThirdPerson/Lvl_ThirdPerson/0/O7/WW1E1A6EZ94PQFM60XQY87" 4196
"../../../../../unreal projects/MyProject/Content/__ExternalActors__/ThirdPerson/Lvl_ThirdPerson/0/O7/WW1E1A6EZ94PQFM60XQY87.uasset" 4197
"../../../../../unreal projects/MyProject/Content/Abandoned_Building/Meshes/SM_Garbige_13.uasset" 4198
"../../../../../unreal projects/MyProject/Content/Abandoned_Building/Material_Instances/MI_Garbige_00-18.uasset" 4199
"../../../../../unreal projects/MyProject/Content/Abandoned_Building/Materials/M_Base01.uasset" 4200
"../../../../../unreal projects/MyProject/Content/Abandoned_Building/Textures/T_Garbige_AO_R_MT.uasset" 4201
"../../../../../unreal projects/MyProject/Content/Abandoned_Building/Textures/T_Garbige_BC.uasset" 4202
"../../../../../unreal projects/MyProject/Content/Abandoned_Building/Textures/T_Garbige_N.uasset" 4203
"/Game/__ExternalActors__/ThirdPerson/Lvl_ThirdPerson/0/QV/ZY8DXAES8N3OM7OEB49OQF" 4204
"../../../../../unreal projects/MyProject/Content/__ExternalActors__/ThirdPerson/Lvl_ThirdPerson/0/QV/ZY8DXAES8N3OM7OEB49OQF.uasset" 4205
"/Game/__ExternalActors__/ThirdPerson/Lvl_ThirdPerson/0/SV/SPWHDWPXTAH2Z14Y7E2DLQ" 4206
"../../../../../unreal projects/MyProject/Content/__ExternalActors__/ThirdPerson/Lvl_ThirdPerson/0/SV/SPWHDWPXTAH2Z14Y7E2DLQ.uasset" 4207
"/Game/__ExternalActors__/ThirdPerson/Lvl_ThirdPerson/0/Y6/NT7XRACDDB3KO4QQMPE5JH" 4208
"../../../../../unreal projects/MyProject/Content/__ExternalActors__/ThirdPerson/Lvl_ThirdPerson/0/Y6/NT7XRACDDB3KO4QQMPE5JH.uasset" 4209
"../../../../../unreal projects/MyProject/Content/Abandoned_Building/Meshes/SM_Ivy_ground_00.uasset" 4210
"/Game/__ExternalActors__/ThirdPerson/Lvl_ThirdPerson/1/13/9LWOBBXNPLQAD7IUXVRO7S" 4211
"../../../../../unreal projects/MyProject/Content/__ExternalActors__/ThirdPerson/Lvl_ThirdPerson/1/13/9LWOBBXNPLQAD7IUXVRO7S.uasset" 4212
"/Game/__ExternalActors__/ThirdPerson/Lvl_ThirdPerson/1/2D/077DFHJV935BK1S1BORYZJ" 4213
"../../../../../unreal projects/MyProject/Content/__ExternalActors__/ThirdPerson/Lvl_ThirdPerson/1/2D/077DFHJV935BK1S1BORYZJ.uasset" 4214
"/Game/__ExternalActors__/ThirdPerson/Lvl_ThirdPerson/1/3R/972XCVIFWXHQBX8WCDLTGO" 4215
"../../../../../unreal projects/MyProject/Content/__ExternalActors__/ThirdPerson/Lvl_ThirdPerson/1/3R/972XCVIFWXHQBX8WCDLTGO.uasset" 4216
"../../../../../unreal projects/MyProject/Content/Abandoned_Building/Meshes/SM_Garbige_08.uasset" 4217
"/Game/__ExternalActors__/ThirdPerson/Lvl_ThirdPerson/1/4V/7A1NEWNXITHM2VCQDWCOHG" 4218
"../../../../../unreal projects/MyProject/Content/__ExternalActors__/ThirdPerson/Lvl_ThirdPerson/1/4V/7A1NEWNXITHM2VCQDWCOHG.uasset" 4219
"/Game/__ExternalActors__/ThirdPerson/Lvl_ThirdPerson/1/50/SDQEQMFL6KO22XA9F8HEQI" 4220
"../../../../../unreal projects/MyProject/Content/__ExternalActors__/ThirdPerson/Lvl_ThirdPerson/1/50/SDQEQMFL6KO22XA9F8HEQI.uasset" 4221
"/Game/__ExternalActors__/ThirdPerson/Lvl_ThirdPerson/1/6I/ZH2WTCE2A42DUMOACYF7AC" 4222
"../../../../../unreal projects/MyProject/Content/__ExternalActors__/ThirdPerson/Lvl_ThirdPerson/1/6I/ZH2WTCE2A42DUMOACYF7AC.uasset" 4223
"/Game/__ExternalActors__/ThirdPerson/Lvl_ThirdPerson/1/A2/PRG146N0TKLZC2JVOZAON9" 4224
"../../../../../unreal projects/MyProject/Content/__ExternalActors__/ThirdPerson/Lvl_ThirdPerson/1/A2/PRG146N0TKLZC2JVOZAON9.uasset" 4225
"../../../../../unreal projects/MyProject/Content/Abandoned_Building/Meshes/SM_Object_05.uasset" 4226
"../../../../../unreal projects/MyProject/Content/Abandoned_Building/Material_Instances/MI_Object_05.uasset" 4227
"../../../../../unreal projects/MyProject/Content/Abandoned_Building/Textures/T_Object_05_AO_R_MT.uasset" 4228
"../../../../../unreal projects/MyProject/Content/Abandoned_Building/Textures/T_Object_05_BC.uasset" 4229
"../../../../../unreal projects/MyProject/Content/Abandoned_Building/Textures/T_Object_05_N.uasset" 4230
"/Game/__ExternalActors__/ThirdPerson/Lvl_ThirdPerson/1/HP/QIZAQKQ9MLASPASJKV3YEU" 4231
"../../../../../unreal projects/MyProject/Content/__ExternalActors__/ThirdPerson/Lvl_ThirdPerson/1/HP/QIZAQKQ9MLASPASJKV3YEU.uasset" 4232
"/Game/__ExternalActors__/ThirdPerson/Lvl_ThirdPerson/1/I0/OBSTMR4EB6970MLDIQWG8B" 4233
"../../../../../unreal projects/MyProject/Content/__ExternalActors__/ThirdPerson/Lvl_ThirdPerson/1/I0/OBSTMR4EB6970MLDIQWG8B.uasset" 4234
"../../../../../unreal projects/MyProject/Content/Blueprints/BP_Weapon1.uasset" 4235
"../../../../../unreal projects/MyProject/Content/Fab/Curved_Sword__Liberia/curved_sword_liberia/StaticMeshes/curved_sword_liberia.uasset" 4236
"/Game/__ExternalActors__/ThirdPerson/Lvl_ThirdPerson/1/J7/KN7UFHGYGEIG1VQ0MKNEHX" 4237
"../../../../../unreal projects/MyProject/Content/__ExternalActors__/ThirdPerson/Lvl_ThirdPerson/1/J7/KN7UFHGYGEIG1VQ0MKNEHX.uasset" 4238
"../../../../../unreal projects/MyProject/Content/Abandoned_Building/Meshes/SM_Object_01.uasset" 4239
"../../../../../unreal projects/MyProject/Content/Abandoned_Building/Material_Instances/MI_Object_01.uasset" 4240
"../../../../../unreal projects/MyProject/Content/Abandoned_Building/Textures/T_Object_01_AO_R_MT.uasset" 4241
"../../../../../unreal projects/MyProject/Content/Abandoned_Building/Textures/T_Object_01_BC.uasset" 4242
"../../../../../unreal projects/MyProject/Content/Abandoned_Building/Textures/T_Object_01_N.uasset" 4243
"/Game/__ExternalActors__/ThirdPerson/Lvl_ThirdPerson/1/LY/8QT4DPXCXC27ZG9LTINQGI" 4244
"../../../../../unreal projects/MyProject/Content/__ExternalActors__/ThirdPerson/Lvl_ThirdPerson/1/LY/8QT4DPXCXC27ZG9LTINQGI.uasset" 4245
"/Game/__ExternalActors__/ThirdPerson/Lvl_ThirdPerson/1/NY/QTR7U72RZWPBH8COSPW5IS" 4246
"../../../../../unreal projects/MyProject/Content/__ExternalActors__/ThirdPerson/Lvl_ThirdPerson/1/NY/QTR7U72RZWPBH8COSPW5IS.uasset" 4247
"/Game/__ExternalActors__/ThirdPerson/Lvl_ThirdPerson/1/QE/ABWQMHIC46E4E9W8T1RP5J" 4248
"../../../../../unreal projects/MyProject/Content/__ExternalActors__/ThirdPerson/Lvl_ThirdPerson/1/QE/ABWQMHIC46E4E9W8T1RP5J.uasset" 4249
"/Game/__ExternalActors__/ThirdPerson/Lvl_ThirdPerson/1/T8/6YG78JHUARKGKQNWQ0XVX6" 4250
"../../../../../unreal projects/MyProject/Content/__ExternalActors__/ThirdPerson/Lvl_ThirdPerson/1/T8/6YG78JHUARKGKQNWQ0XVX6.uasset" 4251
"/Game/__ExternalActors__/ThirdPerson/Lvl_ThirdPerson/1/W0/VJ3QG8XZCKFO5V7MZIURC1" 4252
"../../../../../unreal projects/MyProject/Content/__ExternalActors__/ThirdPerson/Lvl_ThirdPerson/1/W0/VJ3QG8XZCKFO5V7MZIURC1.uasset" 4253
"/Game/__ExternalActors__/ThirdPerson/Lvl_ThirdPerson/1/Z5/V4FZ46AFC3DQ5XR2KB9HVS" 4254
"../../../../../unreal projects/MyProject/Content/__ExternalActors__/ThirdPerson/Lvl_ThirdPerson/1/Z5/V4FZ46AFC3DQ5XR2KB9HVS.uasset" 4255
"/Game/__ExternalActors__/ThirdPerson/Lvl_ThirdPerson/2/0K/ZNZR0TLM9PXA1HQHCYSCGH" 4256
"../../../../../unreal projects/MyProject/Content/__ExternalActors__/ThirdPerson/Lvl_ThirdPerson/2/0K/ZNZR0TLM9PXA1HQHCYSCGH.uasset" 4257
"/Game/__ExternalActors__/ThirdPerson/Lvl_ThirdPerson/2/1S/D3UT1JV05LD9OOJI74BFK7" 4258
"../../../../../unreal projects/MyProject/Content/__ExternalActors__/ThirdPerson/Lvl_ThirdPerson/2/1S/D3UT1JV05LD9OOJI74BFK7.uasset" 4259
"/Game/__ExternalActors__/ThirdPerson/Lvl_ThirdPerson/2/38/ILPMWKCS1WZSS53WJCNS46" 4260
"../../../../../unreal projects/MyProject/Content/__ExternalActors__/ThirdPerson/Lvl_ThirdPerson/2/38/ILPMWKCS1WZSS53WJCNS46.uasset" 4261
"../../../../../unreal projects/MyProject/Content/Abandoned_Building/Meshes/SM_Object_08.uasset" 4262
"../../../../../unreal projects/MyProject/Content/Abandoned_Building/Material_Instances/MI_Object_08.uasset" 4263
"../../../../../unreal projects/MyProject/Content/Abandoned_Building/Textures/T_Object_08_AO_R_MT.uasset" 4264
"../../../../../unreal projects/MyProject/Content/Abandoned_Building/Textures/T_Object_08_BC.uasset" 4265
"../../../../../unreal projects/MyProject/Content/Abandoned_Building/Textures/T_Object_08_N.uasset" 4266
"/Game/__ExternalActors__/ThirdPerson/Lvl_ThirdPerson/2/4S/6NNQ9Y254KU33UE9DLTQDQ" 4267
"../../../../../unreal projects/MyProject/Content/__ExternalActors__/ThirdPerson/Lvl_ThirdPerson/2/4S/6NNQ9Y254KU33UE9DLTQDQ.uasset" 4268
"/Game/__ExternalActors__/ThirdPerson/Lvl_ThirdPerson/2/7Z/ODP5JPEDNCG6WD02EI1OQY" 4269
"../../../../../unreal projects/MyProject/Content/__ExternalActors__/ThirdPerson/Lvl_ThirdPerson/2/7Z/ODP5JPEDNCG6WD02EI1OQY.uasset" 4270
"/Game/__ExternalActors__/ThirdPerson/Lvl_ThirdPerson/2/8P/FM0L8LN6GCB35ZQCUJMAXC" 4271
"../../../../../unreal projects/MyProject/Content/__ExternalActors__/ThirdPerson/Lvl_ThirdPerson/2/8P/FM0L8LN6GCB35ZQCUJMAXC.uasset" 4272
"/Game/__ExternalActors__/ThirdPerson/Lvl_ThirdPerson/2/AM/9YGDW7FMEY1CZD31VUYO11" 4273
"../../../../../unreal projects/MyProject/Content/__ExternalActors__/ThirdPerson/Lvl_ThirdPerson/2/AM/9YGDW7FMEY1CZD31VUYO11.uasset" 4274
"/Game/__ExternalActors__/ThirdPerson/Lvl_ThirdPerson/2/D5/6X0Q0CFPYAHTA3AFSVAS31" 4275
"../../../../../unreal projects/MyProject/Content/__ExternalActors__/ThirdPerson/Lvl_ThirdPerson/2/D5/6X0Q0CFPYAHTA3AFSVAS31.uasset" 4276
"../../../../../unreal projects/MyProject/Content/Abandoned_Building/Meshes/SM_Object_10.uasset" 4277
"../../../../../unreal projects/MyProject/Content/Abandoned_Building/Material_Instances/MI_Object_10.uasset" 4278
"../../../../../unreal projects/MyProject/Content/Abandoned_Building/Textures/T_Object_10_AO_R_MT.uasset" 4279
"../../../../../unreal projects/MyProject/Content/Abandoned_Building/Textures/T_Object_10_BC.uasset" 4280
"../../../../../unreal projects/MyProject/Content/Abandoned_Building/Textures/T_Object_10_N.uasset" 4281
"/Game/__ExternalActors__/ThirdPerson/Lvl_ThirdPerson/2/ET/SVC2R7R8MKJOWBQYQLMIDT" 4282
"../../../../../unreal projects/MyProject/Content/__ExternalActors__/ThirdPerson/Lvl_ThirdPerson/2/ET/SVC2R7R8MKJOWBQYQLMIDT.uasset" 4283
"/Game/__ExternalActors__/ThirdPerson/Lvl_ThirdPerson/2/EY/94PTBNKWMI4550KJDA0646" 4284
"../../../../../unreal projects/MyProject/Content/__ExternalActors__/ThirdPerson/Lvl_ThirdPerson/2/EY/94PTBNKWMI4550KJDA0646.uasset" 4285
"/Game/__ExternalActors__/ThirdPerson/Lvl_ThirdPerson/2/F7/F6FQA94VYCZS5292ZH9FI1" 4286
"../../../../../unreal projects/MyProject/Content/__ExternalActors__/ThirdPerson/Lvl_ThirdPerson/2/F7/F6FQA94VYCZS5292ZH9FI1.uasset" 4287
"../../../../../unreal projects/MyProject/Content/Abandoned_Building/Meshes/SM_Object_00.uasset" 4288
"../../../../../unreal projects/MyProject/Content/Abandoned_Building/Material_Instances/MI_Object_00.uasset" 4289
"/Game/__ExternalActors__/ThirdPerson/Lvl_ThirdPerson/2/G4/5EO41AGD6RBYB7L48R5U8U" 4290
"../../../../../unreal projects/MyProject/Content/__ExternalActors__/ThirdPerson/Lvl_ThirdPerson/2/G4/5EO41AGD6RBYB7L48R5U8U.uasset" 4291
"../../../../../unreal projects/MyProject/Content/Jumpscare/BP_ScareAI.uasset" 4292
"../../../../../unreal projects/MyProject/Content/Jumpscare/BP_Trigger.uasset" 4293
"../../../../../unreal projects/MyProject/Content/__ExternalActors__/ThirdPerson/Lvl_ThirdPerson/7/BG/6DVFDMVCZUMCTXYTKQ8GIL.uasset" 4294
"../../../../../unreal projects/MyProject/Content/ZombieAnimationPack/Animations/Mannequin_UE4/anim_Walk_C.uasset" 4295
"../../../../../unreal projects/MyProject/Content/Jumpscare/BPI_jumpscare1.uasset" 4296
"../../../../../unreal projects/MyProject/Content/Jumpscare/BPI_jumpscare3.uasset" 4297
"../../../../../unreal projects/MyProject/Content/Audio/witch-laugh-401713.uasset" 4298
"../../../../../unreal projects/MyProject/Content/Jumpscare/BP_camerashake.uasset" 4299
"/Game/__ExternalActors__/ThirdPerson/Lvl_ThirdPerson/8/RU/18S5ZIN6VOVHVONXKDYIA6" 4300
"../../../../../unreal projects/MyProject/Content/__ExternalActors__/ThirdPerson/Lvl_ThirdPerson/8/RU/18S5ZIN6VOVHVONXKDYIA6.uasset" 4301
"/Game/__ExternalActors__/ThirdPerson/Lvl_ThirdPerson/7/7I/F4UG3J862O46LBPFHFYI8M" 4302
"../../../../../unreal projects/MyProject/Content/__ExternalActors__/ThirdPerson/Lvl_ThirdPerson/7/7I/F4UG3J862O46LBPFHFYI8M.uasset" 4303
"/Game/__ExternalActors__/ThirdPerson/Lvl_ThirdPerson/6/A1/DOZ9XAF8W4UMOEX04YONQB" 4304
"../../../../../unreal projects/MyProject/Content/__ExternalActors__/ThirdPerson/Lvl_ThirdPerson/6/A1/DOZ9XAF8W4UMOEX04YONQB.uasset" 4305
"/Game/__ExternalActors__/ThirdPerson/Lvl_ThirdPerson/2/GA/F707F2XTUO842W9WQC7Y6X" 4306
"../../../../../unreal projects/MyProject/Content/__ExternalActors__/ThirdPerson/Lvl_ThirdPerson/2/GA/F707F2XTUO842W9WQC7Y6X.uasset" 4307
"/Game/__ExternalActors__/ThirdPerson/Lvl_ThirdPerson/2/H2/3QLDCZT1UD6Y8V9BKWEIYN" 4308
"../../../../../unreal projects/MyProject/Content/__ExternalActors__/ThirdPerson/Lvl_ThirdPerson/2/H2/3QLDCZT1UD6Y8V9BKWEIYN.uasset" 4309
"/Game/__ExternalActors__/ThirdPerson/Lvl_ThirdPerson/2/PD/JRYSZM1IM9SSZNN12ACV2O" 4310
"../../../../../unreal projects/MyProject/Content/__ExternalActors__/ThirdPerson/Lvl_ThirdPerson/2/PD/JRYSZM1IM9SSZNN12ACV2O.uasset" 4311
"/Game/__ExternalActors__/ThirdPerson/Lvl_ThirdPerson/2/RA/POXJRQXQ7EX99U2SL9CWRN" 4312
"../../../../../unreal projects/MyProject/Content/__ExternalActors__/ThirdPerson/Lvl_ThirdPerson/2/RA/POXJRQXQ7EX99U2SL9CWRN.uasset" 4313
"/Game/__ExternalActors__/ThirdPerson/Lvl_ThirdPerson/2/RC/2CPTC7I10D63RY6DPQ9AOJ" 4314
"../../../../../unreal projects/MyProject/Content/__ExternalActors__/ThirdPerson/Lvl_ThirdPerson/2/RC/2CPTC7I10D63RY6DPQ9AOJ.uasset" 4315
"/Game/__ExternalActors__/ThirdPerson/Lvl_ThirdPerson/2/TW/FVT6TGWBARHOU53IVD04S0" 4316
"../../../../../unreal projects/MyProject/Content/__ExternalActors__/ThirdPerson/Lvl_ThirdPerson/2/TW/FVT6TGWBARHOU53IVD04S0.uasset" 4317
"/Game/__ExternalActors__/ThirdPerson/Lvl_ThirdPerson/2/UB/5138IH97ES8L0AGV26F02I" 4318
"../../../../../unreal projects/MyProject/Content/__ExternalActors__/ThirdPerson/Lvl_ThirdPerson/2/UB/5138IH97ES8L0AGV26F02I.uasset" 4319
"/Game/__ExternalActors__/ThirdPerson/Lvl_ThirdPerson/2/VK/7HYA57JHEQO3YNVXZOWI9Y" 4320
"../../../../../unreal projects/MyProject/Content/__ExternalActors__/ThirdPerson/Lvl_ThirdPerson/2/VK/7HYA57JHEQO3YNVXZOWI9Y.uasset" 4321
"../../../../../unreal projects/MyProject/Content/PM_Metal.uasset" 4322
"/Game/__ExternalActors__/ThirdPerson/Lvl_ThirdPerson/3/0N/NTRPN55OWWUSD03K29ZOSH" 4323
"../../../../../unreal projects/MyProject/Content/__ExternalActors__/ThirdPerson/Lvl_ThirdPerson/3/0N/NTRPN55OWWUSD03K29ZOSH.uasset" 4324
"/Game/__ExternalActors__/ThirdPerson/Lvl_ThirdPerson/3/44/ZIUQLKGI67INIPBRNTS2TY" 4325
"../../../../../unreal projects/MyProject/Content/__ExternalActors__/ThirdPerson/Lvl_ThirdPerson/3/44/ZIUQLKGI67INIPBRNTS2TY.uasset" 4326
"/Game/__ExternalActors__/ThirdPerson/Lvl_ThirdPerson/3/5Y/Q2ZERCXHQPVHDGMJ62MM6J" 4327
"../../../../../unreal projects/MyProject/Content/__ExternalActors__/ThirdPerson/Lvl_ThirdPerson/3/5Y/Q2ZERCXHQPVHDGMJ62MM6J.uasset" 4328
"/Game/__ExternalActors__/ThirdPerson/Lvl_ThirdPerson/3/77/G858T7Y8KR9JWXJ77JIS4Y" 4329
"../../../../../unreal projects/MyProject/Content/__ExternalActors__/ThirdPerson/Lvl_ThirdPerson/3/77/G858T7Y8KR9JWXJ77JIS4Y.uasset" 4330
"/Game/__ExternalActors__/ThirdPerson/Lvl_ThirdPerson/3/8E/8FWG0JCA9KR9BQMOIC5CDV" 4331
"../../../../../unreal projects/MyProject/Content/__ExternalActors__/ThirdPerson/Lvl_ThirdPerson/3/8E/8FWG0JCA9KR9BQMOIC5CDV.uasset" 4332
"/Game/__ExternalActors__/ThirdPerson/Lvl_ThirdPerson/3/8F/NDZIIKZN2BDCV5IFQRVRIC" 4333
"../../../../../unreal projects/MyProject/Content/__ExternalActors__/ThirdPerson/Lvl_ThirdPerson/3/8F/NDZIIKZN2BDCV5IFQRVRIC.uasset" 4334
"../../../../../unreal projects/MyProject/Content/Abandoned_Building/Meshes/SM_Object_11.uasset" 4335
"../../../../../unreal projects/MyProject/Content/Abandoned_Building/Material_Instances/MI_Object_11.uasset" 4336
"../../../../../unreal projects/MyProject/Content/Abandoned_Building/Textures/T_Object_11_AO_R_MT.uasset" 4337
"../../../../../unreal projects/MyProject/Content/Abandoned_Building/Textures/T_Object_11_BC.uasset" 4338
"../../../../../unreal projects/MyProject/Content/Abandoned_Building/Textures/T_Object_11_N.uasset" 4339
"/Game/__ExternalActors__/ThirdPerson/Lvl_ThirdPerson/3/8R/E64MN4CJKDB9359BVVEFMC" 4340
"../../../../../unreal projects/MyProject/Content/__ExternalActors__/ThirdPerson/Lvl_ThirdPerson/3/8R/E64MN4CJKDB9359BVVEFMC.uasset" 4341
"/Game/__ExternalActors__/ThirdPerson/Lvl_ThirdPerson/3/9L/J6X8W516GVKL4ZRAUGFTN8" 4342
"../../../../../unreal projects/MyProject/Content/__ExternalActors__/ThirdPerson/Lvl_ThirdPerson/3/9L/J6X8W516GVKL4ZRAUGFTN8.uasset" 4343
"/Game/__ExternalActors__/ThirdPerson/Lvl_ThirdPerson/3/AK/7Q1J0RTJMESDNAV617DMOJ" 4344
"../../../../../unreal projects/MyProject/Content/__ExternalActors__/ThirdPerson/Lvl_ThirdPerson/3/AK/7Q1J0RTJMESDNAV617DMOJ.uasset" 4345
"/Game/__ExternalActors__/ThirdPerson/Lvl_ThirdPerson/3/C6/604H3O1W8ROGWDND0MERBQ" 4346
"../../../../../unreal projects/MyProject/Content/__ExternalActors__/ThirdPerson/Lvl_ThirdPerson/3/C6/604H3O1W8ROGWDND0MERBQ.uasset" 4347
"/Game/__ExternalActors__/ThirdPerson/Lvl_ThirdPerson/3/HR/Q0Z50ZCR70MFAY0V2HB97P" 4348
"../../../../../unreal projects/MyProject/Content/__ExternalActors__/ThirdPerson/Lvl_ThirdPerson/3/HR/Q0Z50ZCR70MFAY0V2HB97P.uasset" 4349
"/Game/__ExternalActors__/ThirdPerson/Lvl_ThirdPerson/3/JX/4EMBOF0GME4KWYSJ6OS5LG" 4350
"../../../../../unreal projects/MyProject/Content/__ExternalActors__/ThirdPerson/Lvl_ThirdPerson/3/JX/4EMBOF0GME4KWYSJ6OS5LG.uasset" 4351
"/Game/__ExternalActors__/ThirdPerson/Lvl_ThirdPerson/3/MA/41PWS7KABFWXPJW4TNUJXA" 4352
"../../../../../unreal projects/MyProject/Content/__ExternalActors__/ThirdPerson/Lvl_ThirdPerson/3/MA/41PWS7KABFWXPJW4TNUJXA.uasset" 4353
"/Game/__ExternalActors__/ThirdPerson/Lvl_ThirdPerson/3/PH/TZARNJT249OC966VUT43VG" 4354
"../../../../../unreal projects/MyProject/Content/__ExternalActors__/ThirdPerson/Lvl_ThirdPerson/3/PH/TZARNJT249OC966VUT43VG.uasset" 4355
"/Game/__ExternalActors__/ThirdPerson/Lvl_ThirdPerson/3/PZ/2BWV02GO6H3TSQ8XOUHDXZ" 4356
"../../../../../unreal projects/MyProject/Content/__ExternalActors__/ThirdPerson/Lvl_ThirdPerson/3/PZ/2BWV02GO6H3TSQ8XOUHDXZ.uasset" 4357
"../../../../../unreal projects/MyProject/Content/Abandoned_Building/Meshes/SM_AbandonedBuilding_06.uasset" 4358
"../../../../../unreal projects/MyProject/Content/Abandoned_Building/Material_Instances/MI_AbandonedBuilding_06.uasset" 4359
"../../../../../unreal projects/MyProject/Content/Abandoned_Building/Textures/T_AbandonedBuilding_06_AO_R_MT.uasset" 4360
"../../../../../unreal projects/MyProject/Content/Abandoned_Building/Textures/T_AbandonedBuilding_06_BC.uasset" 4361
"../../../../../unreal projects/MyProject/Content/Abandoned_Building/Textures/T_AbandonedBuilding_06_N.uasset" 4362
"/Game/__ExternalActors__/ThirdPerson/Lvl_ThirdPerson/3/V0/I5E4YTJ8ZMN7N22RJ4P04L" 4363
"../../../../../unreal projects/MyProject/Content/__ExternalActors__/ThirdPerson/Lvl_ThirdPerson/3/V0/I5E4YTJ8ZMN7N22RJ4P04L.uasset" 4364
"/Game/__ExternalActors__/ThirdPerson/Lvl_ThirdPerson/3/V1/M1SXABXRZQSH212D34T0NJ" 4365
"../../../../../unreal projects/MyProject/Content/__ExternalActors__/ThirdPerson/Lvl_ThirdPerson/3/V1/M1SXABXRZQSH212D34T0NJ.uasset" 4366
"/Game/__ExternalActors__/ThirdPerson/Lvl_ThirdPerson/3/X3/VEO3MHN2BFC7K2YZEF7B7Y" 4367
"../../../../../unreal projects/MyProject/Content/__ExternalActors__/ThirdPerson/Lvl_ThirdPerson/3/X3/VEO3MHN2BFC7K2YZEF7B7Y.uasset" 4368
"/Game/__ExternalActors__/ThirdPerson/Lvl_ThirdPerson/3/ZR/G9ZMLLRPG7LOXDN6X3AZ1G" 4369
"../../../../../unreal projects/MyProject/Content/__ExternalActors__/ThirdPerson/Lvl_ThirdPerson/3/ZR/G9ZMLLRPG7LOXDN6X3AZ1G.uasset" 4370
"/Game/__ExternalActors__/ThirdPerson/Lvl_ThirdPerson/4/0I/C6VEEZ8IQEVVN9VUJMETU6" 4371
"../../../../../unreal projects/MyProject/Content/__ExternalActors__/ThirdPerson/Lvl_ThirdPerson/4/0I/C6VEEZ8IQEVVN9VUJMETU6.uasset" 4372
"/Game/__ExternalActors__/ThirdPerson/Lvl_ThirdPerson/4/4A/MVXJ2D0824JI1C4UATM40S" 4373
"../../../../../unreal projects/MyProject/Content/__ExternalActors__/ThirdPerson/Lvl_ThirdPerson/4/4A/MVXJ2D0824JI1C4UATM40S.uasset" 4374
"/Game/__ExternalActors__/ThirdPerson/Lvl_ThirdPerson/4/63/OOO9FNDQ5W7SPO6MR3646V" 4375
"../../../../../unreal projects/MyProject/Content/__ExternalActors__/ThirdPerson/Lvl_ThirdPerson/4/63/OOO9FNDQ5W7SPO6MR3646V.uasset" 4376
"../../../../../unreal projects/MyProject/Content/Abandoned_Building/Meshes/SM_Ivy_wall_02.uasset" 4377
"/Game/__ExternalActors__/ThirdPerson/Lvl_ThirdPerson/4/6J/BA02KOHFL39UEDOFWAZ5R1" 4378
"../../../../../unreal projects/MyProject/Content/__ExternalActors__/ThirdPerson/Lvl_ThirdPerson/4/6J/BA02KOHFL39UEDOFWAZ5R1.uasset" 4379
"../../../../../unreal projects/MyProject/Content/Fab/Megascans/Surfaces/Swamp_Water_tgmjffbqx/Medium/tgmjffbqx_tier_2/Materials/MI_tgmjffbqx.uasset" 4380
"../../../../../unreal projects/MyProject/Content/PM_Water.uasset" 4381
"../../Plugins/Fab/Content/Materials/Standard/M_MS_Srf.uasset" 4382
"../../../../../unreal projects/MyProject/Content/Fab/Megascans/Surfaces/Swamp_Water_tgmjffbqx/Medium/tgmjffbqx_tier_2/Textures/T_tgmjffbqx_2K_B.uasset" 4383
"../../../../../unreal projects/MyProject/Content/Fab/Megascans/Surfaces/Swamp_Water_tgmjffbqx/Medium/tgmjffbqx_tier_2/Textures/T_tgmjffbqx_2K_N.uasset" 4384
"../../../../../unreal projects/MyProject/Content/Fab/Megascans/Surfaces/Swamp_Water_tgmjffbqx/Medium/tgmjffbqx_tier_2/Textures/T_tgmjffbqx_2K_ORM.uasset" 4385
"../../Plugins/Fab/Content/MaterialFunctions/QMF_AOAdjustments.uasset" 4386
"../../Plugins/Fab/Content/MaterialFunctions/QMF_BaseColorAdjustments.uasset" 4387
"../../Plugins/Fab/Content/MaterialFunctions/QMF_NormalAdjustments.uasset" 4388
"../../Plugins/Fab/Content/MaterialFunctions/QMF_RoughnessAdjustments.uasset" 4389
"../../Plugins/Fab/Content/MaterialFunctions/QMF_Tiling.uasset" 4390
"../../Plugins/Fab/Content/Textures/Standard/T_DefaultColor.uasset" 4391
"../../Plugins/Fab/Content/Textures/Standard/T_DefaultDisplacement.uasset" 4392
"../../Plugins/Fab/Content/Textures/Standard/T_DefaultMasks.uasset" 4393
"../../Plugins/Fab/Content/Textures/Standard/T_DefaultNormal.uasset" 4394
"/Game/__ExternalActors__/ThirdPerson/Lvl_ThirdPerson/4/8G/8QJN713GP5RU1HEYYQOB74" 4395
"../../../../../unreal projects/MyProject/Content/__ExternalActors__/ThirdPerson/Lvl_ThirdPerson/4/8G/8QJN713GP5RU1HEYYQOB74.uasset" 4396
"/Game/__ExternalActors__/ThirdPerson/Lvl_ThirdPerson/4/8T/N197EULU78GXNF5DV41DST" 4397
"../../../../../unreal projects/MyProject/Content/__ExternalActors__/ThirdPerson/Lvl_ThirdPerson/4/8T/N197EULU78GXNF5DV41DST.uasset" 4398
"/Game/__ExternalActors__/ThirdPerson/Lvl_ThirdPerson/4/93/YQNCONBLE8VK3IZTEYKXTE" 4399
"../../../../../unreal projects/MyProject/Content/__ExternalActors__/ThirdPerson/Lvl_ThirdPerson/4/93/YQNCONBLE8VK3IZTEYKXTE.uasset" 4400
"../../../../../unreal projects/MyProject/Content/Abandoned_Building/Meshes/SM_AbandonedBuilding_01.uasset" 4401
"../../../../../unreal projects/MyProject/Content/Abandoned_Building/Material_Instances/MI_AbandonedBuilding_01.uasset" 4402
"../../../../../unreal projects/MyProject/Content/Abandoned_Building/Textures/T_AbandonedBuilding_01_AO_R_MT.uasset" 4403
"../../../../../unreal projects/MyProject/Content/Abandoned_Building/Textures/T_AbandonedBuilding_01_BC.uasset" 4404
"../../../../../unreal projects/MyProject/Content/Abandoned_Building/Textures/T_AbandonedBuilding_01_N.uasset" 4405
"/Game/__ExternalActors__/ThirdPerson/Lvl_ThirdPerson/4/9S/I0V5MT0ADIZUDO6LCKVQXA" 4406
"../../../../../unreal projects/MyProject/Content/__ExternalActors__/ThirdPerson/Lvl_ThirdPerson/4/9S/I0V5MT0ADIZUDO6LCKVQXA.uasset" 4407
"/Game/__ExternalActors__/ThirdPerson/Lvl_ThirdPerson/4/BK/XM39GJQI02JN7QXKG6K7Y9" 4408
"../../../../../unreal projects/MyProject/Content/__ExternalActors__/ThirdPerson/Lvl_ThirdPerson/4/BK/XM39GJQI02JN7QXKG6K7Y9.uasset" 4409
"/Game/__ExternalActors__/ThirdPerson/Lvl_ThirdPerson/4/GA/3UY6DGSVEX8BSUWICZ5MYX" 4410
"../../../../../unreal projects/MyProject/Content/__ExternalActors__/ThirdPerson/Lvl_ThirdPerson/4/GA/3UY6DGSVEX8BSUWICZ5MYX.uasset" 4411
"/Game/__ExternalActors__/ThirdPerson/Lvl_ThirdPerson/4/H1/QEX1O4KGL51AHQT9D3VHDI" 4412
"../../../../../unreal projects/MyProject/Content/__ExternalActors__/ThirdPerson/Lvl_ThirdPerson/4/H1/QEX1O4KGL51AHQT9D3VHDI.uasset" 4413
"/Game/__ExternalActors__/ThirdPerson/Lvl_ThirdPerson/4/H7/RV8EKJA1G4KA4KBV1XO08P" 4414
"../../../../../unreal projects/MyProject/Content/__ExternalActors__/ThirdPerson/Lvl_ThirdPerson/4/H7/RV8EKJA1G4KA4KBV1XO08P.uasset" 4415
"/Game/__ExternalActors__/ThirdPerson/Lvl_ThirdPerson/4/JG/B6VVRG80DBB0IAM8IQ2LFC" 4416
"../../../../../unreal projects/MyProject/Content/__ExternalActors__/ThirdPerson/Lvl_ThirdPerson/4/JG/B6VVRG80DBB0IAM8IQ2LFC.uasset" 4417
"/Game/__ExternalActors__/ThirdPerson/Lvl_ThirdPerson/4/K3/WE2B8N04JBQBHOY028R6VQ" 4418
"../../../../../unreal projects/MyProject/Content/__ExternalActors__/ThirdPerson/Lvl_ThirdPerson/4/K3/WE2B8N04JBQBHOY028R6VQ.uasset" 4419
"/Game/__ExternalActors__/ThirdPerson/Lvl_ThirdPerson/4/KM/Q5CCJ5C4SF9WJQP9ZTGNAT" 4420
"../../../../../unreal projects/MyProject/Content/__ExternalActors__/ThirdPerson/Lvl_ThirdPerson/4/KM/Q5CCJ5C4SF9WJQP9ZTGNAT.uasset" 4421
"../../../../../unreal projects/MyProject/Content/Abandoned_Building/Meshes/SM_Garbige_12.uasset" 4422
"/Game/__ExternalActors__/ThirdPerson/Lvl_ThirdPerson/4/LO/JOHVTQKWBJO67P8SFG0LA4" 4423
"../../../../../unreal projects/MyProject/Content/__ExternalActors__/ThirdPerson/Lvl_ThirdPerson/4/LO/JOHVTQKWBJO67P8SFG0LA4.uasset" 4424
"/Game/__ExternalActors__/ThirdPerson/Lvl_ThirdPerson/4/M2/U3UOU882ZPAS8WIZXPQY8U" 4425
"../../../../../unreal projects/MyProject/Content/__ExternalActors__/ThirdPerson/Lvl_ThirdPerson/4/M2/U3UOU882ZPAS8WIZXPQY8U.uasset" 4426
"/Game/__ExternalActors__/ThirdPerson/Lvl_ThirdPerson/4/PX/HTB4JRFSDMAP88HVHYJ1VW" 4427
"../../../../../unreal projects/MyProject/Content/__ExternalActors__/ThirdPerson/Lvl_ThirdPerson/4/PX/HTB4JRFSDMAP88HVHYJ1VW.uasset" 4428
"/Game/__ExternalActors__/ThirdPerson/Lvl_ThirdPerson/4/PY/E4FPRDC8K9XORLRUJP2HHW" 4429
"../../../../../unreal projects/MyProject/Content/__ExternalActors__/ThirdPerson/Lvl_ThirdPerson/4/PY/E4FPRDC8K9XORLRUJP2HHW.uasset" 4430
"/Game/__ExternalActors__/ThirdPerson/Lvl_ThirdPerson/4/Q4/KNPBZSE63UNWV4664DZOJQ" 4431
"../../../../../unreal projects/MyProject/Content/__ExternalActors__/ThirdPerson/Lvl_ThirdPerson/4/Q4/KNPBZSE63UNWV4664DZOJQ.uasset" 4432
"/Game/__ExternalActors__/ThirdPerson/Lvl_ThirdPerson/4/QK/P0PJMB61170YRVDO4U0LRT" 4433
"../../../../../unreal projects/MyProject/Content/__ExternalActors__/ThirdPerson/Lvl_ThirdPerson/4/QK/P0PJMB61170YRVDO4U0LRT.uasset" 4434
"/Game/__ExternalActors__/ThirdPerson/Lvl_ThirdPerson/4/T8/USB2558F91HR6U60J9W6NC" 4435
"../../../../../unreal projects/MyProject/Content/__ExternalActors__/ThirdPerson/Lvl_ThirdPerson/4/T8/USB2558F91HR6U60J9W6NC.uasset" 4436
"/Game/__ExternalActors__/ThirdPerson/Lvl_ThirdPerson/4/TM/R6CUWGBG2XW4MER7LZVD8B" 4437
"../../../../../unreal projects/MyProject/Content/__ExternalActors__/ThirdPerson/Lvl_ThirdPerson/4/TM/R6CUWGBG2XW4MER7LZVD8B.uasset" 4438
"/Game/__ExternalActors__/ThirdPerson/Lvl_ThirdPerson/4/UF/VMNXGQZLQDBM4C9H1F0ZL0" 4439
"../../../../../unreal projects/MyProject/Content/__ExternalActors__/ThirdPerson/Lvl_ThirdPerson/4/UF/VMNXGQZLQDBM4C9H1F0ZL0.uasset" 4440
"/Game/__ExternalActors__/ThirdPerson/Lvl_ThirdPerson/4/UZ/G9MFXJSBUGWPHN1QKDYBRK" 4441
"../../../../../unreal projects/MyProject/Content/__ExternalActors__/ThirdPerson/Lvl_ThirdPerson/4/UZ/G9MFXJSBUGWPHN1QKDYBRK.uasset" 4442
"/Game/__ExternalActors__/ThirdPerson/Lvl_ThirdPerson/4/ZH/V38UYSIOSJUN7HDOKWYJQF" 4443
"../../../../../unreal projects/MyProject/Content/__ExternalActors__/ThirdPerson/Lvl_ThirdPerson/4/ZH/V38UYSIOSJUN7HDOKWYJQF.uasset" 4444
"/Game/__ExternalActors__/ThirdPerson/Lvl_ThirdPerson/5/11/9AW0JO48OLG8HNWVV2FFUG" 4445
"../../../../../unreal projects/MyProject/Content/__ExternalActors__/ThirdPerson/Lvl_ThirdPerson/5/11/9AW0JO48OLG8HNWVV2FFUG.uasset" 4446
"/Game/__ExternalActors__/ThirdPerson/Lvl_ThirdPerson/5/13/IU9Y9OH3P8P3ZDDI1CYYL1" 4447
"../../../../../unreal projects/MyProject/Content/__ExternalActors__/ThirdPerson/Lvl_ThirdPerson/5/13/IU9Y9OH3P8P3ZDDI1CYYL1.uasset" 4448
"/Game/__ExternalActors__/ThirdPerson/Lvl_ThirdPerson/5/15/N6BLJQ3JQ2CBDBE6RU58LU" 4449
"../../../../../unreal projects/MyProject/Content/__ExternalActors__/ThirdPerson/Lvl_ThirdPerson/5/15/N6BLJQ3JQ2CBDBE6RU58LU.uasset" 4450
"/Game/__ExternalActors__/ThirdPerson/Lvl_ThirdPerson/5/4B/7DAEWGVR5HIEOG4PHH3YH9" 4451
"../../../../../unreal projects/MyProject/Content/__ExternalActors__/ThirdPerson/Lvl_ThirdPerson/5/4B/7DAEWGVR5HIEOG4PHH3YH9.uasset" 4452
"/Game/__ExternalActors__/ThirdPerson/Lvl_ThirdPerson/5/62/RR3UOLNPWZL7PRZZHM7UGX" 4453
"../../../../../unreal projects/MyProject/Content/__ExternalActors__/ThirdPerson/Lvl_ThirdPerson/5/62/RR3UOLNPWZL7PRZZHM7UGX.uasset" 4454
"/Game/__ExternalActors__/ThirdPerson/Lvl_ThirdPerson/5/7E/CR9E5LYL43VDMGA35U4RUX" 4455
"../../../../../unreal projects/MyProject/Content/__ExternalActors__/ThirdPerson/Lvl_ThirdPerson/5/7E/CR9E5LYL43VDMGA35U4RUX.uasset" 4456
"/Game/__ExternalActors__/ThirdPerson/Lvl_ThirdPerson/5/9L/S82NIE3UMUSEBVH9VBTISO" 4457
"../../../../../unreal projects/MyProject/Content/__ExternalActors__/ThirdPerson/Lvl_ThirdPerson/5/9L/S82NIE3UMUSEBVH9VBTISO.uasset" 4458
"/Game/__ExternalActors__/ThirdPerson/Lvl_ThirdPerson/5/9U/5EHQ40VWML23DYLPHSBLCP" 4459
"../../../../../unreal projects/MyProject/Content/__ExternalActors__/ThirdPerson/Lvl_ThirdPerson/5/9U/5EHQ40VWML23DYLPHSBLCP.uasset" 4460
"/Game/__ExternalActors__/ThirdPerson/Lvl_ThirdPerson/5/C6/G5XFPXKHXNIGJO8MNR7OYY" 4461
"../../../../../unreal projects/MyProject/Content/__ExternalActors__/ThirdPerson/Lvl_ThirdPerson/5/C6/G5XFPXKHXNIGJO8MNR7OYY.uasset" 4462
"/Game/__ExternalActors__/ThirdPerson/Lvl_ThirdPerson/5/C8/I5SY7V9SGGVNR2CK8B5MYA" 4463
"../../../../../unreal projects/MyProject/Content/__ExternalActors__/ThirdPerson/Lvl_ThirdPerson/5/C8/I5SY7V9SGGVNR2CK8B5MYA.uasset" 4464
"/Game/__ExternalActors__/ThirdPerson/Lvl_ThirdPerson/5/D4/PIOSW3FHJ48RVDM95MP54G" 4465
"../../../../../unreal projects/MyProject/Content/__ExternalActors__/ThirdPerson/Lvl_ThirdPerson/5/D4/PIOSW3FHJ48RVDM95MP54G.uasset" 4466
"/Game/__ExternalActors__/ThirdPerson/Lvl_ThirdPerson/5/FK/EZZJ8YJOUCZ0ZM3ZOG61YY" 4467
"../../../../../unreal projects/MyProject/Content/__ExternalActors__/ThirdPerson/Lvl_ThirdPerson/5/FK/EZZJ8YJOUCZ0ZM3ZOG61YY.uasset" 4468
"/Game/__ExternalActors__/ThirdPerson/Lvl_ThirdPerson/5/FW/2USJ11TY6LCO7OUJUKNPC5" 4469
"../../../../../unreal projects/MyProject/Content/__ExternalActors__/ThirdPerson/Lvl_ThirdPerson/5/FW/2USJ11TY6LCO7OUJUKNPC5.uasset" 4470
"/Game/__ExternalActors__/ThirdPerson/Lvl_ThirdPerson/5/H6/1N4L4FS5JUDJ4BT4BXOYDS" 4471
"../../../../../unreal projects/MyProject/Content/__ExternalActors__/ThirdPerson/Lvl_ThirdPerson/5/H6/1N4L4FS5JUDJ4BT4BXOYDS.uasset" 4472
"/Game/__ExternalActors__/ThirdPerson/Lvl_ThirdPerson/5/IO/OM5ERO3ALFHOR0HHYECCPD" 4473
"../../../../../unreal projects/MyProject/Content/__ExternalActors__/ThirdPerson/Lvl_ThirdPerson/5/IO/OM5ERO3ALFHOR0HHYECCPD.uasset" 4474
"../../../../../unreal projects/MyProject/Content/Abandoned_Building/Meshes/SM_Garbige_05.uasset" 4475
"/Game/__ExternalActors__/ThirdPerson/Lvl_ThirdPerson/5/IZ/FDJ21PY6XPAAXO9SDCZKMU" 4476
"../../../../../unreal projects/MyProject/Content/__ExternalActors__/ThirdPerson/Lvl_ThirdPerson/5/IZ/FDJ21PY6XPAAXO9SDCZKMU.uasset" 4477
"/Game/__ExternalActors__/ThirdPerson/Lvl_ThirdPerson/5/MT/I2S7AY96BTXLX46NQ81LSO" 4478
"../../../../../unreal projects/MyProject/Content/__ExternalActors__/ThirdPerson/Lvl_ThirdPerson/5/MT/I2S7AY96BTXLX46NQ81LSO.uasset" 4479
"/Game/__ExternalActors__/ThirdPerson/Lvl_ThirdPerson/5/OC/PBFF0CBMPO4S588HSVXIV3" 4480
"../../../../../unreal projects/MyProject/Content/__ExternalActors__/ThirdPerson/Lvl_ThirdPerson/5/OC/PBFF0CBMPO4S588HSVXIV3.uasset" 4481
"/Game/__ExternalActors__/ThirdPerson/Lvl_ThirdPerson/5/OO/OBFQ31CAK1U0GNFD0VM2IZ" 4482
"../../../../../unreal projects/MyProject/Content/__ExternalActors__/ThirdPerson/Lvl_ThirdPerson/5/OO/OBFQ31CAK1U0GNFD0VM2IZ.uasset" 4483
"../../../../../unreal projects/MyProject/Content/Abandoned_Building/Meshes/SM_Garbige_18.uasset" 4484
"/Game/__ExternalActors__/ThirdPerson/Lvl_ThirdPerson/5/QC/6X2VRF0HX10MHY3ER4V8GG" 4485
"../../../../../unreal projects/MyProject/Content/__ExternalActors__/ThirdPerson/Lvl_ThirdPerson/5/QC/6X2VRF0HX10MHY3ER4V8GG.uasset" 4486
"/Game/__ExternalActors__/ThirdPerson/Lvl_ThirdPerson/5/SV/MD92A35DKJSZFKQON0HGFJ" 4487
"../../../../../unreal projects/MyProject/Content/__ExternalActors__/ThirdPerson/Lvl_ThirdPerson/5/SV/MD92A35DKJSZFKQON0HGFJ.uasset" 4488
"/Game/__ExternalActors__/ThirdPerson/Lvl_ThirdPerson/5/UN/J79SUGZQN726RVY6NJXUFT" 4489
"../../../../../unreal projects/MyProject/Content/__ExternalActors__/ThirdPerson/Lvl_ThirdPerson/5/UN/J79SUGZQN726RVY6NJXUFT.uasset" 4490
"/Game/__ExternalActors__/ThirdPerson/Lvl_ThirdPerson/5/UZ/5LL3J5KVD6F0G443QUWQER" 4491
"../../../../../unreal projects/MyProject/Content/__ExternalActors__/ThirdPerson/Lvl_ThirdPerson/5/UZ/5LL3J5KVD6F0G443QUWQER.uasset" 4492
"/Game/__ExternalActors__/ThirdPerson/Lvl_ThirdPerson/5/VK/5DFIHQ9EIXQRRR3K90E3R0" 4493
"../../../../../unreal projects/MyProject/Content/__ExternalActors__/ThirdPerson/Lvl_ThirdPerson/5/VK/5DFIHQ9EIXQRRR3K90E3R0.uasset" 4494
"/Game/__ExternalActors__/ThirdPerson/Lvl_ThirdPerson/5/Y9/HZAKTPIQXUOOZ058HND88F" 4495
"../../../../../unreal projects/MyProject/Content/__ExternalActors__/ThirdPerson/Lvl_ThirdPerson/5/Y9/HZAKTPIQXUOOZ058HND88F.uasset" 4496
"/Game/__ExternalActors__/ThirdPerson/Lvl_ThirdPerson/6/21/801KKUVL7Y7UEZWTUQLZQJ" 4497
"../../../../../unreal projects/MyProject/Content/__ExternalActors__/ThirdPerson/Lvl_ThirdPerson/6/21/801KKUVL7Y7UEZWTUQLZQJ.uasset" 4498
"../../../../../unreal projects/MyProject/Content/Abandoned_Building/Materials/MI_Sticks_Large_00.uasset" 4499
"../../../../../unreal projects/MyProject/Content/Fab/Simple_Burlap_Pin_Effigy/simple_burlap_pin_effigy/Materials/Simple_Berlap_Pin_Effigy.uasset" 4500
"../../../../../unreal projects/MyProject/Content/Fab/SculptJanuary2021_-_Day_27_-_Dead_Eyes/sculptjanuary2021_day_27_dead_eyes/StaticMeshes/sculptjanuary2021_day_27_dead_eyes.uasset" 4501
"../../../../../unreal projects/MyProject/Content/Abandoned_Building/Materials/M_Rocks_Base.uasset" 4502
"../../../Engine/Content/EngineDebugMaterials/HeatmapGradient.uasset" 4503
"../../../../../unreal projects/MyProject/Content/Abandoned_Building/Textures/T_Detail_N.uasset" 4504
"../../../../../unreal projects/MyProject/Content/Abandoned_Building/Textures/T_Grass_N.uasset" 4505
"../../../../../unreal projects/MyProject/Content/Abandoned_Building/Textures/T_Rocks_Small_AO_R_MT.uasset" 4506
"../../../../../unreal projects/MyProject/Content/Abandoned_Building/Textures/T_Rocks_Small_BC.uasset" 4507
"../../../../../unreal projects/MyProject/Content/Abandoned_Building/Textures/T_Rocks_Small_N.uasset" 4508
"../../../../../unreal projects/MyProject/Content/Abandoned_Building/Textures/T_Sticks_Large_00_AO_R_MT.uasset" 4509
"../../../../../unreal projects/MyProject/Content/Abandoned_Building/Textures/T_Sticks_Large_00_BC.uasset" 4510
"../../../../../unreal projects/MyProject/Content/Fab/Simple_Burlap_Pin_Effigy/simple_burlap_pin_effigy/Textures/simple_burlap_pin_effigy_texture_0.uasset" 4511
"../../../../../unreal projects/MyProject/Content/Fab/Simple_Burlap_Pin_Effigy/simple_burlap_pin_effigy/Textures/simple_burlap_pin_effigy_texture_1.uasset" 4512
"../../../../../unreal projects/MyProject/Content/Fab/Simple_Burlap_Pin_Effigy/simple_burlap_pin_effigy/Textures/simple_burlap_pin_effigy_texture_2.uasset" 4513
"../../../../../unreal projects/MyProject/Content/Fab/SculptJanuary2021_-_Day_27_-_Dead_Eyes/sculptjanuary2021_day_27_dead_eyes/Materials/dead_eyes.uasset" 4514
"../../../../../unreal projects/MyProject/Content/Fab/SculptJanuary2021_-_Day_27_-_Dead_Eyes/sculptjanuary2021_day_27_dead_eyes/Materials/flesh.uasset" 4515
"../../../../../unreal projects/MyProject/Content/Fab/SculptJanuary2021_-_Day_27_-_Dead_Eyes/sculptjanuary2021_day_27_dead_eyes/Materials/wood.uasset" 4516
"../../../Engine/Content/Functions/Engine_MaterialFunctions01/AlphaBlend/WorldAlignedBlend.uasset" 4517
"../../../Engine/Content/Functions/Engine_MaterialFunctions01/ImageAdjustment/CheapContrast_RGB.uasset" 4518
"../../../Engine/Content/Functions/Engine_MaterialFunctions02/Math/AddComponents.uasset" 4519
"../../../Engine/Content/Functions/Engine_MaterialFunctions02/Texturing/ScreenAlignedPixelToPixelUVs.uasset" 4520
"../../../Engine/Content/Functions/Engine_MaterialFunctions02/Utility/DitherTemporalAA.uasset" 4521
"/Game/__ExternalActors__/ThirdPerson/Lvl_ThirdPerson/6/2P/8SCOP2E2C8PI6ML3R9UOSB" 4522
"../../../../../unreal projects/MyProject/Content/__ExternalActors__/ThirdPerson/Lvl_ThirdPerson/6/2P/8SCOP2E2C8PI6ML3R9UOSB.uasset" 4523
"/Game/__ExternalActors__/ThirdPerson/Lvl_ThirdPerson/6/36/2KCAT35GTFAUKN1IZ5NX37" 4524
"../../../../../unreal projects/MyProject/Content/__ExternalActors__/ThirdPerson/Lvl_ThirdPerson/6/36/2KCAT35GTFAUKN1IZ5NX37.uasset" 4525
"/Game/__ExternalActors__/ThirdPerson/Lvl_ThirdPerson/6/3K/O6004MUS31N091P7M1BRVN" 4526
"../../../../../unreal projects/MyProject/Content/__ExternalActors__/ThirdPerson/Lvl_ThirdPerson/6/3K/O6004MUS31N091P7M1BRVN.uasset" 4527
"/Game/__ExternalActors__/ThirdPerson/Lvl_ThirdPerson/6/3O/2XP6TKYB1VXI0A8OUYNJCX" 4528
"../../../../../unreal projects/MyProject/Content/__ExternalActors__/ThirdPerson/Lvl_ThirdPerson/6/3O/2XP6TKYB1VXI0A8OUYNJCX.uasset" 4529
"/Game/__ExternalActors__/ThirdPerson/Lvl_ThirdPerson/6/5Z/S71EJXACXX2IF62BSZEG14" 4530
"../../../../../unreal projects/MyProject/Content/__ExternalActors__/ThirdPerson/Lvl_ThirdPerson/6/5Z/S71EJXACXX2IF62BSZEG14.uasset" 4531
"/Game/__ExternalActors__/ThirdPerson/Lvl_ThirdPerson/6/6A/LVMAWEIPEOC4SMZ0874L8X" 4532
"../../../../../unreal projects/MyProject/Content/__ExternalActors__/ThirdPerson/Lvl_ThirdPerson/6/6A/LVMAWEIPEOC4SMZ0874L8X.uasset" 4533
"/Game/__ExternalActors__/ThirdPerson/Lvl_ThirdPerson/6/83/D8GNKQWOPSSRJ5DJKVQGHX" 4534
"../../../../../unreal projects/MyProject/Content/__ExternalActors__/ThirdPerson/Lvl_ThirdPerson/6/83/D8GNKQWOPSSRJ5DJKVQGHX.uasset" 4535
"/Game/__ExternalActors__/ThirdPerson/Lvl_ThirdPerson/6/8N/ZGN23XVMWE6RM1WNJWRDI7" 4536
"../../../../../unreal projects/MyProject/Content/__ExternalActors__/ThirdPerson/Lvl_ThirdPerson/6/8N/ZGN23XVMWE6RM1WNJWRDI7.uasset" 4537
"/Game/__ExternalActors__/ThirdPerson/Lvl_ThirdPerson/6/9O/5AICDFDNIM9OPPMC9RAEOX" 4538
"../../../../../unreal projects/MyProject/Content/__ExternalActors__/ThirdPerson/Lvl_ThirdPerson/6/9O/5AICDFDNIM9OPPMC9RAEOX.uasset" 4539
"/Game/__ExternalActors__/ThirdPerson/Lvl_ThirdPerson/6/CU/F1BGI4AB14NR1N8DVBT4TJ" 4540
"../../../../../unreal projects/MyProject/Content/__ExternalActors__/ThirdPerson/Lvl_ThirdPerson/6/CU/F1BGI4AB14NR1N8DVBT4TJ.uasset" 4541
"/Game/__ExternalActors__/ThirdPerson/Lvl_ThirdPerson/6/FN/OO1D1Z8I5LSN0T7Z75NPX1" 4542
"../../../../../unreal projects/MyProject/Content/__ExternalActors__/ThirdPerson/Lvl_ThirdPerson/6/FN/OO1D1Z8I5LSN0T7Z75NPX1.uasset" 4543
"/Game/__ExternalActors__/ThirdPerson/Lvl_ThirdPerson/6/GO/M3EIT2SIRNX8M24T20H7TC" 4544
"../../../../../unreal projects/MyProject/Content/__ExternalActors__/ThirdPerson/Lvl_ThirdPerson/6/GO/M3EIT2SIRNX8M24T20H7TC.uasset" 4545
"/Game/__ExternalActors__/ThirdPerson/Lvl_ThirdPerson/6/GQ/JGIJ6911YWGKRT0YG8BHGO" 4546
"../../../../../unreal projects/MyProject/Content/__ExternalActors__/ThirdPerson/Lvl_ThirdPerson/6/GQ/JGIJ6911YWGKRT0YG8BHGO.uasset" 4547
"/Game/__ExternalActors__/ThirdPerson/Lvl_ThirdPerson/6/IQ/O5LKPQY04MCK4TN4ZYA6M8" 4548
"../../../../../unreal projects/MyProject/Content/__ExternalActors__/ThirdPerson/Lvl_ThirdPerson/6/IQ/O5LKPQY04MCK4TN4ZYA6M8.uasset" 4549
"/Game/__ExternalActors__/ThirdPerson/Lvl_ThirdPerson/6/IZ/4UWR6Z05WLJCZ9PG04QYKS" 4550
"../../../../../unreal projects/MyProject/Content/__ExternalActors__/ThirdPerson/Lvl_ThirdPerson/6/IZ/4UWR6Z05WLJCZ9PG04QYKS.uasset" 4551
"/Game/__ExternalActors__/ThirdPerson/Lvl_ThirdPerson/6/OR/3CAP53CON1JPGYGZT19TZR" 4552
"../../../../../unreal projects/MyProject/Content/__ExternalActors__/ThirdPerson/Lvl_ThirdPerson/6/OR/3CAP53CON1JPGYGZT19TZR.uasset" 4553
"/Game/__ExternalActors__/ThirdPerson/Lvl_ThirdPerson/6/Q2/M5LVKMZE4Q9XX2VCDBWWYZ" 4554
"../../../../../unreal projects/MyProject/Content/__ExternalActors__/ThirdPerson/Lvl_ThirdPerson/6/Q2/M5LVKMZE4Q9XX2VCDBWWYZ.uasset" 4555
"/Game/__ExternalActors__/ThirdPerson/Lvl_ThirdPerson/6/SY/DZTOOM06PRHTT528WRWEPH" 4556
"../../../../../unreal projects/MyProject/Content/__ExternalActors__/ThirdPerson/Lvl_ThirdPerson/6/SY/DZTOOM06PRHTT528WRWEPH.uasset" 4557
"/Game/__ExternalActors__/ThirdPerson/Lvl_ThirdPerson/6/T8/876KPBL4H9M0ZQ3Y7CRT6S" 4558
"../../../../../unreal projects/MyProject/Content/__ExternalActors__/ThirdPerson/Lvl_ThirdPerson/6/T8/876KPBL4H9M0ZQ3Y7CRT6S.uasset" 4559
"/Game/__ExternalActors__/ThirdPerson/Lvl_ThirdPerson/6/TN/KY5U1QBWU6Y42RQBDY04J4" 4560
"../../../../../unreal projects/MyProject/Content/__ExternalActors__/ThirdPerson/Lvl_ThirdPerson/6/TN/KY5U1QBWU6Y42RQBDY04J4.uasset" 4561
"/Game/__ExternalActors__/ThirdPerson/Lvl_ThirdPerson/6/V4/ZYSU3SXMZDEQSGIXO5F9V0" 4562
"../../../../../unreal projects/MyProject/Content/__ExternalActors__/ThirdPerson/Lvl_ThirdPerson/6/V4/ZYSU3SXMZDEQSGIXO5F9V0.uasset" 4563
"/Game/__ExternalActors__/ThirdPerson/Lvl_ThirdPerson/6/X9/SU4IIZ5LX7GYLEQQY0J8RZ" 4564
"../../../../../unreal projects/MyProject/Content/__ExternalActors__/ThirdPerson/Lvl_ThirdPerson/6/X9/SU4IIZ5LX7GYLEQQY0J8RZ.uasset" 4565
"/Game/__ExternalActors__/ThirdPerson/Lvl_ThirdPerson/6/Y2/31MT3LF249BPFX974X651Q" 4566
"../../../../../unreal projects/MyProject/Content/__ExternalActors__/ThirdPerson/Lvl_ThirdPerson/6/Y2/31MT3LF249BPFX974X651Q.uasset" 4567
"/Game/__ExternalActors__/ThirdPerson/Lvl_ThirdPerson/6/ZF/411RLITOGMFRF8LY7NTL4M" 4568
"../../../../../unreal projects/MyProject/Content/__ExternalActors__/ThirdPerson/Lvl_ThirdPerson/6/ZF/411RLITOGMFRF8LY7NTL4M.uasset" 4569
"../../../../../unreal projects/MyProject/Content/Abandoned_Building/Meshes/SM_Object_03.uasset" 4570
"../../../../../unreal projects/MyProject/Content/Abandoned_Building/Material_Instances/MI_Object_03.uasset" 4571
"../../../../../unreal projects/MyProject/Content/Abandoned_Building/Textures/T_Object_03_AO_R_MT.uasset" 4572
"../../../../../unreal projects/MyProject/Content/Abandoned_Building/Textures/T_Object_03_BC.uasset" 4573
"../../../../../unreal projects/MyProject/Content/Abandoned_Building/Textures/T_Object_03_N.uasset" 4574
"/Game/__ExternalActors__/ThirdPerson/Lvl_ThirdPerson/7/0U/RGRII0SJOVMUKY17EBLKHO" 4575
"../../../../../unreal projects/MyProject/Content/__ExternalActors__/ThirdPerson/Lvl_ThirdPerson/7/0U/RGRII0SJOVMUKY17EBLKHO.uasset" 4576
"/Game/__ExternalActors__/ThirdPerson/Lvl_ThirdPerson/7/1W/A36V0AX69SSICWND7FD1KH" 4577
"../../../../../unreal projects/MyProject/Content/__ExternalActors__/ThirdPerson/Lvl_ThirdPerson/7/1W/A36V0AX69SSICWND7FD1KH.uasset" 4578
"/Game/__ExternalActors__/ThirdPerson/Lvl_ThirdPerson/7/29/X1ASZ7AZC1XMC4MNYYL2XM" 4579
"../../../../../unreal projects/MyProject/Content/__ExternalActors__/ThirdPerson/Lvl_ThirdPerson/7/29/X1ASZ7AZC1XMC4MNYYL2XM.uasset" 4580
"/Game/__ExternalActors__/ThirdPerson/Lvl_ThirdPerson/7/4X/G4ADLSVCYR7ECY2EL66QEK" 4581
"../../../../../unreal projects/MyProject/Content/__ExternalActors__/ThirdPerson/Lvl_ThirdPerson/7/4X/G4ADLSVCYR7ECY2EL66QEK.uasset" 4582
"../../../../../unreal projects/MyProject/Content/Blueprints/BP_Drawer.uasset" 4583
"../../../../../unreal projects/MyProject/Content/Abandoned_Building/Meshes/SM_AbandonedBuilding_00.uasset" 4584
"../../../../../unreal projects/MyProject/Content/Abandoned_Building/Meshes/SM_AbandonedBuilding_10.uasset" 4585
"../../../../../unreal projects/MyProject/Content/Abandoned_Building/Material_Instances/MI_AbandonedBuilding_00.uasset" 4586
"../../../../../unreal projects/MyProject/Content/Abandoned_Building/Material_Instances/MI_AbandonedBuilding_10.uasset" 4587
"../../../../../unreal projects/MyProject/Content/Abandoned_Building/Textures/T_AbandonedBuilding_10_AO_R_MT.uasset" 4588
"../../../../../unreal projects/MyProject/Content/Abandoned_Building/Textures/T_AbandonedBuilding_10_BC.uasset" 4589
"../../../../../unreal projects/MyProject/Content/Abandoned_Building/Textures/T_AbandonedBuilding_10_N.uasset" 4590
"/Game/__ExternalActors__/ThirdPerson/Lvl_ThirdPerson/7/58/LKW2WL9XQPRDQPXXYEOKZZ" 4591
"../../../../../unreal projects/MyProject/Content/__ExternalActors__/ThirdPerson/Lvl_ThirdPerson/7/58/LKW2WL9XQPRDQPXXYEOKZZ.uasset" 4592
"/Game/__ExternalActors__/ThirdPerson/Lvl_ThirdPerson/7/6B/0GP3GGCC5XRYNDVQ0WVPIH" 4593
"../../../../../unreal projects/MyProject/Content/__ExternalActors__/ThirdPerson/Lvl_ThirdPerson/7/6B/0GP3GGCC5XRYNDVQ0WVPIH.uasset" 4594
"/Game/__ExternalActors__/ThirdPerson/Lvl_ThirdPerson/7/6D/X0Z0J9KVPW5DUBPWI667BH" 4595
"../../../../../unreal projects/MyProject/Content/__ExternalActors__/ThirdPerson/Lvl_ThirdPerson/7/6D/X0Z0J9KVPW5DUBPWI667BH.uasset" 4596
"/Game/__ExternalActors__/ThirdPerson/Lvl_ThirdPerson/7/6F/EU69O6VQVPAIS7QR4FCQGP" 4597
"../../../../../unreal projects/MyProject/Content/__ExternalActors__/ThirdPerson/Lvl_ThirdPerson/7/6F/EU69O6VQVPAIS7QR4FCQGP.uasset" 4598
"/Game/__ExternalActors__/ThirdPerson/Lvl_ThirdPerson/7/7U/8P809Y7YYUEPZLV2QA0I14" 4599
"../../../../../unreal projects/MyProject/Content/__ExternalActors__/ThirdPerson/Lvl_ThirdPerson/7/7U/8P809Y7YYUEPZLV2QA0I14.uasset" 4600
"/Game/__ExternalActors__/ThirdPerson/Lvl_ThirdPerson/7/87/HCE3LNR37C3C4MR9YANKWQ" 4601
"../../../../../unreal projects/MyProject/Content/__ExternalActors__/ThirdPerson/Lvl_ThirdPerson/7/87/HCE3LNR37C3C4MR9YANKWQ.uasset" 4602
"/Game/__ExternalActors__/ThirdPerson/Lvl_ThirdPerson/7/8P/BKDVOY9SF0L4IRR2LO1YBC" 4603
"../../../../../unreal projects/MyProject/Content/__ExternalActors__/ThirdPerson/Lvl_ThirdPerson/7/8P/BKDVOY9SF0L4IRR2LO1YBC.uasset" 4604
"/Game/__ExternalActors__/ThirdPerson/Lvl_ThirdPerson/7/AP/HBEF6CF68D7ER00HLRNMR9" 4605
"../../../../../unreal projects/MyProject/Content/__ExternalActors__/ThirdPerson/Lvl_ThirdPerson/7/AP/HBEF6CF68D7ER00HLRNMR9.uasset" 4606
"/Game/__ExternalActors__/ThirdPerson/Lvl_ThirdPerson/7/CA/8GOERDNQNE6RX0UT5NFX4G" 4607
"../../../../../unreal projects/MyProject/Content/__ExternalActors__/ThirdPerson/Lvl_ThirdPerson/7/CA/8GOERDNQNE6RX0UT5NFX4G.uasset" 4608
"/Game/__ExternalActors__/ThirdPerson/Lvl_ThirdPerson/7/CE/NAZ4UFMZ342HNCHVP6KT6E" 4609
"../../../../../unreal projects/MyProject/Content/__ExternalActors__/ThirdPerson/Lvl_ThirdPerson/7/CE/NAZ4UFMZ342HNCHVP6KT6E.uasset" 4610
"/Game/__ExternalActors__/ThirdPerson/Lvl_ThirdPerson/7/F5/QIQ4XKM2V2KLF1GSG6RS0P" 4611
"../../../../../unreal projects/MyProject/Content/__ExternalActors__/ThirdPerson/Lvl_ThirdPerson/7/F5/QIQ4XKM2V2KLF1GSG6RS0P.uasset" 4612
"/Game/__ExternalActors__/ThirdPerson/Lvl_ThirdPerson/7/KD/C3RE1D5JE3WCRIZ0VKYHUD" 4613
"../../../../../unreal projects/MyProject/Content/__ExternalActors__/ThirdPerson/Lvl_ThirdPerson/7/KD/C3RE1D5JE3WCRIZ0VKYHUD.uasset" 4614
"/Game/__ExternalActors__/ThirdPerson/Lvl_ThirdPerson/7/L0/NPR7O8DRU5TDHX078KJBFC" 4615
"../../../../../unreal projects/MyProject/Content/__ExternalActors__/ThirdPerson/Lvl_ThirdPerson/7/L0/NPR7O8DRU5TDHX078KJBFC.uasset" 4616
"/Game/__ExternalActors__/ThirdPerson/Lvl_ThirdPerson/7/L3/OHESCGJDY4KO9X93WQT3AH" 4617
"../../../../../unreal projects/MyProject/Content/__ExternalActors__/ThirdPerson/Lvl_ThirdPerson/7/L3/OHESCGJDY4KO9X93WQT3AH.uasset" 4618
"/Game/__ExternalActors__/ThirdPerson/Lvl_ThirdPerson/7/MI/GF4ZYDFEUM103FTN6GJ6XD" 4619
"../../../../../unreal projects/MyProject/Content/__ExternalActors__/ThirdPerson/Lvl_ThirdPerson/7/MI/GF4ZYDFEUM103FTN6GJ6XD.uasset" 4620
"/Game/__ExternalActors__/ThirdPerson/Lvl_ThirdPerson/7/NQ/PBJYGENY0MNEXA0MERW98H" 4621
"../../../../../unreal projects/MyProject/Content/__ExternalActors__/ThirdPerson/Lvl_ThirdPerson/7/NQ/PBJYGENY0MNEXA0MERW98H.uasset" 4622
"/Game/__ExternalActors__/ThirdPerson/Lvl_ThirdPerson/7/OJ/YZPI0S0GBVX5Y831HJZV4E" 4623
"../../../../../unreal projects/MyProject/Content/__ExternalActors__/ThirdPerson/Lvl_ThirdPerson/7/OJ/YZPI0S0GBVX5Y831HJZV4E.uasset" 4624
"/Game/__ExternalActors__/ThirdPerson/Lvl_ThirdPerson/7/QR/7OPQC1LCJE16IW14KIK2LW" 4625
"../../../../../unreal projects/MyProject/Content/__ExternalActors__/ThirdPerson/Lvl_ThirdPerson/7/QR/7OPQC1LCJE16IW14KIK2LW.uasset" 4626
"/Game/__ExternalActors__/ThirdPerson/Lvl_ThirdPerson/7/RC/Y7CLCRFUY6DPCQ4C9L2CIC" 4627
"../../../../../unreal projects/MyProject/Content/__ExternalActors__/ThirdPerson/Lvl_ThirdPerson/7/RC/Y7CLCRFUY6DPCQ4C9L2CIC.uasset" 4628
"/Game/__ExternalActors__/ThirdPerson/Lvl_ThirdPerson/7/TV/WZ6NTVEPL0RCHOK2BRZQ8J" 4629
"../../../../../unreal projects/MyProject/Content/__ExternalActors__/ThirdPerson/Lvl_ThirdPerson/7/TV/WZ6NTVEPL0RCHOK2BRZQ8J.uasset" 4630
"/Game/__ExternalActors__/ThirdPerson/Lvl_ThirdPerson/7/Z9/948RVQS12ZV2QH0MA28VF2" 4631
"../../../../../unreal projects/MyProject/Content/__ExternalActors__/ThirdPerson/Lvl_ThirdPerson/7/Z9/948RVQS12ZV2QH0MA28VF2.uasset" 4632
"/Game/__ExternalActors__/ThirdPerson/Lvl_ThirdPerson/8/5R/W3EKMWYN314T0NERSZ5HVY" 4633
"../../../../../unreal projects/MyProject/Content/__ExternalActors__/ThirdPerson/Lvl_ThirdPerson/8/5R/W3EKMWYN314T0NERSZ5HVY.uasset" 4634
"/Game/__ExternalActors__/ThirdPerson/Lvl_ThirdPerson/8/6C/DXEAVKL4CKQSG3TV4XSOXA" 4635
"../../../../../unreal projects/MyProject/Content/__ExternalActors__/ThirdPerson/Lvl_ThirdPerson/8/6C/DXEAVKL4CKQSG3TV4XSOXA.uasset" 4636
"/Game/__ExternalActors__/ThirdPerson/Lvl_ThirdPerson/8/6C/MCHXBGXN25O03SHRB0VG68" 4637
"../../../../../unreal projects/MyProject/Content/__ExternalActors__/ThirdPerson/Lvl_ThirdPerson/8/6C/MCHXBGXN25O03SHRB0VG68.uasset" 4638
"/Game/__ExternalActors__/ThirdPerson/Lvl_ThirdPerson/8/73/TC0WEG9WIHPZ2K8IBXZ9KK" 4639
"../../../../../unreal projects/MyProject/Content/__ExternalActors__/ThirdPerson/Lvl_ThirdPerson/8/73/TC0WEG9WIHPZ2K8IBXZ9KK.uasset" 4640
"/Game/__ExternalActors__/ThirdPerson/Lvl_ThirdPerson/8/79/IQ7NZEEOG28NU2VXOSQ393" 4641
"../../../../../unreal projects/MyProject/Content/__ExternalActors__/ThirdPerson/Lvl_ThirdPerson/8/79/IQ7NZEEOG28NU2VXOSQ393.uasset" 4642
"/Game/__ExternalActors__/ThirdPerson/Lvl_ThirdPerson/8/7D/CIKNXIDAWKDX21NNJZT3RC" 4643
"../../../../../unreal projects/MyProject/Content/__ExternalActors__/ThirdPerson/Lvl_ThirdPerson/8/7D/CIKNXIDAWKDX21NNJZT3RC.uasset" 4644
"/Game/__ExternalActors__/ThirdPerson/Lvl_ThirdPerson/8/CD/T0BLJWOKCRG37T0M80KX46" 4645
"../../../../../unreal projects/MyProject/Content/__ExternalActors__/ThirdPerson/Lvl_ThirdPerson/8/CD/T0BLJWOKCRG37T0M80KX46.uasset" 4646
"/Game/__ExternalActors__/ThirdPerson/Lvl_ThirdPerson/8/CY/U628GHJOKLLYTXL8VFPXLJ" 4647
"../../../../../unreal projects/MyProject/Content/__ExternalActors__/ThirdPerson/Lvl_ThirdPerson/8/CY/U628GHJOKLLYTXL8VFPXLJ.uasset" 4648
"/Game/__ExternalActors__/ThirdPerson/Lvl_ThirdPerson/8/D5/QCQ6TF0MB76798UFS9O8Y1" 4649
"../../../../../unreal projects/MyProject/Content/__ExternalActors__/ThirdPerson/Lvl_ThirdPerson/8/D5/QCQ6TF0MB76798UFS9O8Y1.uasset" 4650
"/Game/__ExternalActors__/ThirdPerson/Lvl_ThirdPerson/8/FD/7ED54KMSCLPJWHDQ3YQU9P" 4651
"../../../../../unreal projects/MyProject/Content/__ExternalActors__/ThirdPerson/Lvl_ThirdPerson/8/FD/7ED54KMSCLPJWHDQ3YQU9P.uasset" 4652
"/Game/__ExternalActors__/ThirdPerson/Lvl_ThirdPerson/8/GI/50V4L1RLD0KSGA9NYHIUY9" 4653
"../../../../../unreal projects/MyProject/Content/__ExternalActors__/ThirdPerson/Lvl_ThirdPerson/8/GI/50V4L1RLD0KSGA9NYHIUY9.uasset" 4654
"/Game/__ExternalActors__/ThirdPerson/Lvl_ThirdPerson/8/HR/9IUS3QKZG8YGHJAX1O7TM7" 4655
"../../../../../unreal projects/MyProject/Content/__ExternalActors__/ThirdPerson/Lvl_ThirdPerson/8/HR/9IUS3QKZG8YGHJAX1O7TM7.uasset" 4656
"/Game/__ExternalActors__/ThirdPerson/Lvl_ThirdPerson/8/MT/MTRWFU251GT9QJZ00IF85S" 4657
"../../../../../unreal projects/MyProject/Content/__ExternalActors__/ThirdPerson/Lvl_ThirdPerson/8/MT/MTRWFU251GT9QJZ00IF85S.uasset" 4658
"../../../../../unreal projects/MyProject/Content/Jumpscare/BP_ScareAI1.uasset" 4659
"/Game/__ExternalActors__/ThirdPerson/Lvl_ThirdPerson/E/9O/Y70QBVRBL128I3XST1M2OK" 4660
"../../../../../unreal projects/MyProject/Content/__ExternalActors__/ThirdPerson/Lvl_ThirdPerson/E/9O/Y70QBVRBL128I3XST1M2OK.uasset" 4661
"/Game/__ExternalActors__/ThirdPerson/Lvl_ThirdPerson/8/QC/XPIOT5LHTIFD77TXQJLC12" 4662
"../../../../../unreal projects/MyProject/Content/__ExternalActors__/ThirdPerson/Lvl_ThirdPerson/8/QC/XPIOT5LHTIFD77TXQJLC12.uasset" 4663
"/Game/__ExternalActors__/ThirdPerson/Lvl_ThirdPerson/8/T2/VT95UCG46WG7U9UUGXIWBB" 4664
"../../../../../unreal projects/MyProject/Content/__ExternalActors__/ThirdPerson/Lvl_ThirdPerson/8/T2/VT95UCG46WG7U9UUGXIWBB.uasset" 4665
"/Game/__ExternalActors__/ThirdPerson/Lvl_ThirdPerson/8/T6/PNKYTBQB0WG5FMSOZCVVSI" 4666
"../../../../../unreal projects/MyProject/Content/__ExternalActors__/ThirdPerson/Lvl_ThirdPerson/8/T6/PNKYTBQB0WG5FMSOZCVVSI.uasset" 4667
"/Game/__ExternalActors__/ThirdPerson/Lvl_ThirdPerson/8/TV/F3IOFDDUM0G7SU11FGITQF" 4668
"../../../../../unreal projects/MyProject/Content/__ExternalActors__/ThirdPerson/Lvl_ThirdPerson/8/TV/F3IOFDDUM0G7SU11FGITQF.uasset" 4669
"/Game/__ExternalActors__/ThirdPerson/Lvl_ThirdPerson/8/UC/S19OT7XZSQYZIE7AXCFP9K" 4670
"../../../../../unreal projects/MyProject/Content/__ExternalActors__/ThirdPerson/Lvl_ThirdPerson/8/UC/S19OT7XZSQYZIE7AXCFP9K.uasset" 4671
"/Game/__ExternalActors__/ThirdPerson/Lvl_ThirdPerson/8/VQ/VXRA16PJWYBFQQ5JXEAHXA" 4672
"../../../../../unreal projects/MyProject/Content/__ExternalActors__/ThirdPerson/Lvl_ThirdPerson/8/VQ/VXRA16PJWYBFQQ5JXEAHXA.uasset" 4673
"/Game/__ExternalActors__/ThirdPerson/Lvl_ThirdPerson/8/YZ/DMJM1GGHI51PRZM2SMDYVI" 4674
"../../../../../unreal projects/MyProject/Content/__ExternalActors__/ThirdPerson/Lvl_ThirdPerson/8/YZ/DMJM1GGHI51PRZM2SMDYVI.uasset" 4675
"/Game/__ExternalActors__/ThirdPerson/Lvl_ThirdPerson/8/Z5/5GTOKM95OZH0DSU0X7U24X" 4676
"../../../../../unreal projects/MyProject/Content/__ExternalActors__/ThirdPerson/Lvl_ThirdPerson/8/Z5/5GTOKM95OZH0DSU0X7U24X.uasset" 4677
"/Game/__ExternalActors__/ThirdPerson/Lvl_ThirdPerson/8/ZH/9L9FDK7FQQC1ELXTK8CZKA" 4678
"../../../../../unreal projects/MyProject/Content/__ExternalActors__/ThirdPerson/Lvl_ThirdPerson/8/ZH/9L9FDK7FQQC1ELXTK8CZKA.uasset" 4679
"/Game/__ExternalActors__/ThirdPerson/Lvl_ThirdPerson/8/ZM/ZUIY773QA4X6AYQDMYV0L1" 4680
"../../../../../unreal projects/MyProject/Content/__ExternalActors__/ThirdPerson/Lvl_ThirdPerson/8/ZM/ZUIY773QA4X6AYQDMYV0L1.uasset" 4681
"/Game/__ExternalActors__/ThirdPerson/Lvl_ThirdPerson/9/1W/GWUIOU45ICNCFE43J7O4Y5" 4682
"../../../../../unreal projects/MyProject/Content/__ExternalActors__/ThirdPerson/Lvl_ThirdPerson/9/1W/GWUIOU45ICNCFE43J7O4Y5.uasset" 4683
"/Game/__ExternalActors__/ThirdPerson/Lvl_ThirdPerson/9/4N/ROAK9RJTLS934SS13UEN7P" 4684
"../../../../../unreal projects/MyProject/Content/__ExternalActors__/ThirdPerson/Lvl_ThirdPerson/9/4N/ROAK9RJTLS934SS13UEN7P.uasset" 4685
"/Game/__ExternalActors__/ThirdPerson/Lvl_ThirdPerson/9/5G/29Z6AXUGZPZ0CXHLK2DICG" 4686
"../../../../../unreal projects/MyProject/Content/__ExternalActors__/ThirdPerson/Lvl_ThirdPerson/9/5G/29Z6AXUGZPZ0CXHLK2DICG.uasset" 4687
"/Game/__ExternalActors__/ThirdPerson/Lvl_ThirdPerson/9/72/IH29UZYCR8VK2F8L2MJHRJ" 4688
"../../../../../unreal projects/MyProject/Content/__ExternalActors__/ThirdPerson/Lvl_ThirdPerson/9/72/IH29UZYCR8VK2F8L2MJHRJ.uasset" 4689
"/Game/__ExternalActors__/ThirdPerson/Lvl_ThirdPerson/9/AB/AHBMMJMSBN2QU6N4L6PRKR" 4690
"../../../../../unreal projects/MyProject/Content/__ExternalActors__/ThirdPerson/Lvl_ThirdPerson/9/AB/AHBMMJMSBN2QU6N4L6PRKR.uasset" 4691
"/Game/__ExternalActors__/ThirdPerson/Lvl_ThirdPerson/9/AF/5KBM4GXAIOP63FFAH0FVHF" 4692
"../../../../../unreal projects/MyProject/Content/__ExternalActors__/ThirdPerson/Lvl_ThirdPerson/9/AF/5KBM4GXAIOP63FFAH0FVHF.uasset" 4693
"/Game/__ExternalActors__/ThirdPerson/Lvl_ThirdPerson/9/AH/KDS1RPDUHBO60RI7JHVGFF" 4694
"../../../../../unreal projects/MyProject/Content/__ExternalActors__/ThirdPerson/Lvl_ThirdPerson/9/AH/KDS1RPDUHBO60RI7JHVGFF.uasset" 4695
"/Game/__ExternalActors__/ThirdPerson/Lvl_ThirdPerson/9/BB/7V0PEP05AMOTAQ9JY7CZVY" 4696
"../../../../../unreal projects/MyProject/Content/__ExternalActors__/ThirdPerson/Lvl_ThirdPerson/9/BB/7V0PEP05AMOTAQ9JY7CZVY.uasset" 4697
"/Game/__ExternalActors__/ThirdPerson/Lvl_ThirdPerson/9/BE/65STBGYWG005W9OB3JA98O" 4698
"../../../../../unreal projects/MyProject/Content/__ExternalActors__/ThirdPerson/Lvl_ThirdPerson/9/BE/65STBGYWG005W9OB3JA98O.uasset" 4699
"/Game/__ExternalActors__/ThirdPerson/Lvl_ThirdPerson/9/C4/1W5EFLFKZJ01OFDQI6S5CI" 4700
"../../../../../unreal projects/MyProject/Content/__ExternalActors__/ThirdPerson/Lvl_ThirdPerson/9/C4/1W5EFLFKZJ01OFDQI6S5CI.uasset" 4701
"/Game/__ExternalActors__/ThirdPerson/Lvl_ThirdPerson/9/CE/HZVECRAHS0EHAG2IP25U4U" 4702
"../../../../../unreal projects/MyProject/Content/__ExternalActors__/ThirdPerson/Lvl_ThirdPerson/9/CE/HZVECRAHS0EHAG2IP25U4U.uasset" 4703
"/Game/__ExternalActors__/ThirdPerson/Lvl_ThirdPerson/9/CS/AODROZ3LYOC8KH5LRT93JJ" 4704
"../../../../../unreal projects/MyProject/Content/__ExternalActors__/ThirdPerson/Lvl_ThirdPerson/9/CS/AODROZ3LYOC8KH5LRT93JJ.uasset" 4705
"/Game/__ExternalActors__/ThirdPerson/Lvl_ThirdPerson/9/DE/IZ74RUU408DKJTY0G1YI14" 4706
"../../../../../unreal projects/MyProject/Content/__ExternalActors__/ThirdPerson/Lvl_ThirdPerson/9/DE/IZ74RUU408DKJTY0G1YI14.uasset" 4707
"../../../../../unreal projects/MyProject/Content/Abandoned_Building/Meshes/SM_Bricks_Brick_10.uasset" 4708
"../../../../../unreal projects/MyProject/Content/Abandoned_Building/Material_Instances/MI_Bricks_Brick_10.uasset" 4709
"../../../../../unreal projects/MyProject/Content/Abandoned_Building/Materials/M_Brick.uasset" 4710
"../../../../../unreal projects/MyProject/Content/Abandoned_Building/Textures/T_Bricks_Brick_10_AO_R_MT.uasset" 4711
"../../../../../unreal projects/MyProject/Content/Abandoned_Building/Textures/T_Bricks_Brick_10_BC.uasset" 4712
"../../../../../unreal projects/MyProject/Content/Abandoned_Building/Textures/T_Bricks_Brick_10_N.uasset" 4713
"../../../../../unreal projects/MyProject/Content/Abandoned_Building/Textures/T_Dirt.uasset" 4714
"../../../../../unreal projects/MyProject/Content/Abandoned_Building/Textures/T_Street_Shaft_00_AO_R_MT.uasset" 4715
"../../../Engine/Content/Functions/Engine_MaterialFunctions02/Texturing/CustomRotator.uasset" 4716
"/Game/__ExternalActors__/ThirdPerson/Lvl_ThirdPerson/9/GA/Z2DDM2GTPOCA9DABGQZ4D6" 4717
"../../../../../unreal projects/MyProject/Content/__ExternalActors__/ThirdPerson/Lvl_ThirdPerson/9/GA/Z2DDM2GTPOCA9DABGQZ4D6.uasset" 4718
"/Game/__ExternalActors__/ThirdPerson/Lvl_ThirdPerson/9/GH/Z9IA5KCL61T89YAYJUC6DY" 4719
"../../../../../unreal projects/MyProject/Content/__ExternalActors__/ThirdPerson/Lvl_ThirdPerson/9/GH/Z9IA5KCL61T89YAYJUC6DY.uasset" 4720
"/Game/__ExternalActors__/ThirdPerson/Lvl_ThirdPerson/9/HQ/JIXW7PRLC26ATWYZ5QM5Q8" 4721
"../../../../../unreal projects/MyProject/Content/__ExternalActors__/ThirdPerson/Lvl_ThirdPerson/9/HQ/JIXW7PRLC26ATWYZ5QM5Q8.uasset" 4722
"/Game/__ExternalActors__/ThirdPerson/Lvl_ThirdPerson/9/JV/MWGLWI93TN1SUFCN8GJ2G1" 4723
"../../../../../unreal projects/MyProject/Content/__ExternalActors__/ThirdPerson/Lvl_ThirdPerson/9/JV/MWGLWI93TN1SUFCN8GJ2G1.uasset" 4724
"/Game/__ExternalActors__/ThirdPerson/Lvl_ThirdPerson/9/KM/1J30K68VXLKW7TLT36UA04" 4725
"../../../../../unreal projects/MyProject/Content/__ExternalActors__/ThirdPerson/Lvl_ThirdPerson/9/KM/1J30K68VXLKW7TLT36UA04.uasset" 4726
"../../../../../unreal projects/MyProject/Content/Abandoned_Building/Meshes/SM_Garbige_00.uasset" 4727
"/Game/__ExternalActors__/ThirdPerson/Lvl_ThirdPerson/9/MW/1YU9F7DJ4CFN1EBQXJ3QX4" 4728
"../../../../../unreal projects/MyProject/Content/__ExternalActors__/ThirdPerson/Lvl_ThirdPerson/9/MW/1YU9F7DJ4CFN1EBQXJ3QX4.uasset" 4729
"/Game/__ExternalActors__/ThirdPerson/Lvl_ThirdPerson/9/O3/Q6C6H0VIF6JVP0BH1ILZMI" 4730
"../../../../../unreal projects/MyProject/Content/__ExternalActors__/ThirdPerson/Lvl_ThirdPerson/9/O3/Q6C6H0VIF6JVP0BH1ILZMI.uasset" 4731
"/Game/__ExternalActors__/ThirdPerson/Lvl_ThirdPerson/9/SQ/F0PSPCGFVP6PCQGTRV7ZLC" 4732
"../../../../../unreal projects/MyProject/Content/__ExternalActors__/ThirdPerson/Lvl_ThirdPerson/9/SQ/F0PSPCGFVP6PCQGTRV7ZLC.uasset" 4733
"/Game/__ExternalActors__/ThirdPerson/Lvl_ThirdPerson/9/Y1/R6A315N8YFNJOKM3FNIHL2" 4734
"../../../../../unreal projects/MyProject/Content/__ExternalActors__/ThirdPerson/Lvl_ThirdPerson/9/Y1/R6A315N8YFNJOKM3FNIHL2.uasset" 4735
"/Game/__ExternalActors__/ThirdPerson/Lvl_ThirdPerson/9/ZC/0BYU658UI6L4US35EK7JIC" 4736
"../../../../../unreal projects/MyProject/Content/__ExternalActors__/ThirdPerson/Lvl_ThirdPerson/9/ZC/0BYU658UI6L4US35EK7JIC.uasset" 4737
"/Game/__ExternalActors__/ThirdPerson/Lvl_ThirdPerson/A/0D/AF1MX3Z5RBS2CA3N4Y12NV" 4738
"../../../../../unreal projects/MyProject/Content/__ExternalActors__/ThirdPerson/Lvl_ThirdPerson/A/0D/AF1MX3Z5RBS2CA3N4Y12NV.uasset" 4739
"/Game/__ExternalActors__/ThirdPerson/Lvl_ThirdPerson/A/41/EG75ZLJI2SP9MNJDUP3N6V" 4740
"../../../../../unreal projects/MyProject/Content/__ExternalActors__/ThirdPerson/Lvl_ThirdPerson/A/41/EG75ZLJI2SP9MNJDUP3N6V.uasset" 4741
"/Game/__ExternalActors__/ThirdPerson/Lvl_ThirdPerson/A/5M/0BZ4TKWLCAIYCV3CN4JAOZ" 4742
"../../../../../unreal projects/MyProject/Content/__ExternalActors__/ThirdPerson/Lvl_ThirdPerson/A/5M/0BZ4TKWLCAIYCV3CN4JAOZ.uasset" 4743
"/Game/__ExternalActors__/ThirdPerson/Lvl_ThirdPerson/A/9Y/C9Z3NCXOUS56YEY9H0MSRA" 4744
"../../../../../unreal projects/MyProject/Content/__ExternalActors__/ThirdPerson/Lvl_ThirdPerson/A/9Y/C9Z3NCXOUS56YEY9H0MSRA.uasset" 4745
"/Game/__ExternalActors__/ThirdPerson/Lvl_ThirdPerson/A/AO/7V95FS0PHOU8D1ID2SO8J9" 4746
"../../../../../unreal projects/MyProject/Content/__ExternalActors__/ThirdPerson/Lvl_ThirdPerson/A/AO/7V95FS0PHOU8D1ID2SO8J9.uasset" 4747
"/Game/__ExternalActors__/ThirdPerson/Lvl_ThirdPerson/A/BJ/FSPNDRZXHOAOJM40I1KT1Y" 4748
"../../../../../unreal projects/MyProject/Content/__ExternalActors__/ThirdPerson/Lvl_ThirdPerson/A/BJ/FSPNDRZXHOAOJM40I1KT1Y.uasset" 4749
"/Game/__ExternalActors__/ThirdPerson/Lvl_ThirdPerson/A/DE/AP88WGGRH5FLM0VSPTY43T" 4750
"../../../../../unreal projects/MyProject/Content/__ExternalActors__/ThirdPerson/Lvl_ThirdPerson/A/DE/AP88WGGRH5FLM0VSPTY43T.uasset" 4751
"/Game/__ExternalActors__/ThirdPerson/Lvl_ThirdPerson/A/HQ/BGFX4F6LUK26E0I78VUZ2W" 4752
"../../../../../unreal projects/MyProject/Content/__ExternalActors__/ThirdPerson/Lvl_ThirdPerson/A/HQ/BGFX4F6LUK26E0I78VUZ2W.uasset" 4753
"/Game/__ExternalActors__/ThirdPerson/Lvl_ThirdPerson/A/JM/Q3IDAMN0XDGRR65X0NFNDT" 4754
"../../../../../unreal projects/MyProject/Content/__ExternalActors__/ThirdPerson/Lvl_ThirdPerson/A/JM/Q3IDAMN0XDGRR65X0NFNDT.uasset" 4755
"/Game/__ExternalActors__/ThirdPerson/Lvl_ThirdPerson/A/KI/RAHH2L2GBCYQUOVXOQSXAC" 4756
"../../../../../unreal projects/MyProject/Content/__ExternalActors__/ThirdPerson/Lvl_ThirdPerson/A/KI/RAHH2L2GBCYQUOVXOQSXAC.uasset" 4757
"/Game/__ExternalActors__/ThirdPerson/Lvl_ThirdPerson/A/L9/P0GWJ81SSVMPNC2C7SW8KH" 4758
"../../../../../unreal projects/MyProject/Content/__ExternalActors__/ThirdPerson/Lvl_ThirdPerson/A/L9/P0GWJ81SSVMPNC2C7SW8KH.uasset" 4759
"/Game/__ExternalActors__/ThirdPerson/Lvl_ThirdPerson/A/M6/ECH0UBPVZ2X33MSRVT19GP" 4760
"../../../../../unreal projects/MyProject/Content/__ExternalActors__/ThirdPerson/Lvl_ThirdPerson/A/M6/ECH0UBPVZ2X33MSRVT19GP.uasset" 4761
"/Game/__ExternalActors__/ThirdPerson/Lvl_ThirdPerson/A/MZ/9KFXEKFNTN80H3BHOFUSLW" 4762
"../../../../../unreal projects/MyProject/Content/__ExternalActors__/ThirdPerson/Lvl_ThirdPerson/A/MZ/9KFXEKFNTN80H3BHOFUSLW.uasset" 4763
"/Game/__ExternalActors__/ThirdPerson/Lvl_ThirdPerson/A/N0/AQUUYDQ9APYEC8M79I8OPJ" 4764
"../../../../../unreal projects/MyProject/Content/__ExternalActors__/ThirdPerson/Lvl_ThirdPerson/A/N0/AQUUYDQ9APYEC8M79I8OPJ.uasset" 4765
"/Game/__ExternalActors__/ThirdPerson/Lvl_ThirdPerson/A/N6/OXA04EFKSIAQ8YSFTOO8SM" 4766
"../../../../../unreal projects/MyProject/Content/__ExternalActors__/ThirdPerson/Lvl_ThirdPerson/A/N6/OXA04EFKSIAQ8YSFTOO8SM.uasset" 4767
"/Game/__ExternalActors__/ThirdPerson/Lvl_ThirdPerson/A/NM/P8J7FAAVTAOBTX2RHVFJ6H" 4768
"../../../../../unreal projects/MyProject/Content/__ExternalActors__/ThirdPerson/Lvl_ThirdPerson/A/NM/P8J7FAAVTAOBTX2RHVFJ6H.uasset" 4769
"../../../../../unreal projects/MyProject/Content/Abandoned_Building/Meshes/SM_Object_07.uasset" 4770
"../../../../../unreal projects/MyProject/Content/Abandoned_Building/Material_Instances/MI_Object_07.uasset" 4771
"../../../../../unreal projects/MyProject/Content/Abandoned_Building/Textures/T_Object_07_AO_R_MT.uasset" 4772
"../../../../../unreal projects/MyProject/Content/Abandoned_Building/Textures/T_Object_07_BC.uasset" 4773
"../../../../../unreal projects/MyProject/Content/Abandoned_Building/Textures/T_Object_07_N.uasset" 4774
"/Game/__ExternalActors__/ThirdPerson/Lvl_ThirdPerson/A/O0/O65R6SB2WOYOS7F96K61O1" 4775
"../../../../../unreal projects/MyProject/Content/__ExternalActors__/ThirdPerson/Lvl_ThirdPerson/A/O0/O65R6SB2WOYOS7F96K61O1.uasset" 4776
"/Game/__ExternalActors__/ThirdPerson/Lvl_ThirdPerson/A/O8/2VPM3JS9GS0QEKOYMOR5C3" 4777
"../../../../../unreal projects/MyProject/Content/__ExternalActors__/ThirdPerson/Lvl_ThirdPerson/A/O8/2VPM3JS9GS0QEKOYMOR5C3.uasset" 4778
"/Game/__ExternalActors__/ThirdPerson/Lvl_ThirdPerson/A/OF/CKIBA0ASSUQWPLL1GAF5IC" 4779
"../../../../../unreal projects/MyProject/Content/__ExternalActors__/ThirdPerson/Lvl_ThirdPerson/A/OF/CKIBA0ASSUQWPLL1GAF5IC.uasset" 4780
"/Game/__ExternalActors__/ThirdPerson/Lvl_ThirdPerson/A/OM/66UGETXU0E763QYC5DSIYV" 4781
"../../../../../unreal projects/MyProject/Content/__ExternalActors__/ThirdPerson/Lvl_ThirdPerson/A/OM/66UGETXU0E763QYC5DSIYV.uasset" 4782
"/Game/__ExternalActors__/ThirdPerson/Lvl_ThirdPerson/A/QI/U203JTJF5GSKIB9TRT00PI" 4783
"../../../../../unreal projects/MyProject/Content/__ExternalActors__/ThirdPerson/Lvl_ThirdPerson/A/QI/U203JTJF5GSKIB9TRT00PI.uasset" 4784
"/Game/__ExternalActors__/ThirdPerson/Lvl_ThirdPerson/A/R8/EIG0KJWUTX1PU6TPVQ4HS8" 4785
"../../../../../unreal projects/MyProject/Content/__ExternalActors__/ThirdPerson/Lvl_ThirdPerson/A/R8/EIG0KJWUTX1PU6TPVQ4HS8.uasset" 4786
"/Game/__ExternalActors__/ThirdPerson/Lvl_ThirdPerson/A/T6/FH65Y4VDOZWGJ45TFWJZ18" 4787
"../../../../../unreal projects/MyProject/Content/__ExternalActors__/ThirdPerson/Lvl_ThirdPerson/A/T6/FH65Y4VDOZWGJ45TFWJZ18.uasset" 4788
"/Game/__ExternalActors__/ThirdPerson/Lvl_ThirdPerson/B/0D/8Y8E30WHQ2XA1CQF7ECSRI" 4789
"../../../../../unreal projects/MyProject/Content/__ExternalActors__/ThirdPerson/Lvl_ThirdPerson/B/0D/8Y8E30WHQ2XA1CQF7ECSRI.uasset" 4790
"/Game/__ExternalActors__/ThirdPerson/Lvl_ThirdPerson/B/3H/QJU7JPRV9IF81WUH8N8WP5" 4791
"../../../../../unreal projects/MyProject/Content/__ExternalActors__/ThirdPerson/Lvl_ThirdPerson/B/3H/QJU7JPRV9IF81WUH8N8WP5.uasset" 4792
"/Game/__ExternalActors__/ThirdPerson/Lvl_ThirdPerson/B/48/7YGT4BHATEUDN17MTAXOQV" 4793
"../../../../../unreal projects/MyProject/Content/__ExternalActors__/ThirdPerson/Lvl_ThirdPerson/B/48/7YGT4BHATEUDN17MTAXOQV.uasset" 4794
"/Game/__ExternalActors__/ThirdPerson/Lvl_ThirdPerson/B/4O/J0J0JB43ESKNBAD3KITKL0" 4795
"../../../../../unreal projects/MyProject/Content/__ExternalActors__/ThirdPerson/Lvl_ThirdPerson/B/4O/J0J0JB43ESKNBAD3KITKL0.uasset" 4796
"/Game/__ExternalActors__/ThirdPerson/Lvl_ThirdPerson/B/77/XO4M4DBEI7MBOBD8ZE4IAW" 4797
"../../../../../unreal projects/MyProject/Content/__ExternalActors__/ThirdPerson/Lvl_ThirdPerson/B/77/XO4M4DBEI7MBOBD8ZE4IAW.uasset" 4798
"/Game/__ExternalActors__/ThirdPerson/Lvl_ThirdPerson/B/9V/UYB5BSGE8AIF8XIDO7ZE9D" 4799
"../../../../../unreal projects/MyProject/Content/__ExternalActors__/ThirdPerson/Lvl_ThirdPerson/B/9V/UYB5BSGE8AIF8XIDO7ZE9D.uasset" 4800
"/Game/__ExternalActors__/ThirdPerson/Lvl_ThirdPerson/B/DY/9741IWRMTD8LYNKKMBZU2F" 4801
"../../../../../unreal projects/MyProject/Content/__ExternalActors__/ThirdPerson/Lvl_ThirdPerson/B/DY/9741IWRMTD8LYNKKMBZU2F.uasset" 4802
"/Game/__ExternalActors__/ThirdPerson/Lvl_ThirdPerson/B/EO/9QOQYJKUHX70DOZHCPAHCI" 4803
"../../../../../unreal projects/MyProject/Content/__ExternalActors__/ThirdPerson/Lvl_ThirdPerson/B/EO/9QOQYJKUHX70DOZHCPAHCI.uasset" 4804
"/Game/__ExternalActors__/ThirdPerson/Lvl_ThirdPerson/B/GJ/57S244VC9VC117V4V8GCZL" 4805
"../../../../../unreal projects/MyProject/Content/__ExternalActors__/ThirdPerson/Lvl_ThirdPerson/B/GJ/57S244VC9VC117V4V8GCZL.uasset" 4806
"/Game/__ExternalActors__/ThirdPerson/Lvl_ThirdPerson/B/H5/4B4PM34FU5MED9M00S3665" 4807
"../../../../../unreal projects/MyProject/Content/__ExternalActors__/ThirdPerson/Lvl_ThirdPerson/B/H5/4B4PM34FU5MED9M00S3665.uasset" 4808
"/Game/__ExternalActors__/ThirdPerson/Lvl_ThirdPerson/B/HO/Y3RR4GGL3GGHMKZUH7X60J" 4809
"../../../../../unreal projects/MyProject/Content/__ExternalActors__/ThirdPerson/Lvl_ThirdPerson/B/HO/Y3RR4GGL3GGHMKZUH7X60J.uasset" 4810
"/Game/__ExternalActors__/ThirdPerson/Lvl_ThirdPerson/B/HV/M5VNSJY9L3YCDT1DTJO21T" 4811
"../../../../../unreal projects/MyProject/Content/__ExternalActors__/ThirdPerson/Lvl_ThirdPerson/B/HV/M5VNSJY9L3YCDT1DTJO21T.uasset" 4812
"/Game/__ExternalActors__/ThirdPerson/Lvl_ThirdPerson/B/IS/9KXQ4OR5E6S4JMF454YN77" 4813
"../../../../../unreal projects/MyProject/Content/__ExternalActors__/ThirdPerson/Lvl_ThirdPerson/B/IS/9KXQ4OR5E6S4JMF454YN77.uasset" 4814
"/Game/__ExternalActors__/ThirdPerson/Lvl_ThirdPerson/B/K9/7QX8DXOIB6ZAPDUOT6YDJR" 4815
"../../../../../unreal projects/MyProject/Content/__ExternalActors__/ThirdPerson/Lvl_ThirdPerson/B/K9/7QX8DXOIB6ZAPDUOT6YDJR.uasset" 4816
"/Game/__ExternalActors__/ThirdPerson/Lvl_ThirdPerson/B/L0/ER84C3O72R5B4C87SYEDB5" 4817
"../../../../../unreal projects/MyProject/Content/__ExternalActors__/ThirdPerson/Lvl_ThirdPerson/B/L0/ER84C3O72R5B4C87SYEDB5.uasset" 4818
"/Game/__ExternalActors__/ThirdPerson/Lvl_ThirdPerson/B/M6/17J30PAI4IL7IVTTLMF2II" 4819
"../../../../../unreal projects/MyProject/Content/__ExternalActors__/ThirdPerson/Lvl_ThirdPerson/B/M6/17J30PAI4IL7IVTTLMF2II.uasset" 4820
"/Game/__ExternalActors__/ThirdPerson/Lvl_ThirdPerson/B/MI/JTMVF3AVJ5L6WAZLCK5WOI" 4821
"../../../../../unreal projects/MyProject/Content/__ExternalActors__/ThirdPerson/Lvl_ThirdPerson/B/MI/JTMVF3AVJ5L6WAZLCK5WOI.uasset" 4822
"/Game/__ExternalActors__/ThirdPerson/Lvl_ThirdPerson/B/NO/K8TWX3KQ6AL4WR5CCY1P6J" 4823
"../../../../../unreal projects/MyProject/Content/__ExternalActors__/ThirdPerson/Lvl_ThirdPerson/B/NO/K8TWX3KQ6AL4WR5CCY1P6J.uasset" 4824
"/Game/__ExternalActors__/ThirdPerson/Lvl_ThirdPerson/B/OR/VC8CJ499LC2JXXJMH7QFIN" 4825
"../../../../../unreal projects/MyProject/Content/__ExternalActors__/ThirdPerson/Lvl_ThirdPerson/B/OR/VC8CJ499LC2JXXJMH7QFIN.uasset" 4826
"../../../../../unreal projects/MyProject/Content/Abandoned_Building/Meshes/SM_Object_09.uasset" 4827
"../../../../../unreal projects/MyProject/Content/Abandoned_Building/Material_Instances/MI_Object_09.uasset" 4828
"../../../../../unreal projects/MyProject/Content/Abandoned_Building/Textures/T_Object_09_AO_R_MT.uasset" 4829
"../../../../../unreal projects/MyProject/Content/Abandoned_Building/Textures/T_Object_09_BC.uasset" 4830
"../../../../../unreal projects/MyProject/Content/Abandoned_Building/Textures/T_Object_09_N.uasset" 4831
"/Game/__ExternalActors__/ThirdPerson/Lvl_ThirdPerson/B/P5/ZZ8B5PZSNU0AC0N6A2WDA3" 4832
"../../../../../unreal projects/MyProject/Content/__ExternalActors__/ThirdPerson/Lvl_ThirdPerson/B/P5/ZZ8B5PZSNU0AC0N6A2WDA3.uasset" 4833
"/Game/__ExternalActors__/ThirdPerson/Lvl_ThirdPerson/B/PV/RT77CKCPM9MDP4QFS5BBI4" 4834
"../../../../../unreal projects/MyProject/Content/__ExternalActors__/ThirdPerson/Lvl_ThirdPerson/B/PV/RT77CKCPM9MDP4QFS5BBI4.uasset" 4835
"/Game/__ExternalActors__/ThirdPerson/Lvl_ThirdPerson/B/PZ/VZYU8J54QRZ5WKAMT3SMFG" 4836
"../../../../../unreal projects/MyProject/Content/__ExternalActors__/ThirdPerson/Lvl_ThirdPerson/B/PZ/VZYU8J54QRZ5WKAMT3SMFG.uasset" 4837
"/Game/__ExternalActors__/ThirdPerson/Lvl_ThirdPerson/B/QB/9ZEL5HLVTIO0JHTERLE9RD" 4838
"../../../../../unreal projects/MyProject/Content/__ExternalActors__/ThirdPerson/Lvl_ThirdPerson/B/QB/9ZEL5HLVTIO0JHTERLE9RD.uasset" 4839
"/Game/__ExternalActors__/ThirdPerson/Lvl_ThirdPerson/B/TI/9SQNNWUILCLK3QK42A4PI9" 4840
"../../../../../unreal projects/MyProject/Content/__ExternalActors__/ThirdPerson/Lvl_ThirdPerson/B/TI/9SQNNWUILCLK3QK42A4PI9.uasset" 4841
"/Game/__ExternalActors__/ThirdPerson/Lvl_ThirdPerson/B/U6/1S4C8LNFUNCHK76YH1F6KC" 4842
"../../../../../unreal projects/MyProject/Content/__ExternalActors__/ThirdPerson/Lvl_ThirdPerson/B/U6/1S4C8LNFUNCHK76YH1F6KC.uasset" 4843
"/Game/__ExternalActors__/ThirdPerson/Lvl_ThirdPerson/B/UO/H31N3DT43JRXEVEUDQQPKN" 4844
"../../../../../unreal projects/MyProject/Content/__ExternalActors__/ThirdPerson/Lvl_ThirdPerson/B/UO/H31N3DT43JRXEVEUDQQPKN.uasset" 4845
"/Game/__ExternalActors__/ThirdPerson/Lvl_ThirdPerson/B/V4/KE5HPCFG5SBU0038VKYXBB" 4846
"../../../../../unreal projects/MyProject/Content/__ExternalActors__/ThirdPerson/Lvl_ThirdPerson/B/V4/KE5HPCFG5SBU0038VKYXBB.uasset" 4847
"/Game/__ExternalActors__/ThirdPerson/Lvl_ThirdPerson/B/XF/NYLH10INHL0Q9NNW0VFL4P" 4848
"../../../../../unreal projects/MyProject/Content/__ExternalActors__/ThirdPerson/Lvl_ThirdPerson/B/XF/NYLH10INHL0Q9NNW0VFL4P.uasset" 4849
"/Game/__ExternalActors__/ThirdPerson/Lvl_ThirdPerson/C/28/3MOIC718KJPHN5REPUT5O1" 4850
"../../../../../unreal projects/MyProject/Content/__ExternalActors__/ThirdPerson/Lvl_ThirdPerson/C/28/3MOIC718KJPHN5REPUT5O1.uasset" 4851
"/Game/__ExternalActors__/ThirdPerson/Lvl_ThirdPerson/C/4O/18BZDG7ZKSVSMUKD6I6SG4" 4852
"../../../../../unreal projects/MyProject/Content/__ExternalActors__/ThirdPerson/Lvl_ThirdPerson/C/4O/18BZDG7ZKSVSMUKD6I6SG4.uasset" 4853
"/Game/__ExternalActors__/ThirdPerson/Lvl_ThirdPerson/C/5G/Q5SGEHE6X2XY88V1MBVJZH" 4854
"../../../../../unreal projects/MyProject/Content/__ExternalActors__/ThirdPerson/Lvl_ThirdPerson/C/5G/Q5SGEHE6X2XY88V1MBVJZH.uasset" 4855
"/Game/__ExternalActors__/ThirdPerson/Lvl_ThirdPerson/C/7K/VNAWB3N47VQP3VK4I7B7HX" 4856
"../../../../../unreal projects/MyProject/Content/__ExternalActors__/ThirdPerson/Lvl_ThirdPerson/C/7K/VNAWB3N47VQP3VK4I7B7HX.uasset" 4857
"/Game/__ExternalActors__/ThirdPerson/Lvl_ThirdPerson/C/8B/R2E2W23EED6WNEROAAOH5L" 4858
"../../../../../unreal projects/MyProject/Content/__ExternalActors__/ThirdPerson/Lvl_ThirdPerson/C/8B/R2E2W23EED6WNEROAAOH5L.uasset" 4859
"/Game/__ExternalActors__/ThirdPerson/Lvl_ThirdPerson/C/AH/1NALWBHZ77FDD1D15VVC03" 4860
"../../../../../unreal projects/MyProject/Content/__ExternalActors__/ThirdPerson/Lvl_ThirdPerson/C/AH/1NALWBHZ77FDD1D15VVC03.uasset" 4861
"/Game/__ExternalActors__/ThirdPerson/Lvl_ThirdPerson/C/BC/PQ5J8NYGUI62CEE3826TUR" 4862
"../../../../../unreal projects/MyProject/Content/__ExternalActors__/ThirdPerson/Lvl_ThirdPerson/C/BC/PQ5J8NYGUI62CEE3826TUR.uasset" 4863
"/Game/__ExternalActors__/ThirdPerson/Lvl_ThirdPerson/C/BZ/GFOI839URMZ0U6ZX3IRBQS" 4864
"../../../../../unreal projects/MyProject/Content/__ExternalActors__/ThirdPerson/Lvl_ThirdPerson/C/BZ/GFOI839URMZ0U6ZX3IRBQS.uasset" 4865
"/Game/__ExternalActors__/ThirdPerson/Lvl_ThirdPerson/C/CM/CMCUTVQZW81TZ0MR8922EC" 4866
"../../../../../unreal projects/MyProject/Content/__ExternalActors__/ThirdPerson/Lvl_ThirdPerson/C/CM/CMCUTVQZW81TZ0MR8922EC.uasset" 4867
"/Game/__ExternalActors__/ThirdPerson/Lvl_ThirdPerson/C/D9/DIAG6XFQX5HJP636E2NSI9" 4868
"../../../../../unreal projects/MyProject/Content/__ExternalActors__/ThirdPerson/Lvl_ThirdPerson/C/D9/DIAG6XFQX5HJP636E2NSI9.uasset" 4869
"/Game/__ExternalActors__/ThirdPerson/Lvl_ThirdPerson/C/EE/HZ5WNBFZRJYQPUA6X8TVVT" 4870
"../../../../../unreal projects/MyProject/Content/__ExternalActors__/ThirdPerson/Lvl_ThirdPerson/C/EE/HZ5WNBFZRJYQPUA6X8TVVT.uasset" 4871
"/Game/__ExternalActors__/ThirdPerson/Lvl_ThirdPerson/C/ER/8P61TMTSD7VSI4T66BQECK" 4872
"../../../../../unreal projects/MyProject/Content/__ExternalActors__/ThirdPerson/Lvl_ThirdPerson/C/ER/8P61TMTSD7VSI4T66BQECK.uasset" 4873
"/Game/__ExternalActors__/ThirdPerson/Lvl_ThirdPerson/C/F4/OXB7QKXWAIAR1MWLG5YRBQ" 4874
"../../../../../unreal projects/MyProject/Content/__ExternalActors__/ThirdPerson/Lvl_ThirdPerson/C/F4/OXB7QKXWAIAR1MWLG5YRBQ.uasset" 4875
"/Game/__ExternalActors__/ThirdPerson/Lvl_ThirdPerson/C/FB/TCQ0PWZISHHHGMT1NO4660" 4876
"../../../../../unreal projects/MyProject/Content/__ExternalActors__/ThirdPerson/Lvl_ThirdPerson/C/FB/TCQ0PWZISHHHGMT1NO4660.uasset" 4877
"/Game/__ExternalActors__/ThirdPerson/Lvl_ThirdPerson/C/GX/QNNY831U8M5MZVSQARW451" 4878
"../../../../../unreal projects/MyProject/Content/__ExternalActors__/ThirdPerson/Lvl_ThirdPerson/C/GX/QNNY831U8M5MZVSQARW451.uasset" 4879
"/Game/__ExternalActors__/ThirdPerson/Lvl_ThirdPerson/C/H9/CJO7NKHDEGX0IUQUFFISSO" 4880
"../../../../../unreal projects/MyProject/Content/__ExternalActors__/ThirdPerson/Lvl_ThirdPerson/C/H9/CJO7NKHDEGX0IUQUFFISSO.uasset" 4881
"/Game/__ExternalActors__/ThirdPerson/Lvl_ThirdPerson/C/H9/MK65AVJGOWYM8P1WY2SAVM" 4882
"../../../../../unreal projects/MyProject/Content/__ExternalActors__/ThirdPerson/Lvl_ThirdPerson/C/H9/MK65AVJGOWYM8P1WY2SAVM.uasset" 4883
"/Game/__ExternalActors__/ThirdPerson/Lvl_ThirdPerson/C/HY/Q7CPP7VHOXBAMAJI90W626" 4884
"../../../../../unreal projects/MyProject/Content/__ExternalActors__/ThirdPerson/Lvl_ThirdPerson/C/HY/Q7CPP7VHOXBAMAJI90W626.uasset" 4885
"/Game/__ExternalActors__/ThirdPerson/Lvl_ThirdPerson/C/J4/3N9815J7I4UYR0PL3OD6DA" 4886
"../../../../../unreal projects/MyProject/Content/__ExternalActors__/ThirdPerson/Lvl_ThirdPerson/C/J4/3N9815J7I4UYR0PL3OD6DA.uasset" 4887
"/Game/__ExternalActors__/ThirdPerson/Lvl_ThirdPerson/C/J5/7XYKHHN3421RGX2MZEXJWW" 4888
"../../../../../unreal projects/MyProject/Content/__ExternalActors__/ThirdPerson/Lvl_ThirdPerson/C/J5/7XYKHHN3421RGX2MZEXJWW.uasset" 4889
"/Game/__ExternalActors__/ThirdPerson/Lvl_ThirdPerson/C/N1/RY6UGDJ2JHRSXERQ1O3H7N" 4890
"../../../../../unreal projects/MyProject/Content/__ExternalActors__/ThirdPerson/Lvl_ThirdPerson/C/N1/RY6UGDJ2JHRSXERQ1O3H7N.uasset" 4891
"/Game/__ExternalActors__/ThirdPerson/Lvl_ThirdPerson/C/NA/2PKXUCHPY1F7SOOTXG3A52" 4892
"../../../../../unreal projects/MyProject/Content/__ExternalActors__/ThirdPerson/Lvl_ThirdPerson/C/NA/2PKXUCHPY1F7SOOTXG3A52.uasset" 4893
"/Game/__ExternalActors__/ThirdPerson/Lvl_ThirdPerson/C/PW/FTN6QBVK5I0BELS3YO3L4I" 4894
"../../../../../unreal projects/MyProject/Content/__ExternalActors__/ThirdPerson/Lvl_ThirdPerson/C/PW/FTN6QBVK5I0BELS3YO3L4I.uasset" 4895
"/Game/__ExternalActors__/ThirdPerson/Lvl_ThirdPerson/C/RD/NZRH23XLRPAGU8AUBVXUV8" 4896
"../../../../../unreal projects/MyProject/Content/__ExternalActors__/ThirdPerson/Lvl_ThirdPerson/C/RD/NZRH23XLRPAGU8AUBVXUV8.uasset" 4897
"/Game/__ExternalActors__/ThirdPerson/Lvl_ThirdPerson/C/RI/ETANJPW5YA7IMO24OFC7Q9" 4898
"../../../../../unreal projects/MyProject/Content/__ExternalActors__/ThirdPerson/Lvl_ThirdPerson/C/RI/ETANJPW5YA7IMO24OFC7Q9.uasset" 4899
"/Game/__ExternalActors__/ThirdPerson/Lvl_ThirdPerson/C/RR/KLL3CW7N3TCPGR7ZIUNE0J" 4900
"../../../../../unreal projects/MyProject/Content/__ExternalActors__/ThirdPerson/Lvl_ThirdPerson/C/RR/KLL3CW7N3TCPGR7ZIUNE0J.uasset" 4901
"/Game/__ExternalActors__/ThirdPerson/Lvl_ThirdPerson/C/SE/DEMWVB41EO2NC78ZCRTWPW" 4902
"../../../../../unreal projects/MyProject/Content/__ExternalActors__/ThirdPerson/Lvl_ThirdPerson/C/SE/DEMWVB41EO2NC78ZCRTWPW.uasset" 4903
"/Game/__ExternalActors__/ThirdPerson/Lvl_ThirdPerson/C/UG/4ALQP03TINIE5DMHQ61SYW" 4904
"../../../../../unreal projects/MyProject/Content/__ExternalActors__/ThirdPerson/Lvl_ThirdPerson/C/UG/4ALQP03TINIE5DMHQ61SYW.uasset" 4905
"/Game/__ExternalActors__/ThirdPerson/Lvl_ThirdPerson/C/VU/7PVKW7TGXD7VHWKOD9ZLX1" 4906
"../../../../../unreal projects/MyProject/Content/__ExternalActors__/ThirdPerson/Lvl_ThirdPerson/C/VU/7PVKW7TGXD7VHWKOD9ZLX1.uasset" 4907
"/Game/__ExternalActors__/ThirdPerson/Lvl_ThirdPerson/C/WZ/FCF3QDG2387H6CD4NLFGRX" 4908
"../../../../../unreal projects/MyProject/Content/__ExternalActors__/ThirdPerson/Lvl_ThirdPerson/C/WZ/FCF3QDG2387H6CD4NLFGRX.uasset" 4909
"/Game/__ExternalActors__/ThirdPerson/Lvl_ThirdPerson/C/XT/0D4Q3NS1KEC7GHFCNZCGBQ" 4910
"../../../../../unreal projects/MyProject/Content/__ExternalActors__/ThirdPerson/Lvl_ThirdPerson/C/XT/0D4Q3NS1KEC7GHFCNZCGBQ.uasset" 4911
"/Game/__ExternalActors__/ThirdPerson/Lvl_ThirdPerson/C/YB/E2R0BOUTHZEFZTOREXOXBD" 4912
"../../../../../unreal projects/MyProject/Content/__ExternalActors__/ThirdPerson/Lvl_ThirdPerson/C/YB/E2R0BOUTHZEFZTOREXOXBD.uasset" 4913
"/Game/__ExternalActors__/ThirdPerson/Lvl_ThirdPerson/C/Z4/V94BMU6B5HMUZE3GVIRIDK" 4914
"../../../../../unreal projects/MyProject/Content/__ExternalActors__/ThirdPerson/Lvl_ThirdPerson/C/Z4/V94BMU6B5HMUZE3GVIRIDK.uasset" 4915
"/Game/__ExternalActors__/ThirdPerson/Lvl_ThirdPerson/D/1R/QJRS4AH2ZSYOR2QZ1X46MG" 4916
"../../../../../unreal projects/MyProject/Content/__ExternalActors__/ThirdPerson/Lvl_ThirdPerson/D/1R/QJRS4AH2ZSYOR2QZ1X46MG.uasset" 4917
"/Game/__ExternalActors__/ThirdPerson/Lvl_ThirdPerson/D/1V/I8P1QU9DJ4IWC9PR7HGDF8" 4918
"../../../../../unreal projects/MyProject/Content/__ExternalActors__/ThirdPerson/Lvl_ThirdPerson/D/1V/I8P1QU9DJ4IWC9PR7HGDF8.uasset" 4919
"/Game/__ExternalActors__/ThirdPerson/Lvl_ThirdPerson/D/2F/Z86D4LQTLKSQR9UHYDVSS7" 4920
"../../../../../unreal projects/MyProject/Content/__ExternalActors__/ThirdPerson/Lvl_ThirdPerson/D/2F/Z86D4LQTLKSQR9UHYDVSS7.uasset" 4921
"/Game/__ExternalActors__/ThirdPerson/Lvl_ThirdPerson/D/2J/BOKIZ467RRJOKL5GHZKTZI" 4922
"../../../../../unreal projects/MyProject/Content/__ExternalActors__/ThirdPerson/Lvl_ThirdPerson/D/2J/BOKIZ467RRJOKL5GHZKTZI.uasset" 4923
"/Game/__ExternalActors__/ThirdPerson/Lvl_ThirdPerson/D/3S/YB43VZWNES46EO35KMCHOJ" 4924
"../../../../../unreal projects/MyProject/Content/__ExternalActors__/ThirdPerson/Lvl_ThirdPerson/D/3S/YB43VZWNES46EO35KMCHOJ.uasset" 4925
"/Game/__ExternalActors__/ThirdPerson/Lvl_ThirdPerson/D/4K/6FTWJPWAABVT24SML8UP0O" 4926
"../../../../../unreal projects/MyProject/Content/__ExternalActors__/ThirdPerson/Lvl_ThirdPerson/D/4K/6FTWJPWAABVT24SML8UP0O.uasset" 4927
"/Game/__ExternalActors__/ThirdPerson/Lvl_ThirdPerson/D/4X/WI2MUFYR8HPDE2PESCDDO8" 4928
"../../../../../unreal projects/MyProject/Content/__ExternalActors__/ThirdPerson/Lvl_ThirdPerson/D/4X/WI2MUFYR8HPDE2PESCDDO8.uasset" 4929
"/Game/__ExternalActors__/ThirdPerson/Lvl_ThirdPerson/D/55/4Y9FG9PN190PWYKSFND0FX" 4930
"../../../../../unreal projects/MyProject/Content/__ExternalActors__/ThirdPerson/Lvl_ThirdPerson/D/55/4Y9FG9PN190PWYKSFND0FX.uasset" 4931
"/Game/__ExternalActors__/ThirdPerson/Lvl_ThirdPerson/D/7H/R3BG7V2TUAGR64620131LI" 4932
"../../../../../unreal projects/MyProject/Content/__ExternalActors__/ThirdPerson/Lvl_ThirdPerson/D/7H/R3BG7V2TUAGR64620131LI.uasset" 4933
"/Game/__ExternalActors__/ThirdPerson/Lvl_ThirdPerson/D/8C/1OTA87VZSPMGLNO6PEJ99P" 4934
"../../../../../unreal projects/MyProject/Content/__ExternalActors__/ThirdPerson/Lvl_ThirdPerson/D/8C/1OTA87VZSPMGLNO6PEJ99P.uasset" 4935
"/Game/__ExternalActors__/ThirdPerson/Lvl_ThirdPerson/D/8V/WK18WSYLZOZMXEHQO7MO29" 4936
"../../../../../unreal projects/MyProject/Content/__ExternalActors__/ThirdPerson/Lvl_ThirdPerson/D/8V/WK18WSYLZOZMXEHQO7MO29.uasset" 4937
"/Game/__ExternalActors__/ThirdPerson/Lvl_ThirdPerson/D/AR/YCUVKID0BEPLCX3P2UCRN8" 4938
"../../../../../unreal projects/MyProject/Content/__ExternalActors__/ThirdPerson/Lvl_ThirdPerson/D/AR/YCUVKID0BEPLCX3P2UCRN8.uasset" 4939
"/Game/__ExternalActors__/ThirdPerson/Lvl_ThirdPerson/D/AV/C2DBS7GA9ZZFUK62WGR8HM" 4940
"../../../../../unreal projects/MyProject/Content/__ExternalActors__/ThirdPerson/Lvl_ThirdPerson/D/AV/C2DBS7GA9ZZFUK62WGR8HM.uasset" 4941
"/Game/__ExternalActors__/ThirdPerson/Lvl_ThirdPerson/D/AY/KLCRMXKI9WR2P0GDY96C36" 4942
"../../../../../unreal projects/MyProject/Content/__ExternalActors__/ThirdPerson/Lvl_ThirdPerson/D/AY/KLCRMXKI9WR2P0GDY96C36.uasset" 4943
"/Game/__ExternalActors__/ThirdPerson/Lvl_ThirdPerson/D/DH/V2PHCW05MQXC6OP14T99TR" 4944
"../../../../../unreal projects/MyProject/Content/__ExternalActors__/ThirdPerson/Lvl_ThirdPerson/D/DH/V2PHCW05MQXC6OP14T99TR.uasset" 4945
"/Game/__ExternalActors__/ThirdPerson/Lvl_ThirdPerson/D/EK/FUU6AIHWLDSGUTIXOVQQ8P" 4946
"../../../../../unreal projects/MyProject/Content/__ExternalActors__/ThirdPerson/Lvl_ThirdPerson/D/EK/FUU6AIHWLDSGUTIXOVQQ8P.uasset" 4947
"/Game/__ExternalActors__/ThirdPerson/Lvl_ThirdPerson/D/IC/4Y0H6Y0QAOU9ZGLYY8SB4K" 4948
"../../../../../unreal projects/MyProject/Content/__ExternalActors__/ThirdPerson/Lvl_ThirdPerson/D/IC/4Y0H6Y0QAOU9ZGLYY8SB4K.uasset" 4949
"/Game/__ExternalActors__/ThirdPerson/Lvl_ThirdPerson/D/IF/J6IB9V1CP07HINT957F604" 4950
"../../../../../unreal projects/MyProject/Content/__ExternalActors__/ThirdPerson/Lvl_ThirdPerson/D/IF/J6IB9V1CP07HINT957F604.uasset" 4951
"/Game/__ExternalActors__/ThirdPerson/Lvl_ThirdPerson/D/JZ/MJA59WIYYKTHR7HXO3GTVV" 4952
"../../../../../unreal projects/MyProject/Content/__ExternalActors__/ThirdPerson/Lvl_ThirdPerson/D/JZ/MJA59WIYYKTHR7HXO3GTVV.uasset" 4953
"/Game/__ExternalActors__/ThirdPerson/Lvl_ThirdPerson/D/K5/NQBPXM7AM8N39CBW4ZT57P" 4954
"../../../../../unreal projects/MyProject/Content/__ExternalActors__/ThirdPerson/Lvl_ThirdPerson/D/K5/NQBPXM7AM8N39CBW4ZT57P.uasset" 4955
"../../../../../unreal projects/MyProject/Content/PM_Soil.uasset" 4956
"/Game/__ExternalActors__/ThirdPerson/Lvl_ThirdPerson/D/K9/BW7N9738K8JOKWVGS93G0K" 4957
"../../../../../unreal projects/MyProject/Content/__ExternalActors__/ThirdPerson/Lvl_ThirdPerson/D/K9/BW7N9738K8JOKWVGS93G0K.uasset" 4958
"/Game/__ExternalActors__/ThirdPerson/Lvl_ThirdPerson/D/LJ/H94BBJ2QUHWK280MFJBN6K" 4959
"../../../../../unreal projects/MyProject/Content/__ExternalActors__/ThirdPerson/Lvl_ThirdPerson/D/LJ/H94BBJ2QUHWK280MFJBN6K.uasset" 4960
"/Game/__ExternalActors__/ThirdPerson/Lvl_ThirdPerson/D/T8/9T71BPPCFQ9NIS375VT39M" 4961
"../../../../../unreal projects/MyProject/Content/__ExternalActors__/ThirdPerson/Lvl_ThirdPerson/D/T8/9T71BPPCFQ9NIS375VT39M.uasset" 4962
"/Game/__ExternalActors__/ThirdPerson/Lvl_ThirdPerson/D/UP/HPYFM0M66LX5ZE83SDOEA5" 4963
"../../../../../unreal projects/MyProject/Content/__ExternalActors__/ThirdPerson/Lvl_ThirdPerson/D/UP/HPYFM0M66LX5ZE83SDOEA5.uasset" 4964
"/Game/__ExternalActors__/ThirdPerson/Lvl_ThirdPerson/D/UU/QF4ORANDAHY69IG4H9N0FQ" 4965
"../../../../../unreal projects/MyProject/Content/__ExternalActors__/ThirdPerson/Lvl_ThirdPerson/D/UU/QF4ORANDAHY69IG4H9N0FQ.uasset" 4966
"/Game/__ExternalActors__/ThirdPerson/Lvl_ThirdPerson/D/Z7/S3QDV106UMFNZLVHSRKHP9" 4967
"../../../../../unreal projects/MyProject/Content/__ExternalActors__/ThirdPerson/Lvl_ThirdPerson/D/Z7/S3QDV106UMFNZLVHSRKHP9.uasset" 4968
"/Game/__ExternalActors__/ThirdPerson/Lvl_ThirdPerson/E/0J/PQUXN1Q2VNH0LNNDD7CZPI" 4969
"../../../../../unreal projects/MyProject/Content/__ExternalActors__/ThirdPerson/Lvl_ThirdPerson/E/0J/PQUXN1Q2VNH0LNNDD7CZPI.uasset" 4970
"/Game/__ExternalActors__/ThirdPerson/Lvl_ThirdPerson/E/1F/B37K07Y0S8TXYPFZ8D0IVG" 4971
"../../../../../unreal projects/MyProject/Content/__ExternalActors__/ThirdPerson/Lvl_ThirdPerson/E/1F/B37K07Y0S8TXYPFZ8D0IVG.uasset" 4972
"/Game/__ExternalActors__/ThirdPerson/Lvl_ThirdPerson/E/3B/SF247D65V4R9QII12PM1W9" 4973
"../../../../../unreal projects/MyProject/Content/__ExternalActors__/ThirdPerson/Lvl_ThirdPerson/E/3B/SF247D65V4R9QII12PM1W9.uasset" 4974
"/Game/__ExternalActors__/ThirdPerson/Lvl_ThirdPerson/E/3E/NDL05PMTBBA4J78783CPMQ" 4975
"../../../../../unreal projects/MyProject/Content/__ExternalActors__/ThirdPerson/Lvl_ThirdPerson/E/3E/NDL05PMTBBA4J78783CPMQ.uasset" 4976
"/Game/__ExternalActors__/ThirdPerson/Lvl_ThirdPerson/E/6A/BYIABFVNUEHNJ8DL95OS7F" 4977
"../../../../../unreal projects/MyProject/Content/__ExternalActors__/ThirdPerson/Lvl_ThirdPerson/E/6A/BYIABFVNUEHNJ8DL95OS7F.uasset" 4978
"/Game/__ExternalActors__/ThirdPerson/Lvl_ThirdPerson/E/96/RFQP83S9K0LC7IW8CXS6C0" 4979
"../../../../../unreal projects/MyProject/Content/__ExternalActors__/ThirdPerson/Lvl_ThirdPerson/E/96/RFQP83S9K0LC7IW8CXS6C0.uasset" 4980
"/Game/__ExternalActors__/ThirdPerson/Lvl_ThirdPerson/E/AP/MHNZ1KOQYX2MJWZAXZ0YPT" 4981
"../../../../../unreal projects/MyProject/Content/__ExternalActors__/ThirdPerson/Lvl_ThirdPerson/E/AP/MHNZ1KOQYX2MJWZAXZ0YPT.uasset" 4982
"/Game/__ExternalActors__/ThirdPerson/Lvl_ThirdPerson/E/B0/HS4ZVY782A9NKJ6PT4RBOB" 4983
"../../../../../unreal projects/MyProject/Content/__ExternalActors__/ThirdPerson/Lvl_ThirdPerson/E/B0/HS4ZVY782A9NKJ6PT4RBOB.uasset" 4984
"/Game/__ExternalActors__/ThirdPerson/Lvl_ThirdPerson/E/C4/W0AX4EVKOF3MBP4G6AO1AV" 4985
"../../../../../unreal projects/MyProject/Content/__ExternalActors__/ThirdPerson/Lvl_ThirdPerson/E/C4/W0AX4EVKOF3MBP4G6AO1AV.uasset" 4986
"/Game/__ExternalActors__/ThirdPerson/Lvl_ThirdPerson/E/CY/CW71IIL9RTL8WSN2VJ101S" 4987
"../../../../../unreal projects/MyProject/Content/__ExternalActors__/ThirdPerson/Lvl_ThirdPerson/E/CY/CW71IIL9RTL8WSN2VJ101S.uasset" 4988
"/Game/__ExternalActors__/ThirdPerson/Lvl_ThirdPerson/E/FD/E8MOCLUGJ7SCMPLKIM7QG2" 4989
"../../../../../unreal projects/MyProject/Content/__ExternalActors__/ThirdPerson/Lvl_ThirdPerson/E/FD/E8MOCLUGJ7SCMPLKIM7QG2.uasset" 4990
"/Game/__ExternalActors__/ThirdPerson/Lvl_ThirdPerson/E/G5/VRU5HJ4OVK48QJL9RVZSC2" 4991
"../../../../../unreal projects/MyProject/Content/__ExternalActors__/ThirdPerson/Lvl_ThirdPerson/E/G5/VRU5HJ4OVK48QJL9RVZSC2.uasset" 4992
"/Game/__ExternalActors__/ThirdPerson/Lvl_ThirdPerson/E/HZ/A7X374IGH5L330WO0AWL72" 4993
"../../../../../unreal projects/MyProject/Content/__ExternalActors__/ThirdPerson/Lvl_ThirdPerson/E/HZ/A7X374IGH5L330WO0AWL72.uasset" 4994
"/Game/__ExternalActors__/ThirdPerson/Lvl_ThirdPerson/E/JN/ZH060V9GMNFCWTHX3TUE1N" 4995
"../../../../../unreal projects/MyProject/Content/__ExternalActors__/ThirdPerson/Lvl_ThirdPerson/E/JN/ZH060V9GMNFCWTHX3TUE1N.uasset" 4996
"/Game/__ExternalActors__/ThirdPerson/Lvl_ThirdPerson/E/LZ/FM6WFNSZ2FGPSKV3NJXDXP" 4997
"../../../../../unreal projects/MyProject/Content/__ExternalActors__/ThirdPerson/Lvl_ThirdPerson/E/LZ/FM6WFNSZ2FGPSKV3NJXDXP.uasset" 4998
"/Game/__ExternalActors__/ThirdPerson/Lvl_ThirdPerson/E/N2/EBRZ240UJOUI8FT8Y9BRQJ" 4999
"../../../../../unreal projects/MyProject/Content/__ExternalActors__/ThirdPerson/Lvl_ThirdPerson/E/N2/EBRZ240UJOUI8FT8Y9BRQJ.uasset" 5000
"/Game/__ExternalActors__/ThirdPerson/Lvl_ThirdPerson/E/ND/DUKCRHYOD1HUL7FK8M11AU" 5001
"../../../../../unreal projects/MyProject/Content/__ExternalActors__/ThirdPerson/Lvl_ThirdPerson/E/ND/DUKCRHYOD1HUL7FK8M11AU.uasset" 5002
"/Game/__ExternalActors__/ThirdPerson/Lvl_ThirdPerson/E/NP/4PP1GAC25VJK4SMHY9KGJM" 5003
"../../../../../unreal projects/MyProject/Content/__ExternalActors__/ThirdPerson/Lvl_ThirdPerson/E/NP/4PP1GAC25VJK4SMHY9KGJM.uasset" 5004
"/Game/__ExternalActors__/ThirdPerson/Lvl_ThirdPerson/E/P4/0JFMR3LVNQ0X5GBMN1MR43" 5005
"../../../../../unreal projects/MyProject/Content/__ExternalActors__/ThirdPerson/Lvl_ThirdPerson/E/P4/0JFMR3LVNQ0X5GBMN1MR43.uasset" 5006
"/Game/__ExternalActors__/ThirdPerson/Lvl_ThirdPerson/E/P7/QCJK4S5MGC6NX51F724NFR" 5007
"../../../../../unreal projects/MyProject/Content/__ExternalActors__/ThirdPerson/Lvl_ThirdPerson/E/P7/QCJK4S5MGC6NX51F724NFR.uasset" 5008
"/Game/__ExternalActors__/ThirdPerson/Lvl_ThirdPerson/E/PJ/D104LKEKNDSOHPI5D5S1C7" 5009
"../../../../../unreal projects/MyProject/Content/__ExternalActors__/ThirdPerson/Lvl_ThirdPerson/E/PJ/D104LKEKNDSOHPI5D5S1C7.uasset" 5010
"/Game/__ExternalActors__/ThirdPerson/Lvl_ThirdPerson/E/QU/RQT6NW3P6Z70TEG8GKDDSB" 5011
"../../../../../unreal projects/MyProject/Content/__ExternalActors__/ThirdPerson/Lvl_ThirdPerson/E/QU/RQT6NW3P6Z70TEG8GKDDSB.uasset" 5012
"/Game/__ExternalActors__/ThirdPerson/Lvl_ThirdPerson/E/Z3/ND6U5NAMJUN3PM071GLZAM" 5013
"../../../../../unreal projects/MyProject/Content/__ExternalActors__/ThirdPerson/Lvl_ThirdPerson/E/Z3/ND6U5NAMJUN3PM071GLZAM.uasset" 5014
"/Game/__ExternalActors__/ThirdPerson/Lvl_ThirdPerson/E/ZB/DTI55YROH6D6FGITXYSDPK" 5015
"../../../../../unreal projects/MyProject/Content/__ExternalActors__/ThirdPerson/Lvl_ThirdPerson/E/ZB/DTI55YROH6D6FGITXYSDPK.uasset" 5016
"/Game/__ExternalActors__/ThirdPerson/Lvl_ThirdPerson/F/0J/TNCBTZGHSEKB6RYN8VL0CA" 5017
"../../../../../unreal projects/MyProject/Content/__ExternalActors__/ThirdPerson/Lvl_ThirdPerson/F/0J/TNCBTZGHSEKB6RYN8VL0CA.uasset" 5018
"/Game/__ExternalActors__/ThirdPerson/Lvl_ThirdPerson/F/3V/X22LUS4ALXGFPLU7VL24DC" 5019
"../../../../../unreal projects/MyProject/Content/__ExternalActors__/ThirdPerson/Lvl_ThirdPerson/F/3V/X22LUS4ALXGFPLU7VL24DC.uasset" 5020
"/Game/__ExternalActors__/ThirdPerson/Lvl_ThirdPerson/F/4G/TYFCMQ9MC435YW6FZBF5FS" 5021
"../../../../../unreal projects/MyProject/Content/__ExternalActors__/ThirdPerson/Lvl_ThirdPerson/F/4G/TYFCMQ9MC435YW6FZBF5FS.uasset" 5022
"/Game/__ExternalActors__/ThirdPerson/Lvl_ThirdPerson/F/51/AXUPYB1G7RU8NN2FXX6SIH" 5023
"../../../../../unreal projects/MyProject/Content/__ExternalActors__/ThirdPerson/Lvl_ThirdPerson/F/51/AXUPYB1G7RU8NN2FXX6SIH.uasset" 5024
"/Engine/EditorResources/EmptyActor" 5025
"../../../Engine/Content/EditorResources/EmptyActor.uasset" 5026
"/Engine/EditorResources/LightIcons/S_LightError" 5027
"../../../Engine/Content/EditorResources/LightIcons/S_LightError.uasset" 5028
"/MetaHumanCharacter/BuildPipeline/DefaultWardobePipeline/DefaultOutfitPipeline" 5029
"/Game/ThirdPerson/Lvl_Menu" 5030
"../../../../../unreal projects/MyProject/Content/ThirdPerson/Lvl_Menu.umap" 5031
"../../../Engine/Plugins/MetaHuman/MetaHumanCharacter/Content/BuildPipeline/DefaultWardobePipeline/DefaultSkeletalMeshPipeline.uasset" 5032
"../../../Engine/Plugins/MetaHuman/MetaHumanCharacter/Content/BuildPipeline/DefaultWardobePipeline/DefaultGroomPipeline.uasset" 5033
"../../../Engine/Plugins/MetaHuman/MetaHumanCharacter/Content/BuildPipeline/BP_MetaHuman_Legacy.uasset" 5034
"../../../Engine/Plugins/Experimental/ChaosOutfitAsset/Content/ResizeOutfitTemplate.uasset" 5035
"../../../Engine/Plugins/MetaHuman/MetaHumanCharacter/Content/BuildPipeline/BP_DefaultLegacyPipeline_High.uasset" 5036
"../../../Engine/Plugins/MetaHuman/MetaHumanCharacter/Content/BuildPipeline/BP_DefaultLegacyPipeline_Medium.uasset" 5037
"../../../Engine/Plugins/MetaHuman/MetaHumanCharacter/Content/BuildPipeline/BP_MetaHuman_Legacy_Medium.uasset" 5038
"../../../Engine/Plugins/MetaHuman/MetaHumanCharacter/Content/BuildPipeline/BP_MetaHuman_Legacy_High.uasset" 5039
"../../../Engine/Plugins/MetaHuman/MetaHumanCharacter/Content/BuildPipeline/BP_DefaultLegacyPipeline.uasset" 5040
"../../../Engine/Plugins/MetaHuman/MetaHumanCharacter/Content/BuildPipeline/BP_MetaHuman_Legacy_Low.uasset" 5041
"../../../Engine/Plugins/Interchange/Assets/Content/Functions/MF_Iridescence.uasset" 5042
"../../../Engine/Plugins/MetaHuman/MetaHumanCharacter/Content/BuildPipeline/BP_DefaultLegacyPipeline_Low.uasset" 5043
"../../../Engine/Plugins/Interchange/Assets/Content/gltf/MaterialInstances/MI_ClearCoat_Mask.uasset" 5044
"../../../Engine/Plugins/Interchange/Assets/Content/gltf/MaterialInstances/MI_ClearCoat_Blend.uasset" 5045
"../../../Engine/Plugins/Interchange/Assets/Content/gltf/MaterialBodies/MF_ClearCoat_Body.uasset" 5046
"../../../Engine/Plugins/Interchange/Assets/Content/gltf/MaterialFunctions/MF_Clearcoat.uasset" 5047
"../../../Engine/Plugins/Interchange/Assets/Content/gltf/MaterialInstances/MI_ClearCoat_Blend_DS.uasset" 5048
"../../../Engine/Content/Functions/Engine_MaterialFunctions03/Math/RemapValueRange.uasset" 5049
"../../../Engine/Plugins/Interchange/Assets/Content/gltf/MaterialInstances/MI_Default_Blend.uasset" 5050
"../../../Engine/Plugins/Interchange/Assets/Content/gltf/MaterialInstances/MI_Default_Mask_DS.uasset" 5051
"../../../Engine/Plugins/Interchange/Assets/Content/gltf/MaterialInstances/MI_Default_Mask.uasset" 5052
"../../../Engine/Plugins/Interchange/Assets/Content/Utilities/New_LUT.uasset" 5053
"../../../Engine/Plugins/Interchange/Assets/Content/gltf/MaterialInstances/MI_Sheen_Mask.uasset" 5054
"../../../Engine/Plugins/Interchange/Assets/Content/gltf/MaterialInstances/MI_Sheen_Opaque.uasset" 5055
"../../../Engine/Plugins/Interchange/Assets/Content/gltf/MaterialInstances/MI_ClearCoat_Mask_DS.uasset" 5056
"../../../Engine/Plugins/Interchange/Assets/Content/gltf/MaterialBodies/MF_Sheen_Body.uasset" 5057
"../../../Engine/Plugins/Interchange/Assets/Content/gltf/MaterialInstances/MI_ClearCoat_Opaque_DS.uasset" 5058
"../../../Engine/Plugins/Interchange/Assets/Content/gltf/MaterialInstances/MI_ClearCoat_Opaque.uasset" 5059
"../../../Engine/Plugins/Interchange/Assets/Content/gltf/M_ClearCoat.uasset" 5060
"../../../Engine/Plugins/Interchange/Assets/Content/gltf/MaterialFunctions/MF_Sheen.uasset" 5061
"../../../Engine/Plugins/Interchange/Assets/Content/gltf/MaterialInstances/MI_Default_Blend_DS.uasset" 5062
"../../../Engine/Plugins/Interchange/Assets/Content/gltf/M_Sheen.uasset" 5063
"/InterchangeAssets/gltf/MaterialInstances/MI_Sheen_Opaque" 5064
"/InterchangeAssets/gltf/MaterialInstances/MI_Sheen_Mask" 5065
"/InterchangeAssets/gltf/MaterialInstances/MI_Default_Blend_DS" 5066
"/InterchangeAssets/gltf/MaterialInstances/MI_Default_Mask_DS" 5067
"/InterchangeAssets/gltf/MaterialInstances/MI_Default_Blend" 5068
"/InterchangeAssets/gltf/MaterialInstances/MI_Default_Mask" 5069
"/InterchangeAssets/gltf/MaterialInstances/MI_ClearCoat_Blend_DS" 5070
"/InterchangeAssets/gltf/MaterialInstances/MI_ClearCoat_Mask_DS" 5071
"/InterchangeAssets/gltf/MaterialInstances/MI_ClearCoat_Opaque_DS" 5072
"/InterchangeAssets/gltf/MaterialInstances/MI_ClearCoat_Blend" 5073
"/InterchangeAssets/gltf/MaterialInstances/MI_ClearCoat_Mask" 5074
"/InterchangeAssets/gltf/MaterialInstances/MI_ClearCoat_Opaque" 5075
"/MetaHumanCharacter/BuildPipeline/BP_DefaultLegacyPipeline_Low" 5076
"../../../Engine/Plugins/Interchange/Assets/Content/gltf/MaterialInstances/MI_Sheen_Blend.uasset" 5077
"../../../Engine/Plugins/Interchange/Assets/Content/gltf/MaterialInstances/MI_Sheen_Opaque_DS.uasset" 5078
"../../../Engine/Plugins/Interchange/Assets/Content/gltf/MaterialFunctions/MF_Transmission.uasset" 5079
"../../../Engine/Plugins/Interchange/Assets/Content/gltf/MaterialInstances/MI_Sheen_Mask_DS.uasset" 5080
"../../../Engine/Plugins/Interchange/Assets/Content/gltf/MaterialInstances/MI_Sheen_Blend_DS.uasset" 5081
"../../../Engine/Plugins/Interchange/Assets/Content/gltf/MaterialBodies/MF_Transmission_Body.uasset" 5082
"../../../Engine/Plugins/Interchange/Assets/Content/gltf/M_Transmission.uasset" 5083
"../../../Engine/Plugins/Interchange/Assets/Content/gltf/MaterialFunctions/MF_Temporal_Blur.uasset" 5084
"../../../Engine/Plugins/Interchange/Assets/Content/gltf/MaterialInstances/MI_Transmission.uasset" 5085
"../../../Engine/Plugins/Interchange/Assets/Content/gltf/MaterialFunctions/MF_Fresnel_DS.uasset" 5086
"../../../Engine/Plugins/Interchange/Assets/Content/gltf/MaterialFunctions/MF_PerceivedBrightness.uasset" 5087
"../../../Engine/Plugins/Interchange/Assets/Content/gltf/MaterialInstances/MI_SpecularGlossiness_Opaque_DS.uasset" 5088
"../../../Engine/Plugins/Interchange/Assets/Content/gltf/MaterialInstances/MI_SpecularGlossiness_Mask_DS.uasset" 5089
"../../../Engine/Content/Functions/Engine_MaterialFunctions01/Volumetrics/BeersLaw.uasset" 5090
"../../../Engine/Plugins/Interchange/Assets/Content/Functions/MX_Transmission.uasset" 5091
"../../../Engine/Plugins/Interchange/Assets/Content/gltf/MaterialFunctions/MF_DiffuseSpecGloss.uasset" 5092
"../../../Engine/Plugins/Interchange/Assets/Content/gltf/MaterialInstances/MI_SpecularGlossiness_Blend_DS.uasset" 5093
"../../../Engine/Plugins/Interchange/Assets/Content/gltf/MaterialFunctions/MF_SpecGlossToMetalRoughness.uasset" 5094
"../../../Engine/Plugins/Interchange/Assets/Content/Functions/MF_OrenNayerView.uasset" 5095
"../../../Engine/Content/Functions/Substrate/MF_SchlickInternal.uasset" 5096
"../../../Engine/Plugins/Interchange/Assets/Content/gltf/MaterialFunctions/MF_MaxComponentValue.uasset" 5097
"../../../Engine/Plugins/Interchange/Assets/Content/gltf/MaterialInstances/MI_Transmission_DS.uasset" 5098
"../../../Engine/Plugins/Interchange/Assets/Content/gltf/MaterialBodies/MF_Unlit_Body.uasset" 5099
"../../../Engine/Plugins/Interchange/Assets/Content/gltf/M_Unlit.uasset" 5100
"../../../Engine/Plugins/Interchange/Assets/Content/gltf/MaterialInstances/MI_SpecularGlossiness_Blend.uasset" 5101
"../../../Engine/Plugins/Interchange/Assets/Content/gltf/MaterialInstances/MI_SpecularGlossiness_Mask.uasset" 5102
"../../../Engine/Plugins/Interchange/Assets/Content/gltf/MaterialBodies/MF_SpecularGlossiness_Body.uasset" 5103
"../../../Engine/Plugins/Interchange/Assets/Content/gltf/M_SpecularGlossiness.uasset" 5104
"../../../Engine/Plugins/Interchange/Assets/Content/gltf/MaterialInstances/MI_SpecularGlossiness_Opaque.uasset" 5105
"../../../Engine/Plugins/Interchange/Assets/Content/Functions/MX_StandardSurface.uasset" 5106
"../../../Engine/Plugins/Interchange/Assets/Content/Functions/MX_TransmissionSurface.uasset" 5107
"../../../Engine/Plugins/Interchange/Assets/Content/Functions/MX_OpenPBR_Translucent.uasset" 5108
"/InterchangeAssets/Functions/MX_OpenPBR_Translucent" 5109
"/InterchangeAssets/gltf/M_Unlit" 5110
"/InterchangeAssets/gltf/MaterialInstances/MI_SpecularGlossiness_Blend_DS" 5111
"/InterchangeAssets/gltf/MaterialInstances/MI_SpecularGlossiness_Mask_DS" 5112
"/InterchangeAssets/gltf/MaterialInstances/MI_SpecularGlossiness_Opaque_DS" 5113
"/InterchangeAssets/gltf/MaterialInstances/MI_SpecularGlossiness_Blend" 5114
"/InterchangeAssets/gltf/MaterialInstances/MI_SpecularGlossiness_Mask" 5115
"/InterchangeAssets/gltf/MaterialInstances/MI_SpecularGlossiness_Opaque" 5116
"/InterchangeAssets/gltf/MaterialInstances/MI_Transmission_DS" 5117
"/InterchangeAssets/gltf/MaterialInstances/MI_Transmission" 5118
"/InterchangeAssets/gltf/MaterialInstances/MI_Sheen_Blend_DS" 5119
"/InterchangeAssets/gltf/MaterialInstances/MI_Sheen_Mask_DS" 5120
"/InterchangeAssets/gltf/MaterialInstances/MI_Sheen_Opaque_DS" 5121
"/InterchangeAssets/gltf/MaterialInstances/MI_Sheen_Blend" 5122
"../../../Engine/Plugins/Animation/ControlRig/Content/Controls/DefaultGizmoLibrary.uasset" 5123
"../../../Engine/Plugins/MetaHuman/MetaHumanCharacter/Content/Controls/CRSL_MetaHuman_Gizmo.uasset" 5124
"../../../Engine/Plugins/MetaHuman/MetaHumanCharacter/Content/Textures/T_BodyHideMask.uasset" 5125
"../../../Engine/Content/Functions/Engine_MaterialFunctions02/SmoothStep.uasset" 5126
"../../../Engine/Plugins/MetaHuman/MetaHumanCharacter/Content/Textures/T_Gray_Body_D.uasset" 5127
"../../../Engine/Plugins/MetaHuman/MetaHumanCharacter/Content/Textures/T_Gray_Body_R.uasset" 5128
"../../../Engine/Plugins/MetaHuman/MetaHumanCharacter/Content/Materials/M_GrayTexture_Body.uasset" 5129
"../../../Engine/Plugins/MetaHuman/MetaHumanCharacter/Content/Textures/T_Gray_N.uasset" 5130
"../../../Engine/Plugins/Interchange/Assets/Content/gltf/MaterialInstances/MI_Unlit_Opaque_DS.uasset" 5131
"../../../Engine/Plugins/MetaHuman/MetaHumanCharacter/Content/BuildPipeline/BP_MetaHuman_UEFN_High.uasset" 5132
"../../../Engine/Plugins/MetaHuman/MetaHumanCharacter/Content/Body/IdentityTemplate/SKM_Body.uasset" 5133
"../../../Engine/Plugins/MetaHuman/MetaHumanCharacter/Content/BuildPipeline/BP_MetaHuman_UEFN_Medium.uasset" 5134
"../../../Engine/Plugins/MetaHuman/MetaHumanCharacter/Content/BuildPipeline/BP_DefaultUEFNPipeline_Medium.uasset" 5135
"../../../Engine/Plugins/MetaHuman/MetaHumanCharacter/Content/BuildPipeline/BP_MetaHuman_UEFN_Low.uasset" 5136
"../../../Engine/Plugins/Interchange/Assets/Content/gltf/MaterialInstances/MI_Unlit_Mask.uasset" 5137
"../../../Engine/Plugins/MetaHuman/MetaHumanCharacter/Content/BuildPipeline/BP_DefaultUEFNPipeline_Low.uasset" 5138
"../../../Engine/Plugins/MetaHuman/MetaHumanCharacter/Content/Face/CR_MetaHuman_HeadMovement_IK_Proc.uasset" 5139
"../../../Engine/Plugins/Interchange/Assets/Content/gltf/MaterialInstances/MI_Unlit_Blend_DS.uasset" 5140
"../../../Engine/Plugins/MetaHuman/MetaHumanCharacter/Content/BuildPipeline/BP_MetaHuman.uasset" 5141
"../../../Engine/Plugins/MetaHuman/MetaHumanCharacter/Content/Body/ABP_Body_PostProcess.uasset" 5142
"../../../Engine/Plugins/Interchange/Assets/Content/Functions/MX_OpenPBR_Opaque.uasset" 5143
"../../../Engine/Plugins/Interchange/Assets/Content/gltf/MaterialInstances/MI_Unlit_Opaque.uasset" 5144
"../../../Engine/Plugins/MetaHuman/MetaHumanCharacter/Content/Materials/MF_GrayNormal.uasset" 5145
"../../../Engine/Plugins/Animation/ControlRig/Content/Controls/ControlRig_Sphere_solid.uasset" 5146
"../../../Engine/Plugins/MetaHuman/MetaHumanCharacter/Content/Body/IdentityTemplate/PHYS_Body.uasset" 5147
"../../../Engine/Plugins/MetaHuman/MetaHumanCharacter/Content/Textures/T_Default_BaseColor_White.uasset" 5148
"../../../Engine/Plugins/MetaHuman/MetaHumanCharacter/Content/BuildPipeline/BP_DefaultUEFNPipeline_High.uasset" 5149
"../../../Engine/Plugins/Animation/ControlRig/Content/Controls/ControlRig_Square_Joystick.uasset" 5150
"../../../Engine/Plugins/Interchange/Assets/Content/gltf/MaterialInstances/MI_Unlit_Blend.uasset" 5151
"../../../Engine/Plugins/Animation/ControlRig/Content/Controls/ControlRig_Line.uasset" 5152
"../../../Engine/Plugins/MetaHuman/MetaHumanCharacter/Content/BuildPipeline/BP_DefaultPipeline.uasset" 5153
"/ControlRig/Controls/ControlRig_Sphere_solid" 5154
"/ControlRig/Controls/ControlRig_Square_Joystick" 5155
"/ControlRig/Controls/ControlRig_Line" 5156
"/InterchangeAssets/Functions/MX_OpenPBR_Opaque" 5157
"/MetaHumanCharacter/BuildPipeline/BP_DefaultPipeline" 5158
"../../Plugins/Animation/ControlRig/Content/Controls/ControlRig_Sphere_solid.uasset" 5159
"../../Plugins/Animation/ControlRig/Content/Controls/ControlRig_Square_Joystick.uasset" 5160
"../../Plugins/Animation/ControlRig/Content/Controls/ControlRig_Line.uasset" 5161
"../../../Engine/Plugins/Interchange/Assets/Content/gltf/MaterialInstances/MI_Unlit_Mask_DS.uasset" 5162
"/MetaHumanCharacter/BuildPipeline/BP_DefaultUEFNPipeline_Low" 5163
"/MetaHumanCharacter/Body/IdentityTemplate/SKM_Body" 5164
"../../Plugins/MetaHuman/MetaHumanCharacter/Content/Body/IdentityTemplate/SKM_Body.uasset" 5165
"/InterchangeAssets/gltf/MaterialInstances/MI_Unlit_Blend_DS" 5166
"/InterchangeAssets/gltf/MaterialInstances/MI_Unlit_Opaque_DS" 5167
"/InterchangeAssets/gltf/MaterialInstances/MI_Unlit_Blend" 5168
"/InterchangeAssets/gltf/MaterialInstances/MI_Unlit_Mask" 5169
"/InterchangeAssets/gltf/MaterialInstances/MI_Unlit_Opaque" 5170
"/InterchangeAssets/gltf/MaterialInstances/MI_Unlit_Mask_DS" 5171
"../../../Engine/Plugins/Animation/ControlRig/Content/Controls/ControlRig_Arrow4_solid.uasset" 5172
"../../../Engine/Plugins/Animation/ControlRig/Content/Controls/ControlRig_Arrow_1mm.uasset" 5173
"../../../Engine/Plugins/Animation/ControlRig/Content/Controls/ControlRig_Arrow_3mm.uasset" 5174
"../../../Engine/Plugins/Animation/ControlRig/Content/Controls/ControlRig_Arrow4_3mm.uasset" 5175
"../../../Engine/Plugins/Animation/ControlRig/Content/Controls/ControlRig_Box_1mm.uasset" 5176
"../../../Engine/Plugins/Animation/ControlRig/Content/Controls/ControlRig_Arrow2_solid.uasset" 5177
"../../../Engine/Plugins/Animation/ControlRig/Content/Controls/ControlRig_Box_3mm.uasset" 5178
"../../../Engine/Plugins/Animation/ControlRig/Content/Controls/ControlRig_Arrow_solid.uasset" 5179
"../../../Engine/Plugins/Animation/ControlRig/Content/Controls/ControlRig_Arrow4_1mm.uasset" 5180
"../../../Engine/Plugins/Animation/ControlRig/Content/Controls/ControlRig_Arrow2_1mm.uasset" 5181
"../../../Engine/Plugins/Animation/ControlRig/Content/Controls/ControlRig_Arrow2_3mm.uasset" 5182
"../../../Engine/Plugins/Animation/ControlRig/Content/Controls/ControlRig_Circle_3mm.uasset" 5183
"../../../Engine/Plugins/Animation/ControlRig/Content/Controls/ControlRig_Circle_1mm.uasset" 5184
"../../../Engine/Plugins/Animation/ControlRig/Content/Controls/ControlRig_Circle_solid.uasset" 5185
"../../../Engine/Plugins/Animation/ControlRig/Content/Controls/ControlRig_Box_solid.uasset" 5186
"../../../Engine/Plugins/Animation/ControlRig/Content/Controls/ControlRig_Diamond_3mm.uasset" 5187
"../../../Engine/Plugins/Animation/ControlRig/Content/Controls/ControlRig_Diamond_1mm.uasset" 5188
"../../../Engine/Plugins/Animation/ControlRig/Content/Controls/ControlRig_HalfCircle_1mm.uasset" 5189
"../../../Engine/Plugins/Animation/ControlRig/Content/Controls/ControlRig_HalfCircle_3mm.uasset" 5190
"../../../Engine/Plugins/Animation/ControlRig/Content/Controls/ControlRig_Octagon_solid.uasset" 5191
"../../../Engine/Plugins/Animation/ControlRig/Content/Controls/ControlRig_Octagon_1mm.uasset" 5192
"../../../Engine/Plugins/Animation/ControlRig/Content/Controls/ControlRig_Hexagon_3mm.uasset" 5193
"../../../Engine/Plugins/Animation/ControlRig/Content/Controls/ControlRig_HalfCircle_solid.uasset" 5194
"../../../Engine/Plugins/Animation/ControlRig/Content/Controls/ControlRig_Hexagon_solid.uasset" 5195
"../../../Engine/Plugins/Animation/ControlRig/Content/Controls/ControlRig_Octagon_3mm.uasset" 5196
"../../../Engine/Plugins/Animation/ControlRig/Content/Controls/ControlRig_Diamond_solid.uasset" 5197
"../../../Engine/Plugins/Animation/ControlRig/Content/Controls/ControlRig_Hexagon_1mm.uasset" 5198
"../../../Engine/Plugins/Animation/ControlRig/Content/Controls/ControlRig_Pyramid_1mm.uasset" 5199
"../../../Engine/Plugins/Animation/ControlRig/Content/Controls/ControlRig_Pyramid_3mm.uasset" 5200
"../../../Engine/Plugins/Animation/ControlRig/Content/Controls/ControlRig_QuarterCircle_1mm.uasset" 5201
"../../../Engine/Plugins/Animation/ControlRig/Content/Controls/ControlRig_Pyramid_solid.uasset" 5202
"/ControlRig/Controls/ControlRig_QuarterCircle_1mm" 5203
"/ControlRig/Controls/ControlRig_Pyramid_solid" 5204
"/ControlRig/Controls/ControlRig_Pyramid_3mm" 5205
"/ControlRig/Controls/ControlRig_Pyramid_1mm" 5206
"/ControlRig/Controls/ControlRig_Octagon_solid" 5207
"/ControlRig/Controls/ControlRig_Octagon_3mm" 5208
"/ControlRig/Controls/ControlRig_Octagon_1mm" 5209
"/ControlRig/Controls/ControlRig_Hexagon_solid" 5210
"/ControlRig/Controls/ControlRig_Hexagon_3mm" 5211
"/ControlRig/Controls/ControlRig_Hexagon_1mm" 5212
"/ControlRig/Controls/ControlRig_HalfCircle_solid" 5213
"/ControlRig/Controls/ControlRig_HalfCircle_3mm" 5214
"/ControlRig/Controls/ControlRig_HalfCircle_1mm" 5215
"/ControlRig/Controls/ControlRig_Diamond_solid" 5216
"/ControlRig/Controls/ControlRig_Diamond_3mm" 5217
"/ControlRig/Controls/ControlRig_Diamond_1mm" 5218
"/ControlRig/Controls/ControlRig_Circle_solid" 5219
"/ControlRig/Controls/ControlRig_Circle_3mm" 5220
"/ControlRig/Controls/ControlRig_Circle_1mm" 5221
"/ControlRig/Controls/ControlRig_Box_solid" 5222
"/ControlRig/Controls/ControlRig_Box_3mm" 5223
"/ControlRig/Controls/ControlRig_Box_1mm" 5224
"/ControlRig/Controls/ControlRig_Arrow_solid" 5225
"/ControlRig/Controls/ControlRig_Arrow_3mm" 5226
"/ControlRig/Controls/ControlRig_Arrow_1mm" 5227
"/ControlRig/Controls/ControlRig_Arrow4_solid" 5228
"/ControlRig/Controls/ControlRig_Arrow4_3mm" 5229
"/ControlRig/Controls/ControlRig_Arrow4_1mm" 5230
"/ControlRig/Controls/ControlRig_Arrow2_solid" 5231
"/ControlRig/Controls/ControlRig_Arrow2_3mm" 5232
"/ControlRig/Controls/ControlRig_Arrow2_1mm" 5233
"../../../Engine/Plugins/Animation/DeformerGraph/Shaders/Private/DataInterfaceCustomComputeKernel.ush" 5234
"../../../Engine/Plugins/Animation/DeformerGraph/Shaders/Private/DataInterfaceCloth.ush" 5235
"../../../Engine/Plugins/Animation/DeformerGraph/Shaders/Private/DataInterfaceSkinnedMeshRead.ush" 5236
"../../../Engine/Plugins/Animation/DeformerGraph/Shaders/Private/DataInterfaceSkeleton.ush" 5237
"../../../Engine/Plugins/Animation/DeformerGraph/Shaders/Private/DataInterfaceSkeletonCommon.ush" 5238
"../../../Engine/Plugins/Animation/DeformerGraph/Shaders/Private/DataInterfaceMorphTarget.ush" 5239
"../../../Engine/Plugins/Animation/DeformerGraph/Shaders/Private/DataInterfaceSkinnedMeshWrite.ush" 5240
"../../../Engine/Plugins/Animation/ControlRig/Content/Controls/ControlRig_QuarterCircle_3mm.uasset" 5241
"../../../Engine/Plugins/Animation/ControlRig/Content/Controls/ControlRig_QuarterCircle_solid.uasset" 5242
"../../../Engine/Plugins/Animation/ControlRig/Content/Controls/ControlRig_RoundedSquare_1mm.uasset" 5243
"../../../Engine/Plugins/Animation/ControlRig/Content/Controls/ControlRig_RoundedTriangle_1mm.uasset" 5244
"../../../Engine/Plugins/Animation/ControlRig/Content/Controls/ControlRig_RoundedTriangle_3mm.uasset" 5245
"../../../Engine/Plugins/Animation/ControlRig/Content/Controls/ControlRig_RoundedTriangle_solid.uasset" 5246
"../../../Engine/Plugins/Animation/ControlRig/Content/Controls/ControlRig_Sphere_1mm.uasset" 5247
"../../../Engine/Plugins/Animation/ControlRig/Content/Controls/ControlRig_Square_3mm.uasset" 5248
"../../../Engine/Plugins/Animation/ControlRig/Content/Controls/ControlRig_RoundedSquare_3mm.uasset" 5249
"../../../Engine/Plugins/Animation/ControlRig/Content/Controls/ControlRig_RoundedSquare_solid.uasset" 5250
"../../../Engine/Plugins/Animation/ControlRig/Content/Controls/ControlRig_Wedge_1mm.uasset" 5251
"../../../Engine/Plugins/Animation/ControlRig/Content/Controls/ControlRig_Square_1mm.uasset" 5252
"../../../Engine/Plugins/Animation/ControlRig/Content/Controls/ControlRig_Triangle_solid.uasset" 5253
"../../../Engine/Plugins/Animation/ControlRig/Content/Controls/ControlRig_Square_solid.uasset" 5254
"../../../Engine/Plugins/Animation/ControlRig/Content/Controls/ControlRig_Sphere_3mm.uasset" 5255
"../../../Engine/Content/Maps/Entry.umap" 5256
"../../../Engine/Plugins/MetaHuman/MetaHumanCharacter/Content/Controls/M_RigControlActor_Black.uasset" 5257
"../../../Engine/Plugins/Animation/ControlRig/Content/Controls/ControlRig_Star4_1mm.uasset" 5258
"../../../Engine/Plugins/MetaHuman/MetaHumanCharacter/Content/Controls/SM_MetaHuman_Faceboard_2x.uasset" 5259
"../../../Engine/Plugins/Animation/ControlRig/Content/Controls/ControlRig_Star4_3mm.uasset" 5260
"../../../Engine/Content/EditorMaterials/PreviewShadowIndicator.uasset" 5261
"../../../Engine/Content/EditorMaterials/PreviewShadowIndicatorMaterial.uasset" 5262
"../../../Engine/Plugins/Animation/ControlRig/Content/Controls/ControlRig_Star4_solid.uasset" 5263
"../../../Engine/Content/EngineMaterials/Substrate/GLints/dict_16_192_64_0p5_0p02_0000_0001.uasset" 5264
"../../../Engine/Plugins/Animation/ControlRig/Content/Controls/ControlRig_Wedge_solid.uasset" 5265
"../../../Engine/Plugins/Animation/ControlRig/Content/Controls/ControlRig_Triangle_1mm.uasset" 5266
"../../../Engine/Plugins/Animation/ControlRig/Content/Controls/ControlRig_Triangle_3mm.uasset" 5267
"../../../Engine/Plugins/Animation/ControlRig/Content/Controls/ControlRig_Wedge_3mm.uasset" 5268
"../../../Engine/Content/Maps/Entry_BuiltData.uasset" 5269
"../../../Engine/Plugins/MetaHuman/MetaHumanCharacter/Content/Controls/SM_MetaHuman_Faceboard_FollowGrp.uasset" 5270
"../../../Engine/Content/EngineMaterials/Substrate/GLints/dict_16_192_64_0p5_0p02_0000_0000.uasset" 5271
"../../../Engine/Plugins/MetaHuman/MetaHumanCharacter/Content/Controls/SM_MetaHuman_Faceboard_Convergence.uasset" 5272
"../../Plugins/Animation/ControlRig/Content/Controls/ControlRig_QuarterCircle_1mm.uasset" 5273
"../../Plugins/Animation/ControlRig/Content/Controls/ControlRig_Pyramid_solid.uasset" 5274
"../../Plugins/Animation/ControlRig/Content/Controls/ControlRig_Pyramid_1mm.uasset" 5275
"../../Plugins/Animation/ControlRig/Content/Controls/ControlRig_Octagon_solid.uasset" 5276
"../../Plugins/Animation/ControlRig/Content/Controls/ControlRig_Octagon_3mm.uasset" 5277
"../../Plugins/Animation/ControlRig/Content/Controls/ControlRig_Pyramid_3mm.uasset" 5278
"../../Plugins/Animation/ControlRig/Content/Controls/ControlRig_Hexagon_1mm.uasset" 5279
"../../Plugins/Animation/ControlRig/Content/Controls/ControlRig_Hexagon_solid.uasset" 5280
"../../Plugins/Animation/ControlRig/Content/Controls/ControlRig_Hexagon_3mm.uasset" 5281
"../../Plugins/Animation/ControlRig/Content/Controls/ControlRig_Octagon_1mm.uasset" 5282
"../../Plugins/Animation/ControlRig/Content/Controls/ControlRig_Diamond_solid.uasset" 5283
"../../Plugins/Animation/ControlRig/Content/Controls/ControlRig_HalfCircle_3mm.uasset" 5284
"../../Plugins/Animation/ControlRig/Content/Controls/ControlRig_HalfCircle_1mm.uasset" 5285
"../../Plugins/Animation/ControlRig/Content/Controls/ControlRig_HalfCircle_solid.uasset" 5286
"../../Plugins/Animation/ControlRig/Content/Controls/ControlRig_Diamond_3mm.uasset" 5287
"../../Plugins/Animation/ControlRig/Content/Controls/ControlRig_Circle_solid.uasset" 5288
"../../Plugins/Animation/ControlRig/Content/Controls/ControlRig_Diamond_1mm.uasset" 5289
"../../Plugins/Animation/ControlRig/Content/Controls/ControlRig_Circle_3mm.uasset" 5290
"../../Plugins/Animation/ControlRig/Content/Controls/ControlRig_Circle_1mm.uasset" 5291
"../../Plugins/Animation/ControlRig/Content/Controls/ControlRig_Box_solid.uasset" 5292
"../../Plugins/Animation/ControlRig/Content/Controls/ControlRig_Box_3mm.uasset" 5293
"../../Plugins/Animation/ControlRig/Content/Controls/ControlRig_Box_1mm.uasset" 5294
"../../Plugins/Animation/ControlRig/Content/Controls/ControlRig_Arrow_solid.uasset" 5295
"../../Plugins/Animation/ControlRig/Content/Controls/ControlRig_Arrow_3mm.uasset" 5296
"../../Plugins/Animation/ControlRig/Content/Controls/ControlRig_Arrow_1mm.uasset" 5297
"../../Plugins/Animation/ControlRig/Content/Controls/ControlRig_Arrow4_solid.uasset" 5298
"../../Plugins/Animation/ControlRig/Content/Controls/ControlRig_Arrow4_3mm.uasset" 5299
"../../Plugins/Animation/ControlRig/Content/Controls/ControlRig_Arrow4_1mm.uasset" 5300
"../../Plugins/Animation/ControlRig/Content/Controls/ControlRig_Arrow2_solid.uasset" 5301
"../../Plugins/Animation/ControlRig/Content/Controls/ControlRig_Arrow2_3mm.uasset" 5302
"../../Plugins/Animation/ControlRig/Content/Controls/ControlRig_Arrow2_1mm.uasset" 5303
"../../../Engine/Plugins/Animation/DeformerGraph/Shaders/Private/DataInterfaceRawBuffer.ush" 5304
"../../../Engine/Plugins/Runtime/ComputeFramework/Shaders/Private/BufferAlias.ush" 5305
"../../../Engine/Plugins/Animation/DeformerGraph/Shaders/Private/DataInterfaceSkinnedMesh.ush" 5306
"../../../Engine/Plugins/Animation/DeformerGraph/Shaders/Private/DataInterfaceHalfEdge.ush" 5307
"/Engine/EngineMaterials/Substrate/GLints/dict_16_192_64_0p5_0p02_0000_0001" 5308
"/Engine/EngineMaterials/Substrate/GLints/dict_16_192_64_0p5_0p02_0000_0000" 5309
"/Engine/EditorMaterials/PreviewShadowIndicatorMaterial" 5310
"/MetaHumanCharacter/Controls/SM_MetaHuman_Faceboard_FollowGrp" 5311
"/MetaHumanCharacter/Controls/SM_MetaHuman_Faceboard_Convergence" 5312
"../../Plugins/MetaHuman/MetaHumanCharacter/Content/Controls/SM_MetaHuman_Faceboard_FollowGrp.uasset" 5313
"/MetaHumanCharacter/Controls/SM_MetaHuman_Faceboard_2x" 5314
"../../Plugins/MetaHuman/MetaHumanCharacter/Content/Controls/SM_MetaHuman_Faceboard_Convergence.uasset" 5315
"/Engine/Maps/Entry" 5316
"../../Plugins/MetaHuman/MetaHumanCharacter/Content/Controls/SM_MetaHuman_Faceboard_2x.uasset" 5317
"/ControlRig/Controls/ControlRig_Wedge_solid" 5318
"/ControlRig/Controls/ControlRig_Wedge_3mm" 5319
"../../Plugins/Animation/ControlRig/Content/Controls/ControlRig_Wedge_solid.uasset" 5320
"/ControlRig/Controls/ControlRig_Wedge_1mm" 5321
"../../Plugins/Animation/ControlRig/Content/Controls/ControlRig_Wedge_3mm.uasset" 5322
"../../Plugins/Animation/ControlRig/Content/Controls/ControlRig_Wedge_1mm.uasset" 5323
"/ControlRig/Controls/ControlRig_Triangle_solid" 5324
"/ControlRig/Controls/ControlRig_Triangle_3mm" 5325
"../../Plugins/Animation/ControlRig/Content/Controls/ControlRig_Triangle_solid.uasset" 5326
"/ControlRig/Controls/ControlRig_Triangle_1mm" 5327
"../../Plugins/Animation/ControlRig/Content/Controls/ControlRig_Triangle_3mm.uasset" 5328
"/ControlRig/Controls/ControlRig_Star4_solid" 5329
"../../Plugins/Animation/ControlRig/Content/Controls/ControlRig_Triangle_1mm.uasset" 5330
"/ControlRig/Controls/ControlRig_Star4_3mm" 5331
"../../Plugins/Animation/ControlRig/Content/Controls/ControlRig_Star4_solid.uasset" 5332
"/ControlRig/Controls/ControlRig_Star4_1mm" 5333
"../../Plugins/Animation/ControlRig/Content/Controls/ControlRig_Star4_3mm.uasset" 5334
"/ControlRig/Controls/ControlRig_Square_solid" 5335
"../../Plugins/Animation/ControlRig/Content/Controls/ControlRig_Star4_1mm.uasset" 5336
"/ControlRig/Controls/ControlRig_Square_3mm" 5337
"../../Plugins/Animation/ControlRig/Content/Controls/ControlRig_Square_solid.uasset" 5338
"/ControlRig/Controls/ControlRig_Square_1mm" 5339
"../../Plugins/Animation/ControlRig/Content/Controls/ControlRig_Square_3mm.uasset" 5340
"/ControlRig/Controls/ControlRig_Sphere_3mm" 5341
"../../Plugins/Animation/ControlRig/Content/Controls/ControlRig_Square_1mm.uasset" 5342
"/ControlRig/Controls/ControlRig_Sphere_1mm" 5343
"../../Plugins/Animation/ControlRig/Content/Controls/ControlRig_Sphere_3mm.uasset" 5344
"/ControlRig/Controls/ControlRig_RoundedTriangle_solid" 5345
"../../Plugins/Animation/ControlRig/Content/Controls/ControlRig_Sphere_1mm.uasset" 5346
"/ControlRig/Controls/ControlRig_RoundedTriangle_3mm" 5347
"../../Plugins/Animation/ControlRig/Content/Controls/ControlRig_RoundedTriangle_solid.uasset" 5348
"../../Plugins/Animation/ControlRig/Content/Controls/ControlRig_RoundedTriangle_3mm.uasset" 5349
"/ControlRig/Controls/ControlRig_RoundedTriangle_1mm" 5350
"/ControlRig/Controls/ControlRig_QuarterCircle_3mm" 5351
"../../Plugins/Animation/ControlRig/Content/Controls/ControlRig_RoundedTriangle_1mm.uasset" 5352
"/ControlRig/Controls/ControlRig_RoundedSquare_solid" 5353
"/ControlRig/Controls/ControlRig_RoundedSquare_3mm" 5354
"../../Plugins/Animation/ControlRig/Content/Controls/ControlRig_QuarterCircle_3mm.uasset" 5355
"../../Plugins/Animation/ControlRig/Content/Controls/ControlRig_RoundedSquare_solid.uasset" 5356
"/ControlRig/Controls/ControlRig_RoundedSquare_1mm" 5357
"/ControlRig/Controls/ControlRig_QuarterCircle_solid" 5358
"../../Plugins/Animation/ControlRig/Content/Controls/ControlRig_RoundedSquare_3mm.uasset" 5359
"../../Plugins/Animation/ControlRig/Content/Controls/ControlRig_RoundedSquare_1mm.uasset" 5360
"../../../Engine/Content/EngineMaterials/Substrate/GLints/dict_16_192_64_0p5_0p02_0000_0007.uasset" 5361
"../../../Engine/Content/EngineMaterials/Substrate/GLints/dict_16_192_64_0p5_0p02_0000_0006.uasset" 5362
"../../../Engine/Content/EngineMaterials/Substrate/GLints/dict_16_192_64_0p5_0p02_0000_0005.uasset" 5363
"../../../Engine/Content/EngineMaterials/Substrate/GLints/dict_16_192_64_0p5_0p02_0000_0008.uasset" 5364
"../../../Engine/Content/EngineMaterials/Substrate/GLints/dict_16_192_64_0p5_0p02_0000_0003.uasset" 5365
"../../../Engine/Content/EngineMaterials/Substrate/GLints/dict_16_192_64_0p5_0p02_0000_0004.uasset" 5366
"../../../Engine/Content/EngineMaterials/Substrate/GLints/dict_16_192_64_0p5_0p02_0000_0009.uasset" 5367
"../../../Engine/Content/EngineMaterials/Substrate/GLints/dict_16_192_64_0p5_0p02_0000_0002.uasset" 5368
"../../../Engine/Content/EngineMaterials/Substrate/GLints/dict_16_192_64_0p5_0p02_0000_0010.uasset" 5369
"../../../Engine/Content/EngineMaterials/Substrate/GLints/dict_16_192_64_0p5_0p02_0000_0012.uasset" 5370
"../../../Engine/Content/EngineMaterials/Substrate/GLints/dict_16_192_64_0p5_0p02_0000_0013.uasset" 5371
"../../../Engine/Content/EngineMaterials/Substrate/GLints/dict_16_192_64_0p5_0p02_0000_0011.uasset" 5372
"../../../Engine/Content/EngineMaterials/Substrate/GLints/dict_16_192_64_0p5_0p02_0001_0003.uasset" 5373
"../../../Engine/Content/EngineMaterials/Substrate/GLints/dict_16_192_64_0p5_0p02_0001_0000.uasset" 5374
"../../../Engine/Content/EngineMaterials/Substrate/GLints/dict_16_192_64_0p5_0p02_0000_0015.uasset" 5375
"../../../Engine/Content/EngineMaterials/Substrate/GLints/dict_16_192_64_0p5_0p02_0001_0006.uasset" 5376
"../../../Engine/Content/EngineMaterials/Substrate/GLints/dict_16_192_64_0p5_0p02_0001_0001.uasset" 5377
"../../../Engine/Content/EngineMaterials/Substrate/GLints/dict_16_192_64_0p5_0p02_0001_0005.uasset" 5378
"../../../Engine/Content/EngineMaterials/Substrate/GLints/dict_16_192_64_0p5_0p02_0000_0014.uasset" 5379
"../../../Engine/Content/EngineMaterials/Substrate/GLints/dict_16_192_64_0p5_0p02_0001_0007.uasset" 5380
"../../../Engine/Content/EngineMaterials/Substrate/GLints/dict_16_192_64_0p5_0p02_0001_0004.uasset" 5381
"../../../Engine/Content/EngineMaterials/Substrate/GLints/dict_16_192_64_0p5_0p02_0001_0011.uasset" 5382
"../../../Engine/Content/EngineMaterials/Substrate/GLints/dict_16_192_64_0p5_0p02_0001_0009.uasset" 5383
"../../../Engine/Content/EngineMaterials/Substrate/GLints/dict_16_192_64_0p5_0p02_0001_0014.uasset" 5384
"../../../Engine/Content/EngineMaterials/Substrate/GLints/dict_16_192_64_0p5_0p02_0001_0010.uasset" 5385
"../../../Engine/Content/EngineMaterials/Substrate/GLints/dict_16_192_64_0p5_0p02_0001_0012.uasset" 5386
"../../../Engine/Content/EngineMaterials/Substrate/GLints/dict_16_192_64_0p5_0p02_0001_0013.uasset" 5387
"../../../Engine/Content/EngineMaterials/Substrate/GLints/dict_16_192_64_0p5_0p02_0001_0015.uasset" 5388
"../../Plugins/Animation/ControlRig/Content/Controls/ControlRig_QuarterCircle_solid.uasset" 5389
"../../../Engine/Content/EngineMaterials/Substrate/GLints/dict_16_192_64_0p5_0p02_0001_0008.uasset" 5390
"../../../Engine/Content/EngineMaterials/Substrate/GLints/dict_16_192_64_0p5_0p02_0002_0001.uasset" 5391
"../../../Engine/Content/EngineMaterials/Substrate/GLints/dict_16_192_64_0p5_0p02_0002_0000.uasset" 5392
"../../../Engine/Content/EngineMaterials/Substrate/GLints/dict_16_192_64_0p5_0p02_0001_0002.uasset" 5393
"/Engine/EngineMaterials/Substrate/GLints/dict_16_192_64_0p5_0p02_0002_0001" 5394
"/Engine/EngineMaterials/Substrate/GLints/dict_16_192_64_0p5_0p02_0002_0000" 5395
"/Engine/EngineMaterials/Substrate/GLints/dict_16_192_64_0p5_0p02_0001_0015" 5396
"/Engine/EngineMaterials/Substrate/GLints/dict_16_192_64_0p5_0p02_0001_0014" 5397
"/Engine/EngineMaterials/Substrate/GLints/dict_16_192_64_0p5_0p02_0001_0013" 5398
"/Engine/EngineMaterials/Substrate/GLints/dict_16_192_64_0p5_0p02_0001_0012" 5399
"/Engine/EngineMaterials/Substrate/GLints/dict_16_192_64_0p5_0p02_0001_0011" 5400
"/Engine/EngineMaterials/Substrate/GLints/dict_16_192_64_0p5_0p02_0001_0010" 5401
"/Engine/EngineMaterials/Substrate/GLints/dict_16_192_64_0p5_0p02_0001_0009" 5402
"/Engine/EngineMaterials/Substrate/GLints/dict_16_192_64_0p5_0p02_0001_0008" 5403
"/Engine/EngineMaterials/Substrate/GLints/dict_16_192_64_0p5_0p02_0001_0007" 5404
"/Engine/EngineMaterials/Substrate/GLints/dict_16_192_64_0p5_0p02_0001_0006" 5405
"/Engine/EngineMaterials/Substrate/GLints/dict_16_192_64_0p5_0p02_0001_0005" 5406
"/Engine/EngineMaterials/Substrate/GLints/dict_16_192_64_0p5_0p02_0001_0004" 5407
"/Engine/EngineMaterials/Substrate/GLints/dict_16_192_64_0p5_0p02_0001_0003" 5408
"/Engine/EngineMaterials/Substrate/GLints/dict_16_192_64_0p5_0p02_0001_0002" 5409
"/Engine/EngineMaterials/Substrate/GLints/dict_16_192_64_0p5_0p02_0001_0001" 5410
"/Engine/EngineMaterials/Substrate/GLints/dict_16_192_64_0p5_0p02_0001_0000" 5411
"/Engine/EngineMaterials/Substrate/GLints/dict_16_192_64_0p5_0p02_0000_0015" 5412
"/Engine/EngineMaterials/Substrate/GLints/dict_16_192_64_0p5_0p02_0000_0014" 5413
"/Engine/EngineMaterials/Substrate/GLints/dict_16_192_64_0p5_0p02_0000_0013" 5414
"/Engine/EngineMaterials/Substrate/GLints/dict_16_192_64_0p5_0p02_0000_0012" 5415
"/Engine/EngineMaterials/Substrate/GLints/dict_16_192_64_0p5_0p02_0000_0011" 5416
"/Engine/EngineMaterials/Substrate/GLints/dict_16_192_64_0p5_0p02_0000_0010" 5417
"/Engine/EngineMaterials/Substrate/GLints/dict_16_192_64_0p5_0p02_0000_0009" 5418
"/Engine/EngineMaterials/Substrate/GLints/dict_16_192_64_0p5_0p02_0000_0008" 5419
"/Engine/EngineMaterials/Substrate/GLints/dict_16_192_64_0p5_0p02_0000_0007" 5420
"/Engine/EngineMaterials/Substrate/GLints/dict_16_192_64_0p5_0p02_0000_0006" 5421
"/Engine/EngineMaterials/Substrate/GLints/dict_16_192_64_0p5_0p02_0000_0005" 5422
"/Engine/EngineMaterials/Substrate/GLints/dict_16_192_64_0p5_0p02_0000_0004" 5423
"/Engine/EngineMaterials/Substrate/GLints/dict_16_192_64_0p5_0p02_0000_0003" 5424
"/Engine/EngineMaterials/Substrate/GLints/dict_16_192_64_0p5_0p02_0000_0002" 5425
"../../../Engine/Content/EngineMaterials/Substrate/GLints/dict_16_192_64_0p5_0p02_0002_0006.uasset" 5426
"../../../Engine/Content/EngineMaterials/Substrate/GLints/dict_16_192_64_0p5_0p02_0002_0005.uasset" 5427
"../../../Engine/Content/EngineMaterials/Substrate/GLints/dict_16_192_64_0p5_0p02_0002_0003.uasset" 5428
"../../../Engine/Content/EngineMaterials/Substrate/GLints/dict_16_192_64_0p5_0p02_0002_0002.uasset" 5429
"../../../Engine/Content/EngineMaterials/Substrate/GLints/dict_16_192_64_0p5_0p02_0002_0009.uasset" 5430
"../../../Engine/Content/EngineMaterials/Substrate/GLints/dict_16_192_64_0p5_0p02_0002_0007.uasset" 5431
"../../../Engine/Content/EngineMaterials/Substrate/GLints/dict_16_192_64_0p5_0p02_0002_0008.uasset" 5432
"../../../Engine/Content/EngineMaterials/Substrate/GLints/dict_16_192_64_0p5_0p02_0002_0011.uasset" 5433
"../../../Engine/Content/EngineMaterials/Substrate/GLints/dict_16_192_64_0p5_0p02_0002_0010.uasset" 5434
"../../../Engine/Content/EngineMaterials/Substrate/GLints/dict_16_192_64_0p5_0p02_0002_0012.uasset" 5435
"../../../Engine/Content/EngineMaterials/Substrate/GLints/dict_16_192_64_0p5_0p02_0002_0013.uasset" 5436
"../../../Engine/Content/EngineMaterials/Substrate/GLints/dict_16_192_64_0p5_0p02_0003_0000.uasset" 5437
"../../../Engine/Content/EngineMaterials/Substrate/GLints/dict_16_192_64_0p5_0p02_0002_0015.uasset" 5438
"../../../Engine/Content/EngineMaterials/Substrate/GLints/dict_16_192_64_0p5_0p02_0003_0001.uasset" 5439
"../../../Engine/Content/EngineMaterials/Substrate/GLints/dict_16_192_64_0p5_0p02_0003_0005.uasset" 5440
"../../../Engine/Content/EngineMaterials/Substrate/GLints/dict_16_192_64_0p5_0p02_0003_0004.uasset" 5441
"../../../Engine/Content/EngineMaterials/Substrate/GLints/dict_16_192_64_0p5_0p02_0003_0002.uasset" 5442
"../../../Engine/Content/EngineMaterials/Substrate/GLints/dict_16_192_64_0p5_0p02_0003_0008.uasset" 5443
"../../../Engine/Content/EngineMaterials/Substrate/GLints/dict_16_192_64_0p5_0p02_0003_0007.uasset" 5444
"../../../Engine/Content/EngineMaterials/Substrate/GLints/dict_16_192_64_0p5_0p02_0003_0003.uasset" 5445
"../../../Engine/Content/EngineMaterials/Substrate/GLints/dict_16_192_64_0p5_0p02_0003_0009.uasset" 5446
"../../../Engine/Content/EngineMaterials/Substrate/GLints/dict_16_192_64_0p5_0p02_0003_0006.uasset" 5447
"../../../Engine/Content/EngineMaterials/Substrate/GLints/dict_16_192_64_0p5_0p02_0004_0000.uasset" 5448
"../../../Engine/Content/EngineMaterials/Substrate/GLints/dict_16_192_64_0p5_0p02_0003_0011.uasset" 5449
"../../../Engine/Content/EngineMaterials/Substrate/GLints/dict_16_192_64_0p5_0p02_0003_0012.uasset" 5450
"../../../Engine/Content/EngineMaterials/Substrate/GLints/dict_16_192_64_0p5_0p02_0003_0014.uasset" 5451
"../../../Engine/Content/EngineMaterials/Substrate/GLints/dict_16_192_64_0p5_0p02_0003_0010.uasset" 5452
"../../../Engine/Content/EngineMaterials/Substrate/GLints/dict_16_192_64_0p5_0p02_0004_0001.uasset" 5453
"../../../Engine/Content/EngineMaterials/Substrate/GLints/dict_16_192_64_0p5_0p02_0003_0015.uasset" 5454
"../../../Engine/Content/EngineMaterials/Substrate/GLints/dict_16_192_64_0p5_0p02_0003_0013.uasset" 5455
"../../../Engine/Content/EngineMaterials/Substrate/GLints/dict_16_192_64_0p5_0p02_0002_0014.uasset" 5456
"../../../Engine/Content/EngineMaterials/Substrate/GLints/dict_16_192_64_0p5_0p02_0002_0004.uasset" 5457
"/Engine/EngineMaterials/Substrate/GLints/dict_16_192_64_0p5_0p02_0004_0001" 5458
"/Engine/EngineMaterials/Substrate/GLints/dict_16_192_64_0p5_0p02_0004_0000" 5459
"/Engine/EngineMaterials/Substrate/GLints/dict_16_192_64_0p5_0p02_0003_0015" 5460
"/Engine/EngineMaterials/Substrate/GLints/dict_16_192_64_0p5_0p02_0003_0014" 5461
"/Engine/EngineMaterials/Substrate/GLints/dict_16_192_64_0p5_0p02_0003_0013" 5462
"/Engine/EngineMaterials/Substrate/GLints/dict_16_192_64_0p5_0p02_0003_0012" 5463
"/Engine/EngineMaterials/Substrate/GLints/dict_16_192_64_0p5_0p02_0003_0011" 5464
"/Engine/EngineMaterials/Substrate/GLints/dict_16_192_64_0p5_0p02_0003_0010" 5465
"/Engine/EngineMaterials/Substrate/GLints/dict_16_192_64_0p5_0p02_0003_0009" 5466
"/Engine/EngineMaterials/Substrate/GLints/dict_16_192_64_0p5_0p02_0003_0008" 5467
"/Engine/EngineMaterials/Substrate/GLints/dict_16_192_64_0p5_0p02_0003_0007" 5468
"/Engine/EngineMaterials/Substrate/GLints/dict_16_192_64_0p5_0p02_0003_0006" 5469
"/Engine/EngineMaterials/Substrate/GLints/dict_16_192_64_0p5_0p02_0003_0005" 5470
"/Engine/EngineMaterials/Substrate/GLints/dict_16_192_64_0p5_0p02_0003_0004" 5471
"/Engine/EngineMaterials/Substrate/GLints/dict_16_192_64_0p5_0p02_0003_0003" 5472
"/Engine/EngineMaterials/Substrate/GLints/dict_16_192_64_0p5_0p02_0003_0002" 5473
"/Engine/EngineMaterials/Substrate/GLints/dict_16_192_64_0p5_0p02_0003_0001" 5474
"/Engine/EngineMaterials/Substrate/GLints/dict_16_192_64_0p5_0p02_0003_0000" 5475
"/Engine/EngineMaterials/Substrate/GLints/dict_16_192_64_0p5_0p02_0002_0015" 5476
"/Engine/EngineMaterials/Substrate/GLints/dict_16_192_64_0p5_0p02_0002_0014" 5477
"/Engine/EngineMaterials/Substrate/GLints/dict_16_192_64_0p5_0p02_0002_0013" 5478
"/Engine/EngineMaterials/Substrate/GLints/dict_16_192_64_0p5_0p02_0002_0012" 5479
"/Engine/EngineMaterials/Substrate/GLints/dict_16_192_64_0p5_0p02_0002_0011" 5480
"/Engine/EngineMaterials/Substrate/GLints/dict_16_192_64_0p5_0p02_0002_0010" 5481
"/Engine/EngineMaterials/Substrate/GLints/dict_16_192_64_0p5_0p02_0002_0009" 5482
"/Engine/EngineMaterials/Substrate/GLints/dict_16_192_64_0p5_0p02_0002_0008" 5483
"/Engine/EngineMaterials/Substrate/GLints/dict_16_192_64_0p5_0p02_0002_0007" 5484
"/Engine/EngineMaterials/Substrate/GLints/dict_16_192_64_0p5_0p02_0002_0006" 5485
"/Engine/EngineMaterials/Substrate/GLints/dict_16_192_64_0p5_0p02_0002_0005" 5486
"/Engine/EngineMaterials/Substrate/GLints/dict_16_192_64_0p5_0p02_0002_0004" 5487
"/Engine/EngineMaterials/Substrate/GLints/dict_16_192_64_0p5_0p02_0002_0003" 5488
"/Engine/EngineMaterials/Substrate/GLints/dict_16_192_64_0p5_0p02_0002_0002" 5489
"../../../Engine/Content/EngineMaterials/Substrate/GLints/dict_16_192_64_0p5_0p02_0004_0004.uasset" 5490
"../../../Engine/Content/EngineMaterials/Substrate/GLints/dict_16_192_64_0p5_0p02_0004_0005.uasset" 5491
"../../../Engine/Content/EngineMaterials/Substrate/GLints/dict_16_192_64_0p5_0p02_0004_0006.uasset" 5492
"../../../Engine/Content/EngineMaterials/Substrate/GLints/dict_16_192_64_0p5_0p02_0004_0009.uasset" 5493
"../../../Engine/Content/EngineMaterials/Substrate/GLints/dict_16_192_64_0p5_0p02_0004_0008.uasset" 5494
"../../../Engine/Content/EngineMaterials/Substrate/GLints/dict_16_192_64_0p5_0p02_0004_0002.uasset" 5495
"../../../Engine/Content/EngineMaterials/Substrate/GLints/dict_16_192_64_0p5_0p02_0004_0007.uasset" 5496
"../../../Engine/Content/EngineMaterials/Substrate/GLints/dict_16_192_64_0p5_0p02_0004_0003.uasset" 5497
"../../../Engine/Content/EngineMaterials/Substrate/GLints/dict_16_192_64_0p5_0p02_0004_0010.uasset" 5498
"../../../Engine/Content/EngineMaterials/Substrate/GLints/dict_16_192_64_0p5_0p02_0004_0012.uasset" 5499
"../../../Engine/Content/EngineMaterials/Substrate/GLints/dict_16_192_64_0p5_0p02_0004_0013.uasset" 5500
"../../../Engine/Content/EngineMaterials/Substrate/GLints/dict_16_192_64_0p5_0p02_0004_0014.uasset" 5501
"../../../Engine/Content/EngineMaterials/Substrate/GLints/dict_16_192_64_0p5_0p02_0004_0015.uasset" 5502
"../../../Engine/Content/EngineMaterials/Substrate/GLints/dict_16_192_64_0p5_0p02_0004_0011.uasset" 5503
"../../../Engine/Content/EngineMaterials/Substrate/GLints/dict_16_192_64_0p5_0p02_0005_0001.uasset" 5504
"../../../Engine/Content/EngineMaterials/Substrate/GLints/dict_16_192_64_0p5_0p02_0005_0000.uasset" 5505
"/Engine/EngineMaterials/Substrate/GLints/dict_16_192_64_0p5_0p02_0005_0001" 5506
"/Engine/EngineMaterials/Substrate/GLints/dict_16_192_64_0p5_0p02_0004_0015" 5507
"/Engine/EngineMaterials/Substrate/GLints/dict_16_192_64_0p5_0p02_0004_0014" 5508
"/Engine/EngineMaterials/Substrate/GLints/dict_16_192_64_0p5_0p02_0004_0013" 5509
"../../../Engine/Content/EngineMaterials/Substrate/GLints/dict_16_192_64_0p5_0p02_0005_0004.uasset" 5510
"../../../Engine/Content/EngineMaterials/Substrate/GLints/dict_16_192_64_0p5_0p02_0005_0006.uasset" 5511
"../../../Engine/Content/EngineMaterials/Substrate/GLints/dict_16_192_64_0p5_0p02_0005_0008.uasset" 5512
"../../../Engine/Content/EngineMaterials/Substrate/GLints/dict_16_192_64_0p5_0p02_0005_0007.uasset" 5513
"../../../Engine/Content/EngineMaterials/Substrate/GLints/dict_16_192_64_0p5_0p02_0005_0005.uasset" 5514
"../../../Engine/Content/EngineMaterials/Substrate/GLints/dict_16_192_64_0p5_0p02_0005_0003.uasset" 5515
"/Engine/EngineMaterials/Substrate/GLints/dict_16_192_64_0p5_0p02_0004_0012" 5516
"/Engine/EngineMaterials/Substrate/GLints/dict_16_192_64_0p5_0p02_0004_0011" 5517
"../../../Engine/Content/EngineMaterials/Substrate/GLints/dict_16_192_64_0p5_0p02_0005_0010.uasset" 5518
"/Engine/EngineMaterials/Substrate/GLints/dict_16_192_64_0p5_0p02_0004_0010" 5519
"/Engine/EngineMaterials/Substrate/GLints/dict_16_192_64_0p5_0p02_0004_0009" 5520
"/Engine/EngineMaterials/Substrate/GLints/dict_16_192_64_0p5_0p02_0004_0008" 5521
"/Engine/EngineMaterials/Substrate/GLints/dict_16_192_64_0p5_0p02_0004_0007" 5522
"/Engine/EngineMaterials/Substrate/GLints/dict_16_192_64_0p5_0p02_0004_0006" 5523
"/Engine/EngineMaterials/Substrate/GLints/dict_16_192_64_0p5_0p02_0004_0005" 5524
"/Engine/EngineMaterials/Substrate/GLints/dict_16_192_64_0p5_0p02_0004_0004" 5525
"/Engine/EngineMaterials/Substrate/GLints/dict_16_192_64_0p5_0p02_0004_0003" 5526
"../../../Engine/Content/EngineMaterials/Substrate/GLints/dict_16_192_64_0p5_0p02_0005_0011.uasset" 5527
"../../../Engine/Content/EngineMaterials/Substrate/GLints/dict_16_192_64_0p5_0p02_0005_0012.uasset" 5528
"../../../Engine/Content/EngineMaterials/Substrate/GLints/dict_16_192_64_0p5_0p02_0006_0000.uasset" 5529
"../../../Engine/Content/EngineMaterials/Substrate/GLints/dict_16_192_64_0p5_0p02_0005_0014.uasset" 5530
"../../../Engine/Content/EngineMaterials/Substrate/GLints/dict_16_192_64_0p5_0p02_0005_0015.uasset" 5531
"../../../Engine/Content/EngineMaterials/Substrate/GLints/dict_16_192_64_0p5_0p02_0005_0009.uasset" 5532
"../../../Engine/Content/EngineMaterials/Substrate/GLints/dict_16_192_64_0p5_0p02_0005_0013.uasset" 5533
"/Engine/EngineMaterials/Substrate/GLints/dict_16_192_64_0p5_0p02_0004_0002" 5534
"/Engine/EngineMaterials/Substrate/GLints/dict_16_192_64_0p5_0p02_0006_0000" 5535
"/Engine/EngineMaterials/Substrate/GLints/dict_16_192_64_0p5_0p02_0005_0015" 5536
"../../../Engine/Content/EngineMaterials/Substrate/GLints/dict_16_192_64_0p5_0p02_0006_0001.uasset" 5537
"/Engine/EngineMaterials/Substrate/GLints/dict_16_192_64_0p5_0p02_0005_0014" 5538
"/Engine/EngineMaterials/Substrate/GLints/dict_16_192_64_0p5_0p02_0005_0013" 5539
"/Engine/EngineMaterials/Substrate/GLints/dict_16_192_64_0p5_0p02_0005_0012" 5540
"/Engine/EngineMaterials/Substrate/GLints/dict_16_192_64_0p5_0p02_0005_0011" 5541
"/Engine/EngineMaterials/Substrate/GLints/dict_16_192_64_0p5_0p02_0005_0010" 5542
"/Engine/EngineMaterials/Substrate/GLints/dict_16_192_64_0p5_0p02_0005_0009" 5543
"../../../Engine/Content/EngineMaterials/Substrate/GLints/dict_16_192_64_0p5_0p02_0006_0002.uasset" 5544
"/Engine/EngineMaterials/Substrate/GLints/dict_16_192_64_0p5_0p02_0005_0008" 5545
"../../../Engine/Content/EngineMaterials/Substrate/GLints/dict_16_192_64_0p5_0p02_0006_0003.uasset" 5546
"/Engine/EngineMaterials/Substrate/GLints/dict_16_192_64_0p5_0p02_0005_0007" 5547
"../../../Engine/Content/EngineMaterials/Substrate/GLints/dict_16_192_64_0p5_0p02_0006_0006.uasset" 5548
"../../../Engine/Content/EngineMaterials/Substrate/GLints/dict_16_192_64_0p5_0p02_0006_0004.uasset" 5549
"../../../Engine/Content/EngineMaterials/Substrate/GLints/dict_16_192_64_0p5_0p02_0006_0007.uasset" 5550
"../../../Engine/Content/EngineMaterials/Substrate/GLints/dict_16_192_64_0p5_0p02_0006_0008.uasset" 5551
"../../../Engine/Content/EngineMaterials/Substrate/GLints/dict_16_192_64_0p5_0p02_0006_0005.uasset" 5552
"/Engine/EngineMaterials/Substrate/GLints/dict_16_192_64_0p5_0p02_0005_0006" 5553
"/Engine/EngineMaterials/Substrate/GLints/dict_16_192_64_0p5_0p02_0005_0005" 5554
"/Engine/EngineMaterials/Substrate/GLints/dict_16_192_64_0p5_0p02_0005_0004" 5555
"../../../Engine/Content/EngineMaterials/Substrate/GLints/dict_16_192_64_0p5_0p02_0006_0009.uasset" 5556
"/Engine/EngineMaterials/Substrate/GLints/dict_16_192_64_0p5_0p02_0005_0003" 5557
"../../../Engine/Content/EngineMaterials/Substrate/GLints/dict_16_192_64_0p5_0p02_0007_0000.uasset" 5558
"../../../Engine/Content/EngineMaterials/Substrate/GLints/dict_16_192_64_0p5_0p02_0006_0012.uasset" 5559
"../../../Engine/Content/EngineMaterials/Substrate/GLints/dict_16_192_64_0p5_0p02_0006_0011.uasset" 5560
"../../../Engine/Content/EngineMaterials/Substrate/GLints/dict_16_192_64_0p5_0p02_0006_0010.uasset" 5561
"../../../Engine/Content/EngineMaterials/Substrate/GLints/dict_16_192_64_0p5_0p02_0006_0015.uasset" 5562
"../../../Engine/Content/EngineMaterials/Substrate/GLints/dict_16_192_64_0p5_0p02_0006_0014.uasset" 5563
"/Engine/EngineMaterials/Substrate/GLints/dict_16_192_64_0p5_0p02_0005_0000" 5564
"/Engine/EngineMaterials/Substrate/GLints/dict_16_192_64_0p5_0p02_0006_0001" 5565
"/Engine/EngineMaterials/Substrate/GLints/dict_16_192_64_0p5_0p02_0007_0000" 5566
"/Engine/EngineMaterials/Substrate/GLints/dict_16_192_64_0p5_0p02_0006_0015" 5567
"../../../Engine/Content/EngineMaterials/Substrate/GLints/dict_16_192_64_0p5_0p02_0006_0013.uasset" 5568
"/Engine/EngineMaterials/Substrate/GLints/dict_16_192_64_0p5_0p02_0006_0014" 5569
"/Engine/EngineMaterials/Substrate/GLints/dict_16_192_64_0p5_0p02_0006_0012" 5570
"/Engine/EngineMaterials/Substrate/GLints/dict_16_192_64_0p5_0p02_0006_0011" 5571
"/Engine/EngineMaterials/Substrate/GLints/dict_16_192_64_0p5_0p02_0006_0010" 5572
"/Engine/EngineMaterials/Substrate/GLints/dict_16_192_64_0p5_0p02_0006_0009" 5573
"../../../Engine/Content/EngineMaterials/Substrate/GLints/dict_16_192_64_0p5_0p02_0007_0005.uasset" 5574
"../../../Engine/Content/EngineMaterials/Substrate/GLints/dict_16_192_64_0p5_0p02_0007_0002.uasset" 5575
"../../../Engine/Content/EngineMaterials/Substrate/GLints/dict_16_192_64_0p5_0p02_0007_0003.uasset" 5576
"../../../Engine/Content/EngineMaterials/Substrate/GLints/dict_16_192_64_0p5_0p02_0007_0004.uasset" 5577
"/Engine/EngineMaterials/Substrate/GLints/dict_16_192_64_0p5_0p02_0006_0008" 5578
"../../../Engine/Content/EngineMaterials/Substrate/GLints/dict_16_192_64_0p5_0p02_0007_0007.uasset" 5579
"/Engine/EngineMaterials/Substrate/GLints/dict_16_192_64_0p5_0p02_0006_0007" 5580
"../../../Engine/Content/EngineMaterials/Substrate/GLints/dict_16_192_64_0p5_0p02_0007_0006.uasset" 5581
"../../../Engine/Content/EngineMaterials/Substrate/GLints/dict_16_192_64_0p5_0p02_0007_0001.uasset" 5582
"../../../Engine/Content/EngineMaterials/Substrate/GLints/dict_16_192_64_0p5_0p02_0007_0012.uasset" 5583
"../../../Engine/Content/EngineMaterials/Substrate/GLints/dict_16_192_64_0p5_0p02_0007_0009.uasset" 5584
"../../../Engine/Content/EngineMaterials/Substrate/GLints/dict_16_192_64_0p5_0p02_0007_0008.uasset" 5585
"/Engine/EngineMaterials/Substrate/GLints/dict_16_192_64_0p5_0p02_0006_0006" 5586
"../../../Engine/Content/EngineMaterials/Substrate/GLints/dict_16_192_64_0p5_0p02_0007_0011.uasset" 5587
"../../../Engine/Content/EngineMaterials/Substrate/GLints/dict_16_192_64_0p5_0p02_0005_0002.uasset" 5588
"../../../Engine/Content/EngineMaterials/Substrate/GLints/dict_16_192_64_0p5_0p02_0007_0013.uasset" 5589
"/Engine/EngineMaterials/Substrate/GLints/dict_16_192_64_0p5_0p02_0006_0005" 5590
"../../../Engine/Content/EngineMaterials/Substrate/GLints/dict_16_192_64_0p5_0p02_0007_0010.uasset" 5591
"/Engine/EngineMaterials/Substrate/GLints/dict_16_192_64_0p5_0p02_0006_0004" 5592
"/Engine/EngineMaterials/Substrate/GLints/dict_16_192_64_0p5_0p02_0006_0003" 5593
"/Engine/EngineMaterials/Substrate/GLints/dict_16_192_64_0p5_0p02_0006_0002" 5594
"/Engine/EngineMaterials/Substrate/GLints/dict_16_192_64_0p5_0p02_0007_0013" 5595
"/Engine/EngineMaterials/Substrate/GLints/dict_16_192_64_0p5_0p02_0007_0012" 5596
"/Engine/EngineMaterials/Substrate/GLints/dict_16_192_64_0p5_0p02_0007_0011" 5597
"/Engine/EngineMaterials/Substrate/GLints/dict_16_192_64_0p5_0p02_0007_0010" 5598
"/Engine/EngineMaterials/Substrate/GLints/dict_16_192_64_0p5_0p02_0007_0009" 5599
"/Engine/EngineMaterials/Substrate/GLints/dict_16_192_64_0p5_0p02_0007_0008" 5600
"/Engine/EngineMaterials/Substrate/GLints/dict_16_192_64_0p5_0p02_0007_0007" 5601
"/Engine/EngineMaterials/Substrate/GLints/dict_16_192_64_0p5_0p02_0007_0006" 5602
"/Engine/EngineMaterials/Substrate/GLints/dict_16_192_64_0p5_0p02_0007_0005" 5603
"../../../Engine/Content/EngineMaterials/Substrate/GLints/dict_16_192_64_0p5_0p02_0007_0014.uasset" 5604
"../../../Engine/Content/EngineMaterials/Substrate/GLints/dict_16_192_64_0p5_0p02_0007_0015.uasset" 5605
"/Engine/EngineMaterials/Substrate/GLints/dict_16_192_64_0p5_0p02_0007_0004" 5606
"/Engine/EngineMaterials/Substrate/GLints/dict_16_192_64_0p5_0p02_0007_0003" 5607
"../../../Engine/Content/EngineMaterials/Substrate/GLints/dict_16_192_64_0p5_0p02_0008_0003.uasset" 5608
"../../../Engine/Content/EngineMaterials/Substrate/GLints/dict_16_192_64_0p5_0p02_0008_0002.uasset" 5609
"../../../Engine/Content/EngineMaterials/Substrate/GLints/dict_16_192_64_0p5_0p02_0008_0004.uasset" 5610
"../../../Engine/Content/EngineMaterials/Substrate/GLints/dict_16_192_64_0p5_0p02_0008_0001.uasset" 5611
"../../../Engine/Content/EngineMaterials/Substrate/GLints/dict_16_192_64_0p5_0p02_0008_0000.uasset" 5612
"/Engine/EngineMaterials/Substrate/GLints/dict_16_192_64_0p5_0p02_0007_0002" 5613
"../../../Engine/Content/EngineMaterials/Substrate/GLints/dict_16_192_64_0p5_0p02_0008_0005.uasset" 5614
"../../../Engine/Content/EngineMaterials/Substrate/GLints/dict_16_192_64_0p5_0p02_0008_0006.uasset" 5615
"/Engine/EngineMaterials/Substrate/GLints/dict_16_192_64_0p5_0p02_0005_0002" 5616
"/Engine/EngineMaterials/Substrate/GLints/dict_16_192_64_0p5_0p02_0007_0001" 5617
"/Engine/EngineMaterials/Substrate/GLints/dict_16_192_64_0p5_0p02_0006_0013" 5618
"/Engine/EngineMaterials/Substrate/GLints/dict_16_192_64_0p5_0p02_0007_0015" 5619
"/Engine/EngineMaterials/Substrate/GLints/dict_16_192_64_0p5_0p02_0007_0014" 5620
"/Engine/EngineMaterials/Substrate/GLints/dict_16_192_64_0p5_0p02_0008_0006" 5621
"/Engine/EngineMaterials/Substrate/GLints/dict_16_192_64_0p5_0p02_0008_0005" 5622
"/Engine/EngineMaterials/Substrate/GLints/dict_16_192_64_0p5_0p02_0008_0004" 5623
"/Engine/EngineMaterials/Substrate/GLints/dict_16_192_64_0p5_0p02_0008_0003" 5624
"/Engine/EngineMaterials/Substrate/GLints/dict_16_192_64_0p5_0p02_0008_0002" 5625
"/Engine/EngineMaterials/Substrate/GLints/dict_16_192_64_0p5_0p02_0008_0001" 5626
"/Engine/EngineMaterials/Substrate/GLints/dict_16_192_64_0p5_0p02_0008_0000" 5627
"../../../Engine/Content/EngineMaterials/Substrate/GLints/dict_16_192_64_0p5_0p02_0008_0008.uasset" 5628
"../../../Engine/Content/EngineMaterials/Substrate/GLints/dict_16_192_64_0p5_0p02_0008_0007.uasset" 5629
"../../../Engine/Content/EngineMaterials/Substrate/GLints/dict_16_192_64_0p5_0p02_0008_0011.uasset" 5630
"../../../Engine/Content/EngineMaterials/Substrate/GLints/dict_16_192_64_0p5_0p02_0008_0009.uasset" 5631
"../../../Engine/Content/EngineMaterials/Substrate/GLints/dict_16_192_64_0p5_0p02_0008_0014.uasset" 5632
"../../../Engine/Content/EngineMaterials/Substrate/GLints/dict_16_192_64_0p5_0p02_0008_0010.uasset" 5633
"../../../Engine/Content/EngineMaterials/Substrate/GLints/dict_16_192_64_0p5_0p02_0008_0013.uasset" 5634
"../../../Engine/Content/EngineMaterials/Substrate/GLints/dict_16_192_64_0p5_0p02_0008_0012.uasset" 5635
"../../../Engine/Content/EngineMaterials/Substrate/GLints/dict_16_192_64_0p5_0p02_0008_0015.uasset" 5636
"../../../Engine/Content/EngineMaterials/Substrate/GLints/dict_16_192_64_0p5_0p02_0009_0004.uasset" 5637
"../../../Engine/Content/EngineMaterials/Substrate/GLints/dict_16_192_64_0p5_0p02_0009_0001.uasset" 5638
"../../../Engine/Content/EngineMaterials/Substrate/GLints/dict_16_192_64_0p5_0p02_0009_0003.uasset" 5639
"../../../Engine/Content/EngineMaterials/Substrate/GLints/dict_16_192_64_0p5_0p02_0009_0002.uasset" 5640
"../../../Engine/Content/EngineMaterials/Substrate/GLints/dict_16_192_64_0p5_0p02_0009_0000.uasset" 5641
"../../../Engine/Content/EngineMaterials/Substrate/GLints/dict_16_192_64_0p5_0p02_0009_0007.uasset" 5642
"../../../Engine/Content/EngineMaterials/Substrate/GLints/dict_16_192_64_0p5_0p02_0009_0005.uasset" 5643
"../../../Engine/Content/EngineMaterials/Substrate/GLints/dict_16_192_64_0p5_0p02_0009_0006.uasset" 5644
"../../../Engine/Content/EngineMaterials/Substrate/GLints/dict_16_192_64_0p5_0p02_0009_0008.uasset" 5645
"../../../Engine/Content/EngineMaterials/Substrate/GLints/dict_16_192_64_0p5_0p02_0009_0010.uasset" 5646
"../../../Engine/Content/EngineMaterials/Substrate/GLints/dict_16_192_64_0p5_0p02_0009_0014.uasset" 5647
"../../../Engine/Content/EngineMaterials/Substrate/GLints/dict_16_192_64_0p5_0p02_0009_0009.uasset" 5648
"../../../Engine/Content/EngineMaterials/Substrate/GLints/dict_16_192_64_0p5_0p02_0009_0011.uasset" 5649
"../../../Engine/Content/EngineMaterials/Substrate/GLints/dict_16_192_64_0p5_0p02_0009_0015.uasset" 5650
"../../../Engine/Content/EngineMaterials/Substrate/GLints/dict_16_192_64_0p5_0p02_0010_0000.uasset" 5651
"../../../Engine/Content/EngineMaterials/Substrate/GLints/dict_16_192_64_0p5_0p02_0009_0013.uasset" 5652
"../../../Engine/Content/EngineMaterials/Substrate/GLints/dict_16_192_64_0p5_0p02_0009_0012.uasset" 5653
"../../../Engine/Content/EngineMaterials/Substrate/GLints/dict_16_192_64_0p5_0p02_0010_0001.uasset" 5654
"../../../Engine/Content/EngineMaterials/Substrate/GLints/dict_16_192_64_0p5_0p02_0010_0005.uasset" 5655
"../../../Engine/Content/EngineMaterials/Substrate/GLints/dict_16_192_64_0p5_0p02_0010_0006.uasset" 5656
"../../../Engine/Content/EngineMaterials/Substrate/GLints/dict_16_192_64_0p5_0p02_0010_0003.uasset" 5657
"../../../Engine/Content/EngineMaterials/Substrate/GLints/dict_16_192_64_0p5_0p02_0010_0004.uasset" 5658
"../../../Engine/Content/EngineMaterials/Substrate/GLints/dict_16_192_64_0p5_0p02_0010_0002.uasset" 5659
"/Engine/EngineMaterials/Substrate/GLints/dict_16_192_64_0p5_0p02_0008_0014" 5660
"/Engine/EngineMaterials/Substrate/GLints/dict_16_192_64_0p5_0p02_0010_0006" 5661
"/Engine/EngineMaterials/Substrate/GLints/dict_16_192_64_0p5_0p02_0010_0005" 5662
"/Engine/EngineMaterials/Substrate/GLints/dict_16_192_64_0p5_0p02_0009_0013" 5663
"/Engine/EngineMaterials/Substrate/GLints/dict_16_192_64_0p5_0p02_0009_0012" 5664
"/Engine/EngineMaterials/Substrate/GLints/dict_16_192_64_0p5_0p02_0009_0011" 5665
"/Engine/EngineMaterials/Substrate/GLints/dict_16_192_64_0p5_0p02_0009_0010" 5666
"/Engine/EngineMaterials/Substrate/GLints/dict_16_192_64_0p5_0p02_0009_0009" 5667
"/Engine/EngineMaterials/Substrate/GLints/dict_16_192_64_0p5_0p02_0009_0008" 5668
"/Engine/EngineMaterials/Substrate/GLints/dict_16_192_64_0p5_0p02_0009_0007" 5669
"/Engine/EngineMaterials/Substrate/GLints/dict_16_192_64_0p5_0p02_0009_0006" 5670
"/Engine/EngineMaterials/Substrate/GLints/dict_16_192_64_0p5_0p02_0009_0005" 5671
"/Engine/EngineMaterials/Substrate/GLints/dict_16_192_64_0p5_0p02_0009_0004" 5672
"/Engine/EngineMaterials/Substrate/GLints/dict_16_192_64_0p5_0p02_0009_0003" 5673
"/Engine/EngineMaterials/Substrate/GLints/dict_16_192_64_0p5_0p02_0009_0002" 5674
"/Engine/EngineMaterials/Substrate/GLints/dict_16_192_64_0p5_0p02_0009_0001" 5675
"/Engine/EngineMaterials/Substrate/GLints/dict_16_192_64_0p5_0p02_0008_0013" 5676
"/Engine/EngineMaterials/Substrate/GLints/dict_16_192_64_0p5_0p02_0009_0000" 5677
"/Engine/EngineMaterials/Substrate/GLints/dict_16_192_64_0p5_0p02_0008_0012" 5678
"/Engine/EngineMaterials/Substrate/GLints/dict_16_192_64_0p5_0p02_0008_0011" 5679
"/Engine/EngineMaterials/Substrate/GLints/dict_16_192_64_0p5_0p02_0008_0015" 5680
"/Engine/EngineMaterials/Substrate/GLints/dict_16_192_64_0p5_0p02_0008_0010" 5681
"/Engine/EngineMaterials/Substrate/GLints/dict_16_192_64_0p5_0p02_0008_0009" 5682
"/Engine/EngineMaterials/Substrate/GLints/dict_16_192_64_0p5_0p02_0008_0008" 5683
"/Engine/EngineMaterials/Substrate/GLints/dict_16_192_64_0p5_0p02_0008_0007" 5684
"/Engine/EngineMaterials/Substrate/GLints/dict_16_192_64_0p5_0p02_0010_0004" 5685
"/Engine/EngineMaterials/Substrate/GLints/dict_16_192_64_0p5_0p02_0010_0003" 5686
"/Engine/EngineMaterials/Substrate/GLints/dict_16_192_64_0p5_0p02_0010_0002" 5687
"/Engine/EngineMaterials/Substrate/GLints/dict_16_192_64_0p5_0p02_0010_0001" 5688
"/Engine/EngineMaterials/Substrate/GLints/dict_16_192_64_0p5_0p02_0010_0000" 5689
"/Engine/EngineMaterials/Substrate/GLints/dict_16_192_64_0p5_0p02_0009_0015" 5690
"/Engine/EngineMaterials/Substrate/GLints/dict_16_192_64_0p5_0p02_0009_0014" 5691
"../../../Engine/Content/EngineMaterials/Substrate/GLints/dict_16_192_64_0p5_0p02_0010_0008.uasset" 5692
"../../../Engine/Content/EngineMaterials/Substrate/GLints/dict_16_192_64_0p5_0p02_0010_0010.uasset" 5693
"../../../Engine/Content/EngineMaterials/Substrate/GLints/dict_16_192_64_0p5_0p02_0010_0009.uasset" 5694
"../../../Engine/Content/EngineMaterials/Substrate/GLints/dict_16_192_64_0p5_0p02_0010_0015.uasset" 5695
"../../../Engine/Content/EngineMaterials/Substrate/GLints/dict_16_192_64_0p5_0p02_0010_0012.uasset" 5696
"../../../Engine/Content/EngineMaterials/Substrate/GLints/dict_16_192_64_0p5_0p02_0010_0007.uasset" 5697
"../../../Engine/Content/EngineMaterials/Substrate/GLints/dict_16_192_64_0p5_0p02_0010_0011.uasset" 5698
"../../../Engine/Content/EngineMaterials/Substrate/GLints/dict_16_192_64_0p5_0p02_0010_0014.uasset" 5699
"../../../Engine/Content/EngineMaterials/Substrate/GLints/dict_16_192_64_0p5_0p02_0010_0013.uasset" 5700
"../../../Engine/Content/EngineMaterials/Substrate/GLints/dict_16_192_64_0p5_0p02_0011_0003.uasset" 5701
"../../../Engine/Content/EngineMaterials/Substrate/GLints/dict_16_192_64_0p5_0p02_0011_0000.uasset" 5702
"../../../Engine/Content/EngineMaterials/Substrate/GLints/dict_16_192_64_0p5_0p02_0011_0002.uasset" 5703
"../../../Engine/Content/EngineMaterials/Substrate/GLints/dict_16_192_64_0p5_0p02_0011_0005.uasset" 5704
"../../../Engine/Content/EngineMaterials/Substrate/GLints/dict_16_192_64_0p5_0p02_0011_0007.uasset" 5705
"../../../Engine/Content/EngineMaterials/Substrate/GLints/dict_16_192_64_0p5_0p02_0011_0004.uasset" 5706
"../../../Engine/Content/EngineMaterials/Substrate/GLints/dict_16_192_64_0p5_0p02_0011_0001.uasset" 5707
"../../../Engine/Content/EngineMaterials/Substrate/GLints/dict_16_192_64_0p5_0p02_0011_0006.uasset" 5708
"../../../Engine/Content/EngineMaterials/Substrate/GLints/dict_16_192_64_0p5_0p02_0011_0008.uasset" 5709
"../../../Engine/Content/EngineMaterials/Substrate/GLints/dict_16_192_64_0p5_0p02_0011_0009.uasset" 5710
"../../../Engine/Content/EngineMaterials/Substrate/GLints/dict_16_192_64_0p5_0p02_0011_0014.uasset" 5711
"../../../Engine/Content/EngineMaterials/Substrate/GLints/dict_16_192_64_0p5_0p02_0011_0011.uasset" 5712
"../../../Engine/Content/EngineMaterials/Substrate/GLints/dict_16_192_64_0p5_0p02_0012_0001.uasset" 5713
"../../../Engine/Content/EngineMaterials/Substrate/GLints/dict_16_192_64_0p5_0p02_0011_0012.uasset" 5714
"../../../Engine/Content/EngineMaterials/Substrate/GLints/dict_16_192_64_0p5_0p02_0011_0010.uasset" 5715
"../../../Engine/Content/EngineMaterials/Substrate/GLints/dict_16_192_64_0p5_0p02_0011_0013.uasset" 5716
"../../../Engine/Content/EngineMaterials/Substrate/GLints/dict_16_192_64_0p5_0p02_0012_0000.uasset" 5717
"../../../Engine/Content/EngineMaterials/Substrate/GLints/dict_16_192_64_0p5_0p02_0011_0015.uasset" 5718
"../../../Engine/Content/EngineMaterials/Substrate/GLints/dict_16_192_64_0p5_0p02_0012_0003.uasset" 5719
"../../../Engine/Content/EngineMaterials/Substrate/GLints/dict_16_192_64_0p5_0p02_0012_0002.uasset" 5720
"../../../Engine/Content/EngineMaterials/Substrate/GLints/dict_16_192_64_0p5_0p02_0012_0005.uasset" 5721
"../../../Engine/Content/EngineMaterials/Substrate/GLints/dict_16_192_64_0p5_0p02_0012_0006.uasset" 5722
"../../../Engine/Content/EngineMaterials/Substrate/GLints/dict_16_192_64_0p5_0p02_0012_0004.uasset" 5723
"/Engine/EngineMaterials/Substrate/GLints/dict_16_192_64_0p5_0p02_0012_0006" 5724
"/Engine/EngineMaterials/Substrate/GLints/dict_16_192_64_0p5_0p02_0012_0005" 5725
"/Engine/EngineMaterials/Substrate/GLints/dict_16_192_64_0p5_0p02_0012_0004" 5726
"/Engine/EngineMaterials/Substrate/GLints/dict_16_192_64_0p5_0p02_0012_0003" 5727
"/Engine/EngineMaterials/Substrate/GLints/dict_16_192_64_0p5_0p02_0012_0002" 5728
"/Engine/EngineMaterials/Substrate/GLints/dict_16_192_64_0p5_0p02_0012_0001" 5729
"/Engine/EngineMaterials/Substrate/GLints/dict_16_192_64_0p5_0p02_0012_0000" 5730
"/Engine/EngineMaterials/Substrate/GLints/dict_16_192_64_0p5_0p02_0011_0015" 5731
"/Engine/EngineMaterials/Substrate/GLints/dict_16_192_64_0p5_0p02_0011_0014" 5732
"/Engine/EngineMaterials/Substrate/GLints/dict_16_192_64_0p5_0p02_0011_0013" 5733
"/Engine/EngineMaterials/Substrate/GLints/dict_16_192_64_0p5_0p02_0011_0012" 5734
"/Engine/EngineMaterials/Substrate/GLints/dict_16_192_64_0p5_0p02_0011_0011" 5735
"/Engine/EngineMaterials/Substrate/GLints/dict_16_192_64_0p5_0p02_0011_0010" 5736
"/Engine/EngineMaterials/Substrate/GLints/dict_16_192_64_0p5_0p02_0011_0009" 5737
"/Engine/EngineMaterials/Substrate/GLints/dict_16_192_64_0p5_0p02_0011_0008" 5738
"/Engine/EngineMaterials/Substrate/GLints/dict_16_192_64_0p5_0p02_0011_0007" 5739
"/Engine/EngineMaterials/Substrate/GLints/dict_16_192_64_0p5_0p02_0011_0006" 5740
"/Engine/EngineMaterials/Substrate/GLints/dict_16_192_64_0p5_0p02_0011_0005" 5741
"/Engine/EngineMaterials/Substrate/GLints/dict_16_192_64_0p5_0p02_0011_0004" 5742
"/Engine/EngineMaterials/Substrate/GLints/dict_16_192_64_0p5_0p02_0011_0003" 5743
"/Engine/EngineMaterials/Substrate/GLints/dict_16_192_64_0p5_0p02_0011_0002" 5744
"/Engine/EngineMaterials/Substrate/GLints/dict_16_192_64_0p5_0p02_0011_0001" 5745
"/Engine/EngineMaterials/Substrate/GLints/dict_16_192_64_0p5_0p02_0011_0000" 5746
"/Engine/EngineMaterials/Substrate/GLints/dict_16_192_64_0p5_0p02_0010_0015" 5747
"/Engine/EngineMaterials/Substrate/GLints/dict_16_192_64_0p5_0p02_0010_0014" 5748
"/Engine/EngineMaterials/Substrate/GLints/dict_16_192_64_0p5_0p02_0010_0013" 5749
"/Engine/EngineMaterials/Substrate/GLints/dict_16_192_64_0p5_0p02_0010_0012" 5750
"/Engine/EngineMaterials/Substrate/GLints/dict_16_192_64_0p5_0p02_0010_0011" 5751
"/Engine/EngineMaterials/Substrate/GLints/dict_16_192_64_0p5_0p02_0010_0010" 5752
"/Engine/EngineMaterials/Substrate/GLints/dict_16_192_64_0p5_0p02_0010_0009" 5753
"/Engine/EngineMaterials/Substrate/GLints/dict_16_192_64_0p5_0p02_0010_0008" 5754
"/Engine/EngineMaterials/Substrate/GLints/dict_16_192_64_0p5_0p02_0010_0007" 5755
"../../../Engine/Content/EngineMaterials/Substrate/GLints/dict_16_192_64_0p5_0p02_0012_0007.uasset" 5756
"/Engine/EngineMaterials/Substrate/GLints/dict_16_192_64_0p5_0p02_0012_0007" 5757
"../../../Engine/Content/EngineMaterials/Substrate/GLints/dict_16_192_64_0p5_0p02_0012_0008.uasset" 5758
"../../../Engine/Content/EngineMaterials/Substrate/GLints/dict_16_192_64_0p5_0p02_0012_0012.uasset" 5759
"../../../Engine/Content/EngineMaterials/Substrate/GLints/dict_16_192_64_0p5_0p02_0012_0013.uasset" 5760
"../../../Engine/Content/EngineMaterials/Substrate/GLints/dict_16_192_64_0p5_0p02_0013_0000.uasset" 5761
"../../../Engine/Content/EngineMaterials/Substrate/GLints/dict_16_192_64_0p5_0p02_0012_0009.uasset" 5762
"/Engine/EngineMaterials/Substrate/GLints/dict_16_192_64_0p5_0p02_0013_0000" 5763
"/Engine/EngineMaterials/Substrate/GLints/dict_16_192_64_0p5_0p02_0012_0013" 5764
"../../../Engine/Content/EngineMaterials/Substrate/GLints/dict_16_192_64_0p5_0p02_0013_0002.uasset" 5765
"/Engine/EngineMaterials/Substrate/GLints/dict_16_192_64_0p5_0p02_0012_0012" 5766
"/Engine/EngineMaterials/Substrate/GLints/dict_16_192_64_0p5_0p02_0012_0009" 5767
"/Engine/EngineMaterials/Substrate/GLints/dict_16_192_64_0p5_0p02_0012_0008" 5768
"/Engine/EngineMaterials/Substrate/GLints/dict_16_192_64_0p5_0p02_0013_0002" 5769
"../../../Engine/Content/EngineMaterials/Substrate/GLints/dict_16_192_64_0p5_0p02_0012_0014.uasset" 5770
"../../../Engine/Content/EngineMaterials/Substrate/GLints/dict_16_192_64_0p5_0p02_0012_0015.uasset" 5771
"/Engine/EngineMaterials/Substrate/GLints/dict_16_192_64_0p5_0p02_0012_0015" 5772
"../../../Engine/Content/EngineMaterials/Substrate/GLints/dict_16_192_64_0p5_0p02_0012_0010.uasset" 5773
"/Engine/EngineMaterials/Substrate/GLints/dict_16_192_64_0p5_0p02_0012_0014" 5774
"/Engine/EngineMaterials/Substrate/GLints/dict_16_192_64_0p5_0p02_0012_0010" 5775
"../../../Engine/Content/EngineMaterials/Substrate/GLints/dict_16_192_64_0p5_0p02_0013_0003.uasset" 5776
"../../../Engine/Content/EngineMaterials/Substrate/GLints/dict_16_192_64_0p5_0p02_0013_0004.uasset" 5777
"../../../Engine/Content/EngineMaterials/Substrate/GLints/dict_16_192_64_0p5_0p02_0013_0001.uasset" 5778
"../../../Engine/Content/EngineMaterials/Substrate/GLints/dict_16_192_64_0p5_0p02_0012_0011.uasset" 5779
"../../../Engine/Content/EngineMaterials/Substrate/GLints/dict_16_192_64_0p5_0p02_0013_0013.uasset" 5780
"../../../Engine/Content/EngineMaterials/Substrate/GLints/dict_16_192_64_0p5_0p02_0013_0014.uasset" 5781
"../../../Engine/Content/EngineMaterials/Substrate/GLints/dict_16_192_64_0p5_0p02_0014_0000.uasset" 5782
"../../../Engine/Content/EngineMaterials/Substrate/GLints/dict_16_192_64_0p5_0p02_0013_0006.uasset" 5783
"../../../Engine/Content/EngineMaterials/Substrate/GLints/dict_16_192_64_0p5_0p02_0014_0003.uasset" 5784
"../../../Engine/Content/EngineMaterials/Substrate/GLints/dict_16_192_64_0p5_0p02_0014_0002.uasset" 5785
"../../../Engine/Content/EngineMaterials/Substrate/GLints/dict_16_192_64_0p5_0p02_0013_0008.uasset" 5786
"../../../Engine/Content/EngineMaterials/Substrate/GLints/dict_16_192_64_0p5_0p02_0014_0001.uasset" 5787
"/Engine/EngineMaterials/Substrate/GLints/dict_16_192_64_0p5_0p02_0014_0003" 5788
"/Engine/EngineMaterials/Substrate/GLints/dict_16_192_64_0p5_0p02_0014_0002" 5789
"/Engine/EngineMaterials/Substrate/GLints/dict_16_192_64_0p5_0p02_0014_0001" 5790
"../../../Engine/Content/EngineMaterials/Substrate/GLints/dict_16_192_64_0p5_0p02_0014_0006.uasset" 5791
"../../../Engine/Content/EngineMaterials/Substrate/GLints/dict_16_192_64_0p5_0p02_0014_0005.uasset" 5792
"/Engine/EngineMaterials/Substrate/GLints/dict_16_192_64_0p5_0p02_0014_0000" 5793
"/Engine/EngineMaterials/Substrate/GLints/dict_16_192_64_0p5_0p02_0013_0014" 5794
"/Engine/EngineMaterials/Substrate/GLints/dict_16_192_64_0p5_0p02_0013_0013" 5795
"/Engine/EngineMaterials/Substrate/GLints/dict_16_192_64_0p5_0p02_0013_0008" 5796
"../../../Engine/Content/EngineMaterials/Substrate/GLints/dict_16_192_64_0p5_0p02_0013_0007.uasset" 5797
"/Engine/EngineMaterials/Substrate/GLints/dict_16_192_64_0p5_0p02_0013_0006" 5798
"/Engine/EngineMaterials/Substrate/GLints/dict_16_192_64_0p5_0p02_0013_0004" 5799
"/Engine/EngineMaterials/Substrate/GLints/dict_16_192_64_0p5_0p02_0013_0003" 5800
"/Engine/EngineMaterials/Substrate/GLints/dict_16_192_64_0p5_0p02_0013_0001" 5801
"/Engine/EngineMaterials/Substrate/GLints/dict_16_192_64_0p5_0p02_0012_0011" 5802
"/Engine/EngineMaterials/Substrate/GLints/dict_16_192_64_0p5_0p02_0014_0006" 5803
"/Engine/EngineMaterials/Substrate/GLints/dict_16_192_64_0p5_0p02_0014_0005" 5804
"/Engine/EngineMaterials/Substrate/GLints/dict_16_192_64_0p5_0p02_0013_0007" 5805
"../../../Engine/Content/EngineMaterials/Substrate/GLints/dict_16_192_64_0p5_0p02_0013_0009.uasset" 5806
"../../../Engine/Content/EngineMaterials/Substrate/GLints/dict_16_192_64_0p5_0p02_0013_0005.uasset" 5807
"../../../Engine/Content/EngineMaterials/Substrate/GLints/dict_16_192_64_0p5_0p02_0013_0012.uasset" 5808
"../../../Engine/Content/EngineMaterials/Substrate/GLints/dict_16_192_64_0p5_0p02_0013_0015.uasset" 5809
"/Engine/EngineMaterials/Substrate/GLints/dict_16_192_64_0p5_0p02_0013_0015" 5810
"/Engine/EngineMaterials/Substrate/GLints/dict_16_192_64_0p5_0p02_0013_0012" 5811
"/Engine/EngineMaterials/Substrate/GLints/dict_16_192_64_0p5_0p02_0013_0009" 5812
"/Engine/EngineMaterials/Substrate/GLints/dict_16_192_64_0p5_0p02_0013_0005" 5813
"../../../Engine/Content/EngineMaterials/Substrate/GLints/dict_16_192_64_0p5_0p02_0013_0011.uasset" 5814
"/Engine/EngineMaterials/Substrate/GLints/dict_16_192_64_0p5_0p02_0013_0011" 5815
"../../../Engine/Content/EngineMaterials/Substrate/GLints/dict_16_192_64_0p5_0p02_0013_0010.uasset" 5816
"../../../Engine/Content/EngineMaterials/Substrate/GLints/dict_16_192_64_0p5_0p02_0014_0004.uasset" 5817
"/Engine/EngineMaterials/Substrate/GLints/dict_16_192_64_0p5_0p02_0014_0004" 5818
"/Engine/EngineMaterials/Substrate/GLints/dict_16_192_64_0p5_0p02_0013_0010" 5819
"../../../Engine/Content/EngineMaterials/Substrate/GLints/dict_16_192_64_0p5_0p02_0014_0011.uasset" 5820
"../../../Engine/Content/EngineMaterials/Substrate/GLints/dict_16_192_64_0p5_0p02_0014_0014.uasset" 5821
"../../../Engine/Content/EngineMaterials/Substrate/GLints/dict_16_192_64_0p5_0p02_0014_0012.uasset" 5822
"../../../Engine/Content/EngineMaterials/Substrate/GLints/dict_16_192_64_0p5_0p02_0014_0010.uasset" 5823
"../../../Engine/Content/EngineMaterials/Substrate/GLints/dict_16_192_64_0p5_0p02_0014_0013.uasset" 5824
"../../../Engine/Content/EngineMaterials/Substrate/GLints/dict_16_192_64_0p5_0p02_0014_0007.uasset" 5825
"/Engine/EngineMaterials/Substrate/GLints/dict_16_192_64_0p5_0p02_0014_0013" 5826
"/Engine/EngineMaterials/Substrate/GLints/dict_16_192_64_0p5_0p02_0014_0012" 5827
"/Engine/EngineMaterials/Substrate/GLints/dict_16_192_64_0p5_0p02_0014_0014" 5828
"/Engine/EngineMaterials/Substrate/GLints/dict_16_192_64_0p5_0p02_0014_0011" 5829
"/Engine/EngineMaterials/Substrate/GLints/dict_16_192_64_0p5_0p02_0014_0010" 5830
"/Engine/EngineMaterials/Substrate/GLints/dict_16_192_64_0p5_0p02_0014_0007" 5831
"../../../Engine/Content/EngineMaterials/Substrate/GLints/dict_16_192_64_0p5_0p02_0015_0000.uasset" 5832
"../../../Engine/Content/EngineMaterials/Substrate/GLints/dict_16_192_64_0p5_0p02_0015_0002.uasset" 5833
"../../../Engine/Content/EngineMaterials/Substrate/GLints/dict_16_192_64_0p5_0p02_0015_0005.uasset" 5834
"../../../Engine/Content/EngineMaterials/Substrate/GLints/dict_16_192_64_0p5_0p02_0015_0001.uasset" 5835
"../../../Engine/Content/EngineMaterials/Substrate/GLints/dict_16_192_64_0p5_0p02_0015_0004.uasset" 5836
"../../../Engine/Content/EngineMaterials/Substrate/GLints/dict_16_192_64_0p5_0p02_0015_0003.uasset" 5837
"/Engine/EngineMaterials/Substrate/GLints/dict_16_192_64_0p5_0p02_0015_0005" 5838
"../../../Engine/Content/EngineMaterials/Substrate/GLints/dict_16_192_64_0p5_0p02_0015_0009.uasset" 5839
"../../../Engine/Content/EngineMaterials/Substrate/GLints/dict_16_192_64_0p5_0p02_0015_0010.uasset" 5840
"../../../Engine/Content/EngineMaterials/Substrate/GLints/dict_16_192_64_0p5_0p02_0015_0008.uasset" 5841
"../../../Engine/Content/EngineMaterials/Substrate/GLints/dict_16_192_64_0p5_0p02_0015_0011.uasset" 5842
"../../../Engine/Content/EngineMaterials/Substrate/GLints/dict_16_192_64_0p5_0p02_0015_0012.uasset" 5843
"../../../Engine/Content/EngineMaterials/Substrate/GLints/dict_16_192_64_0p5_0p02_0015_0007.uasset" 5844
"/Engine/EngineMaterials/Substrate/GLints/dict_16_192_64_0p5_0p02_0015_0004" 5845
"/Engine/EngineMaterials/Substrate/GLints/dict_16_192_64_0p5_0p02_0015_0003" 5846
"../../../Engine/Content/EngineMaterials/Substrate/GLints/dict_16_192_64_0p5_0p02_0014_0009.uasset" 5847
"/Engine/EngineMaterials/Substrate/GLints/dict_16_192_64_0p5_0p02_0015_0002" 5848
"/Engine/EngineMaterials/Substrate/GLints/dict_16_192_64_0p5_0p02_0015_0001" 5849
"/Engine/EngineMaterials/Substrate/GLints/dict_16_192_64_0p5_0p02_0015_0000" 5850
"/Engine/EngineMaterials/Substrate/GLints/dict_16_192_64_0p5_0p02_0015_0012" 5851
"/Engine/EngineMaterials/Substrate/GLints/dict_16_192_64_0p5_0p02_0015_0011" 5852
"/Engine/EngineMaterials/Substrate/GLints/dict_16_192_64_0p5_0p02_0015_0010" 5853
"/Engine/EngineMaterials/Substrate/GLints/dict_16_192_64_0p5_0p02_0015_0009" 5854
"../../../Engine/Content/EngineMaterials/Substrate/GLints/dict_16_192_64_0p5_0p02_0014_0008.uasset" 5855
"../../../Engine/Content/EngineMaterials/Substrate/GLints/dict_16_192_64_0p5_0p02_0016_0002.uasset" 5856
"../../../Engine/Content/EngineMaterials/Substrate/GLints/dict_16_192_64_0p5_0p02_0015_0015.uasset" 5857
"../../../Engine/Content/EngineMaterials/Substrate/GLints/dict_16_192_64_0p5_0p02_0016_0001.uasset" 5858
"../../../Engine/Content/EngineMaterials/Substrate/GLints/dict_16_192_64_0p5_0p02_0015_0013.uasset" 5859
"../../../Engine/Content/EngineMaterials/Substrate/GLints/dict_16_192_64_0p5_0p02_0016_0000.uasset" 5860
"../../../Engine/Content/EngineMaterials/Substrate/GLints/dict_16_192_64_0p5_0p02_0015_0014.uasset" 5861
"/Engine/EngineMaterials/Substrate/GLints/dict_16_192_64_0p5_0p02_0015_0008" 5862
"/Engine/EngineMaterials/Substrate/GLints/dict_16_192_64_0p5_0p02_0015_0007" 5863
"../../../Engine/Content/EngineMaterials/Substrate/GLints/dict_16_192_64_0p5_0p02_0016_0005.uasset" 5864
"/Engine/EngineMaterials/Substrate/GLints/dict_16_192_64_0p5_0p02_0014_0009" 5865
"/Engine/EngineMaterials/Substrate/GLints/dict_16_192_64_0p5_0p02_0015_0015" 5866
"/Engine/EngineMaterials/Substrate/GLints/dict_16_192_64_0p5_0p02_0015_0014" 5867
"../../../Engine/Content/EngineMaterials/Substrate/GLints/dict_16_192_64_0p5_0p02_0016_0007.uasset" 5868
"../../../Engine/Content/EngineMaterials/Substrate/GLints/dict_16_192_64_0p5_0p02_0016_0009.uasset" 5869
"../../../Engine/Content/EngineMaterials/Substrate/GLints/dict_16_192_64_0p5_0p02_0016_0008.uasset" 5870
"../../../Engine/Content/EngineMaterials/Substrate/GLints/dict_16_192_64_0p5_0p02_0015_0006.uasset" 5871
"../../../Engine/Content/EngineMaterials/Substrate/GLints/dict_16_192_64_0p5_0p02_0016_0003.uasset" 5872
"/Engine/EngineMaterials/Substrate/GLints/dict_16_192_64_0p5_0p02_0016_0002" 5873
"/Engine/EngineMaterials/Substrate/GLints/dict_16_192_64_0p5_0p02_0016_0005" 5874
"/Engine/EngineMaterials/Substrate/GLints/dict_16_192_64_0p5_0p02_0016_0001" 5875
"/Engine/EngineMaterials/Substrate/GLints/dict_16_192_64_0p5_0p02_0015_0013" 5876
"../../../Engine/Content/EngineMaterials/Substrate/GLints/dict_16_192_64_0p5_0p02_0016_0010.uasset" 5877
"../../../Engine/Content/EngineMaterials/Substrate/GLints/dict_16_192_64_0p5_0p02_0016_0013.uasset" 5878
"../../../Engine/Content/EngineMaterials/Substrate/GLints/dict_16_192_64_0p5_0p02_0016_0011.uasset" 5879
"../../../Engine/Content/EngineMaterials/Substrate/GLints/dict_16_192_64_0p5_0p02_0016_0014.uasset" 5880
"/Engine/EngineMaterials/Substrate/GLints/dict_16_192_64_0p5_0p02_0016_0000" 5881
"../../../Engine/Content/EngineMaterials/Substrate/GLints/dict_16_192_64_0p5_0p02_0016_0012.uasset" 5882
"/Engine/EngineMaterials/Substrate/GLints/dict_16_192_64_0p5_0p02_0014_0008" 5883
"../../../Engine/Content/EngineMaterials/Substrate/GLints/dict_16_192_64_0p5_0p02_0017_0000.uasset" 5884
"../../../Engine/Content/EngineMaterials/Substrate/GLints/dict_16_192_64_0p5_0p02_0017_0003.uasset" 5885
"/Engine/EngineMaterials/Substrate/GLints/dict_16_192_64_0p5_0p02_0016_0003" 5886
"../../../Engine/Content/EngineMaterials/Substrate/GLints/dict_16_192_64_0p5_0p02_0017_0002.uasset" 5887
"../../../Engine/Content/EngineMaterials/Substrate/GLints/dict_16_192_64_0p5_0p02_0017_0001.uasset" 5888
"../../../Engine/Content/EngineMaterials/Substrate/GLints/dict_16_192_64_0p5_0p02_0017_0004.uasset" 5889
"../../../Engine/Content/EngineMaterials/Substrate/GLints/dict_16_192_64_0p5_0p02_0016_0004.uasset" 5890
"/Engine/EngineMaterials/Substrate/GLints/dict_16_192_64_0p5_0p02_0015_0006" 5891
"../../../Engine/Content/EngineMaterials/Substrate/GLints/dict_16_192_64_0p5_0p02_0014_0015.uasset" 5892
"../../../Engine/Content/EngineMaterials/Substrate/GLints/dict_16_192_64_0p5_0p02_0017_0005.uasset" 5893
"../../../Engine/Content/EngineMaterials/Substrate/GLints/dict_16_192_64_0p5_0p02_0017_0008.uasset" 5894
"../../../Engine/Content/EngineMaterials/Substrate/GLints/dict_16_192_64_0p5_0p02_0017_0009.uasset" 5895
"/Engine/EngineMaterials/Substrate/GLints/dict_16_192_64_0p5_0p02_0017_0000" 5896
"../../../Engine/Content/EngineMaterials/Substrate/GLints/dict_16_192_64_0p5_0p02_0017_0011.uasset" 5897
"../../../Engine/Content/EngineMaterials/Substrate/GLints/dict_16_192_64_0p5_0p02_0017_0012.uasset" 5898
"../../../Engine/Content/EngineMaterials/Substrate/GLints/dict_16_192_64_0p5_0p02_0017_0006.uasset" 5899
"../../../Engine/Content/EngineMaterials/Substrate/GLints/dict_16_192_64_0p5_0p02_0017_0013.uasset" 5900
"../../../Engine/Content/EngineMaterials/Substrate/GLints/dict_16_192_64_0p5_0p02_0017_0007.uasset" 5901
"/Engine/EngineMaterials/Substrate/GLints/dict_16_192_64_0p5_0p02_0016_0012" 5902
"/Engine/EngineMaterials/Substrate/GLints/dict_16_192_64_0p5_0p02_0016_0011" 5903
"../../../Engine/Content/EngineMaterials/Substrate/GLints/dict_16_192_64_0p5_0p02_0016_0006.uasset" 5904
"/Engine/EngineMaterials/Substrate/GLints/dict_16_192_64_0p5_0p02_0016_0010" 5905
"/Engine/EngineMaterials/Substrate/GLints/dict_16_192_64_0p5_0p02_0016_0009" 5906
"/Engine/EngineMaterials/Substrate/GLints/dict_16_192_64_0p5_0p02_0016_0008" 5907
"../../../Engine/Content/EngineMaterials/Substrate/GLints/dict_16_192_64_0p5_0p02_0018_0000.uasset" 5908
"../../../Engine/Content/EngineMaterials/Substrate/GLints/dict_16_192_64_0p5_0p02_0018_0001.uasset" 5909
"/Engine/EngineMaterials/Substrate/GLints/dict_16_192_64_0p5_0p02_0016_0014" 5910
"/Engine/EngineMaterials/Substrate/GLints/dict_16_192_64_0p5_0p02_0016_0013" 5911
"../../../Engine/Content/EngineMaterials/Substrate/GLints/dict_16_192_64_0p5_0p02_0017_0015.uasset" 5912
"../../../Engine/Content/EngineMaterials/Substrate/GLints/dict_16_192_64_0p5_0p02_0016_0015.uasset" 5913
"../../../Engine/Content/EngineMaterials/Substrate/GLints/dict_16_192_64_0p5_0p02_0017_0014.uasset" 5914
"/Engine/EngineMaterials/Substrate/GLints/dict_16_192_64_0p5_0p02_0017_0003" 5915
"/Engine/EngineMaterials/Substrate/GLints/dict_16_192_64_0p5_0p02_0016_0007" 5916
"/Engine/EngineMaterials/Substrate/GLints/dict_16_192_64_0p5_0p02_0018_0001" 5917
"/Engine/EngineMaterials/Substrate/GLints/dict_16_192_64_0p5_0p02_0018_0000" 5918
"/Engine/EngineMaterials/Substrate/GLints/dict_16_192_64_0p5_0p02_0016_0006" 5919
"/Engine/EngineMaterials/Substrate/GLints/dict_16_192_64_0p5_0p02_0017_0009" 5920
"/Engine/EngineMaterials/Substrate/GLints/dict_16_192_64_0p5_0p02_0017_0008" 5921
"/Engine/EngineMaterials/Substrate/GLints/dict_16_192_64_0p5_0p02_0017_0007" 5922
"../../../Engine/Content/EngineMaterials/Substrate/GLints/dict_16_192_64_0p5_0p02_0018_0005.uasset" 5923
"../../../Engine/Content/EngineMaterials/Substrate/GLints/dict_16_192_64_0p5_0p02_0018_0006.uasset" 5924
"../../../Engine/Content/EngineMaterials/Substrate/GLints/dict_16_192_64_0p5_0p02_0018_0003.uasset" 5925
"../../../Engine/Content/EngineMaterials/Substrate/GLints/dict_16_192_64_0p5_0p02_0018_0002.uasset" 5926
"/Engine/EngineMaterials/Substrate/GLints/dict_16_192_64_0p5_0p02_0017_0006" 5927
"../../../Engine/Content/EngineMaterials/Substrate/GLints/dict_16_192_64_0p5_0p02_0018_0004.uasset" 5928
"/Engine/EngineMaterials/Substrate/GLints/dict_16_192_64_0p5_0p02_0017_0005" 5929
"/Engine/EngineMaterials/Substrate/GLints/dict_16_192_64_0p5_0p02_0017_0004" 5930
"/Engine/EngineMaterials/Substrate/GLints/dict_16_192_64_0p5_0p02_0017_0015" 5931
"/Engine/EngineMaterials/Substrate/GLints/dict_16_192_64_0p5_0p02_0016_0004" 5932
"../../../Engine/Content/EngineMaterials/Substrate/GLints/dict_16_192_64_0p5_0p02_0018_0007.uasset" 5933
"/Engine/EngineMaterials/Substrate/GLints/dict_16_192_64_0p5_0p02_0017_0014" 5934
"/Engine/EngineMaterials/Substrate/GLints/dict_16_192_64_0p5_0p02_0017_0013" 5935
"/Engine/EngineMaterials/Substrate/GLints/dict_16_192_64_0p5_0p02_0017_0012" 5936
"/Engine/EngineMaterials/Substrate/GLints/dict_16_192_64_0p5_0p02_0017_0002" 5937
"/Engine/EngineMaterials/Substrate/GLints/dict_16_192_64_0p5_0p02_0017_0011" 5938
"/Engine/EngineMaterials/Substrate/GLints/dict_16_192_64_0p5_0p02_0017_0001" 5939
"../../../Engine/Content/EngineMaterials/Substrate/GLints/dict_16_192_64_0p5_0p02_0018_0008.uasset" 5940
"../../../Engine/Content/EngineMaterials/Substrate/GLints/dict_16_192_64_0p5_0p02_0018_0011.uasset" 5941
"../../../Engine/Content/EngineMaterials/Substrate/GLints/dict_16_192_64_0p5_0p02_0018_0013.uasset" 5942
"../../../Engine/Content/EngineMaterials/Substrate/GLints/dict_16_192_64_0p5_0p02_0018_0010.uasset" 5943
"../../../Engine/Content/EngineMaterials/Substrate/GLints/dict_16_192_64_0p5_0p02_0018_0009.uasset" 5944
"../../../Engine/Content/EngineMaterials/Substrate/GLints/dict_16_192_64_0p5_0p02_0018_0012.uasset" 5945
"/Engine/EngineMaterials/Substrate/GLints/dict_16_192_64_0p5_0p02_0016_0015" 5946
"/Engine/EngineMaterials/Substrate/GLints/dict_16_192_64_0p5_0p02_0014_0015" 5947
"/Engine/EngineMaterials/Substrate/GLints/dict_16_192_64_0p5_0p02_0018_0013" 5948
"/Engine/EngineMaterials/Substrate/GLints/dict_16_192_64_0p5_0p02_0018_0012" 5949
"/Engine/EngineMaterials/Substrate/GLints/dict_16_192_64_0p5_0p02_0018_0011" 5950
"/Engine/EngineMaterials/Substrate/GLints/dict_16_192_64_0p5_0p02_0018_0010" 5951
"/Engine/EngineMaterials/Substrate/GLints/dict_16_192_64_0p5_0p02_0018_0009" 5952
"/Engine/EngineMaterials/Substrate/GLints/dict_16_192_64_0p5_0p02_0018_0008" 5953
"/Engine/EngineMaterials/Substrate/GLints/dict_16_192_64_0p5_0p02_0018_0007" 5954
"/Engine/EngineMaterials/Substrate/GLints/dict_16_192_64_0p5_0p02_0018_0006" 5955
"/Engine/EngineMaterials/Substrate/GLints/dict_16_192_64_0p5_0p02_0018_0005" 5956
"/Engine/EngineMaterials/Substrate/GLints/dict_16_192_64_0p5_0p02_0018_0004" 5957
"/Engine/EngineMaterials/Substrate/GLints/dict_16_192_64_0p5_0p02_0018_0003" 5958
"/Engine/EngineMaterials/Substrate/GLints/dict_16_192_64_0p5_0p02_0018_0002" 5959
"../../../Engine/Content/EngineMaterials/Substrate/GLints/dict_16_192_64_0p5_0p02_0018_0014.uasset" 5960
"../../../Engine/Content/EngineMaterials/Substrate/GLints/dict_16_192_64_0p5_0p02_0019_0000.uasset" 5961
"../../../Engine/Content/EngineMaterials/Substrate/GLints/dict_16_192_64_0p5_0p02_0019_0001.uasset" 5962
"../../../Engine/Content/EngineMaterials/Substrate/GLints/dict_16_192_64_0p5_0p02_0018_0015.uasset" 5963
"../../../Engine/Content/EngineMaterials/Substrate/GLints/dict_16_192_64_0p5_0p02_0019_0003.uasset" 5964
"../../../Engine/Content/EngineMaterials/Substrate/GLints/dict_16_192_64_0p5_0p02_0019_0002.uasset" 5965
"../../../Engine/Content/EngineMaterials/Substrate/GLints/dict_16_192_64_0p5_0p02_0019_0004.uasset" 5966
"../../../Engine/Content/EngineMaterials/Substrate/GLints/dict_16_192_64_0p5_0p02_0019_0007.uasset" 5967
"../../../Engine/Content/EngineMaterials/Substrate/GLints/dict_16_192_64_0p5_0p02_0019_0006.uasset" 5968
"../../../Engine/Content/EngineMaterials/Substrate/GLints/dict_16_192_64_0p5_0p02_0019_0010.uasset" 5969
"../../../Engine/Content/EngineMaterials/Substrate/GLints/dict_16_192_64_0p5_0p02_0019_0005.uasset" 5970
"../../../Engine/Content/EngineMaterials/Substrate/GLints/dict_16_192_64_0p5_0p02_0019_0008.uasset" 5971
"../../../Engine/Content/EngineMaterials/Substrate/GLints/dict_16_192_64_0p5_0p02_0019_0009.uasset" 5972
"/Engine/EngineMaterials/Substrate/GLints/dict_16_192_64_0p5_0p02_0019_0010" 5973
"/Engine/EngineMaterials/Substrate/GLints/dict_16_192_64_0p5_0p02_0019_0009" 5974
"/Engine/EngineMaterials/Substrate/GLints/dict_16_192_64_0p5_0p02_0019_0008" 5975
"/Engine/EngineMaterials/Substrate/GLints/dict_16_192_64_0p5_0p02_0019_0007" 5976
"/Engine/EngineMaterials/Substrate/GLints/dict_16_192_64_0p5_0p02_0019_0006" 5977
"/Engine/EngineMaterials/Substrate/GLints/dict_16_192_64_0p5_0p02_0019_0005" 5978
"/Engine/EngineMaterials/Substrate/GLints/dict_16_192_64_0p5_0p02_0019_0004" 5979
"../../../Engine/Content/EngineMaterials/Substrate/GLints/dict_16_192_64_0p5_0p02_0019_0011.uasset" 5980
"/Engine/EngineMaterials/Substrate/GLints/dict_16_192_64_0p5_0p02_0019_0003" 5981
"/Engine/EngineMaterials/Substrate/GLints/dict_16_192_64_0p5_0p02_0019_0002" 5982
"/Engine/EngineMaterials/Substrate/GLints/dict_16_192_64_0p5_0p02_0019_0001" 5983
"/Engine/EngineMaterials/Substrate/GLints/dict_16_192_64_0p5_0p02_0019_0000" 5984
"/Engine/EngineMaterials/Substrate/GLints/dict_16_192_64_0p5_0p02_0018_0015" 5985
"/Engine/EngineMaterials/Substrate/GLints/dict_16_192_64_0p5_0p02_0018_0014" 5986
"/Engine/EngineMaterials/Substrate/GLints/dict_16_192_64_0p5_0p02_0019_0011" 5987
"../../../Engine/Content/EngineMaterials/Substrate/GLints/dict_16_192_64_0p5_0p02_0019_0013.uasset" 5988
"../../../Engine/Content/EngineMaterials/Substrate/GLints/dict_16_192_64_0p5_0p02_0019_0014.uasset" 5989
"../../../Engine/Content/EngineMaterials/Substrate/GLints/dict_16_192_64_0p5_0p02_0019_0012.uasset" 5990
"../../../Engine/Content/EngineMaterials/Substrate/GLints/dict_16_192_64_0p5_0p02_0020_0000.uasset" 5991
"../../../Engine/Content/EngineMaterials/Substrate/GLints/dict_16_192_64_0p5_0p02_0019_0015.uasset" 5992
"/Engine/EngineMaterials/Substrate/GLints/dict_16_192_64_0p5_0p02_0020_0000" 5993
"/Engine/EngineMaterials/Substrate/GLints/dict_16_192_64_0p5_0p02_0019_0015" 5994
"/Engine/EngineMaterials/Substrate/GLints/dict_16_192_64_0p5_0p02_0019_0014" 5995
"../../../Engine/Content/EngineMaterials/Substrate/GLints/dict_16_192_64_0p5_0p02_0020_0001.uasset" 5996
"/Engine/EngineMaterials/Substrate/GLints/dict_16_192_64_0p5_0p02_0019_0013" 5997
"../../../Engine/Content/EngineMaterials/Substrate/GLints/dict_16_192_64_0p5_0p02_0020_0002.uasset" 5998
"/Engine/EngineMaterials/Substrate/GLints/dict_16_192_64_0p5_0p02_0019_0012" 5999
"/Engine/EngineMaterials/Substrate/GLints/dict_16_192_64_0p5_0p02_0020_0002" 6000
"/Engine/EngineMaterials/Substrate/GLints/dict_16_192_64_0p5_0p02_0020_0001" 6001
"../../../Engine/Content/EngineMaterials/Substrate/GLints/dict_16_192_64_0p5_0p02_0020_0003.uasset" 6002
"../../../Engine/Content/EngineMaterials/Substrate/GLints/dict_16_192_64_0p5_0p02_0020_0006.uasset" 6003
"../../../Engine/Content/EngineMaterials/Substrate/GLints/dict_16_192_64_0p5_0p02_0020_0004.uasset" 6004
"../../../Engine/Content/EngineMaterials/Substrate/GLints/dict_16_192_64_0p5_0p02_0020_0007.uasset" 6005
"../../../Engine/Content/EngineMaterials/Substrate/GLints/dict_16_192_64_0p5_0p02_0020_0005.uasset" 6006
"../../../Engine/Content/EngineMaterials/Substrate/GLints/dict_16_192_64_0p5_0p02_0020_0009.uasset" 6007
"../../../Engine/Content/EngineMaterials/Substrate/GLints/dict_16_192_64_0p5_0p02_0020_0008.uasset" 6008
"/Engine/EngineMaterials/Substrate/GLints/dict_16_192_64_0p5_0p02_0020_0009" 6009
"../../../Engine/Content/EngineMaterials/Substrate/GLints/dict_16_192_64_0p5_0p02_0020_0012.uasset" 6010
"../../../Engine/Content/EngineMaterials/Substrate/GLints/dict_16_192_64_0p5_0p02_0020_0013.uasset" 6011
"../../../Engine/Content/EngineMaterials/Substrate/GLints/dict_16_192_64_0p5_0p02_0020_0011.uasset" 6012
"/Engine/EngineMaterials/Substrate/GLints/dict_16_192_64_0p5_0p02_0020_0008" 6013
"/Engine/EngineMaterials/Substrate/GLints/dict_16_192_64_0p5_0p02_0020_0007" 6014
"../../../Engine/Content/EngineMaterials/Substrate/GLints/dict_16_192_64_0p5_0p02_0020_0010.uasset" 6015
"../../../Engine/Content/EngineMaterials/Substrate/GLints/dict_16_192_64_0p5_0p02_0020_0014.uasset" 6016
"/Engine/EngineMaterials/Substrate/GLints/dict_16_192_64_0p5_0p02_0020_0006" 6017
"/Engine/EngineMaterials/Substrate/GLints/dict_16_192_64_0p5_0p02_0020_0005" 6018
"../../../Engine/Content/EngineMaterials/Substrate/GLints/dict_16_192_64_0p5_0p02_0020_0015.uasset" 6019
"../../../Engine/Content/EngineMaterials/Substrate/GLints/dict_16_192_64_0p5_0p02_0021_0000.uasset" 6020
"../../../Engine/Content/EngineMaterials/Substrate/GLints/dict_16_192_64_0p5_0p02_0021_0001.uasset" 6021
"/Engine/EngineMaterials/Substrate/GLints/dict_16_192_64_0p5_0p02_0020_0004" 6022
"/Engine/EngineMaterials/Substrate/GLints/dict_16_192_64_0p5_0p02_0020_0003" 6023
"/Engine/EngineMaterials/Substrate/GLints/dict_16_192_64_0p5_0p02_0020_0012" 6024
"/Engine/EngineMaterials/Substrate/GLints/dict_16_192_64_0p5_0p02_0020_0011" 6025
"/Engine/EngineMaterials/Substrate/GLints/dict_16_192_64_0p5_0p02_0021_0001" 6026
"/Engine/EngineMaterials/Substrate/GLints/dict_16_192_64_0p5_0p02_0021_0000" 6027
"/Engine/EngineMaterials/Substrate/GLints/dict_16_192_64_0p5_0p02_0020_0015" 6028
"../../../Engine/Content/EngineMaterials/Substrate/GLints/dict_16_192_64_0p5_0p02_0021_0005.uasset" 6029
"../../../Engine/Content/EngineMaterials/Substrate/GLints/dict_16_192_64_0p5_0p02_0021_0006.uasset" 6030
"../../../Engine/Content/EngineMaterials/Substrate/GLints/dict_16_192_64_0p5_0p02_0021_0008.uasset" 6031
"../../../Engine/Content/EngineMaterials/Substrate/GLints/dict_16_192_64_0p5_0p02_0021_0003.uasset" 6032
"../../../Engine/Content/EngineMaterials/Substrate/GLints/dict_16_192_64_0p5_0p02_0021_0002.uasset" 6033
"../../../Engine/Content/EngineMaterials/Substrate/GLints/dict_16_192_64_0p5_0p02_0021_0004.uasset" 6034
"../../../Engine/Content/EngineMaterials/Substrate/GLints/dict_16_192_64_0p5_0p02_0021_0009.uasset" 6035
"/Engine/EngineMaterials/Substrate/GLints/dict_16_192_64_0p5_0p02_0020_0010" 6036
"../../../Engine/Content/EngineMaterials/Substrate/GLints/dict_16_192_64_0p5_0p02_0021_0007.uasset" 6037
"/Engine/EngineMaterials/Substrate/GLints/dict_16_192_64_0p5_0p02_0020_0014" 6038
"/Engine/EngineMaterials/Substrate/GLints/dict_16_192_64_0p5_0p02_0020_0013" 6039
"/Engine/EngineMaterials/Substrate/GLints/dict_16_192_64_0p5_0p02_0021_0009" 6040
"/Engine/EngineMaterials/Substrate/GLints/dict_16_192_64_0p5_0p02_0021_0008" 6041
"/Engine/EngineMaterials/Substrate/GLints/dict_16_192_64_0p5_0p02_0021_0007" 6042
"/Engine/EngineMaterials/Substrate/GLints/dict_16_192_64_0p5_0p02_0021_0006" 6043
"/Engine/EngineMaterials/Substrate/GLints/dict_16_192_64_0p5_0p02_0021_0005" 6044
"/Engine/EngineMaterials/Substrate/GLints/dict_16_192_64_0p5_0p02_0021_0004" 6045
"/Engine/EngineMaterials/Substrate/GLints/dict_16_192_64_0p5_0p02_0021_0003" 6046
"/Engine/EngineMaterials/Substrate/GLints/dict_16_192_64_0p5_0p02_0021_0002" 6047
"../../../Engine/Content/EngineMaterials/Substrate/GLints/dict_16_192_64_0p5_0p02_0021_0015.uasset" 6048
"../../../Engine/Content/EngineMaterials/Substrate/GLints/dict_16_192_64_0p5_0p02_0021_0010.uasset" 6049
"../../../Engine/Content/EngineMaterials/Substrate/GLints/dict_16_192_64_0p5_0p02_0021_0012.uasset" 6050
"../../../Engine/Content/EngineMaterials/Substrate/GLints/dict_16_192_64_0p5_0p02_0021_0013.uasset" 6051
"../../../Engine/Content/EngineMaterials/Substrate/GLints/dict_16_192_64_0p5_0p02_0021_0011.uasset" 6052
"../../../Engine/Content/EngineMaterials/Substrate/GLints/dict_16_192_64_0p5_0p02_0021_0014.uasset" 6053
"../../../Engine/Content/EngineMaterials/Substrate/GLints/dict_16_192_64_0p5_0p02_0022_0000.uasset" 6054
"../../../Engine/Content/EngineMaterials/Substrate/GLints/dict_16_192_64_0p5_0p02_0022_0001.uasset" 6055
"../../../Engine/Content/EngineMaterials/Substrate/GLints/dict_16_192_64_0p5_0p02_0022_0010.uasset" 6056
"../../../Engine/Content/EngineMaterials/Substrate/GLints/dict_16_192_64_0p5_0p02_0022_0007.uasset" 6057
"../../../Engine/Content/EngineMaterials/Substrate/GLints/dict_16_192_64_0p5_0p02_0022_0004.uasset" 6058
"../../../Engine/Content/EngineMaterials/Substrate/GLints/dict_16_192_64_0p5_0p02_0022_0006.uasset" 6059
"../../../Engine/Content/EngineMaterials/Substrate/GLints/dict_16_192_64_0p5_0p02_0022_0005.uasset" 6060
"../../../Engine/Content/EngineMaterials/Substrate/GLints/dict_16_192_64_0p5_0p02_0022_0003.uasset" 6061
"../../../Engine/Content/EngineMaterials/Substrate/GLints/dict_16_192_64_0p5_0p02_0022_0011.uasset" 6062
"../../../Engine/Content/EngineMaterials/Substrate/GLints/dict_16_192_64_0p5_0p02_0022_0009.uasset" 6063
"../../../Engine/Content/EngineMaterials/Substrate/GLints/dict_16_192_64_0p5_0p02_0022_0008.uasset" 6064
"../../../Engine/Content/EngineMaterials/Substrate/GLints/dict_16_192_64_0p5_0p02_0022_0002.uasset" 6065
"/Engine/EngineMaterials/Substrate/GLints/dict_16_192_64_0p5_0p02_0021_0015" 6066
"/Engine/EngineMaterials/Substrate/GLints/dict_16_192_64_0p5_0p02_0021_0014" 6067
"/Engine/EngineMaterials/Substrate/GLints/dict_16_192_64_0p5_0p02_0021_0013" 6068
"/Engine/EngineMaterials/Substrate/GLints/dict_16_192_64_0p5_0p02_0021_0012" 6069
"/Engine/EngineMaterials/Substrate/GLints/dict_16_192_64_0p5_0p02_0021_0011" 6070
"/Engine/EngineMaterials/Substrate/GLints/dict_16_192_64_0p5_0p02_0021_0010" 6071
"../../../Engine/Content/EngineMaterials/Substrate/GLints/dict_16_192_64_0p5_0p02_0022_0012.uasset" 6072
"../../../Engine/Content/EngineMaterials/Substrate/GLints/dict_16_192_64_0p5_0p02_0022_0013.uasset" 6073
"../../../Engine/Content/EngineMaterials/Substrate/GLints/dict_16_192_64_0p5_0p02_0022_0015.uasset" 6074
"../../../Engine/Content/EngineMaterials/Substrate/GLints/dict_16_192_64_0p5_0p02_0023_0001.uasset" 6075
"../../../Engine/Content/EngineMaterials/Substrate/GLints/dict_16_192_64_0p5_0p02_0023_0003.uasset" 6076
"../../../Engine/Content/EngineMaterials/Substrate/GLints/dict_16_192_64_0p5_0p02_0023_0000.uasset" 6077
"/Engine/EngineMaterials/Substrate/GLints/dict_16_192_64_0p5_0p02_0022_0011" 6078
"../../../Engine/Content/EngineMaterials/Substrate/GLints/dict_16_192_64_0p5_0p02_0023_0006.uasset" 6079
"../../../Engine/Content/EngineMaterials/Substrate/GLints/dict_16_192_64_0p5_0p02_0023_0005.uasset" 6080
"../../../Engine/Content/EngineMaterials/Substrate/GLints/dict_16_192_64_0p5_0p02_0023_0002.uasset" 6081
"/Engine/EngineMaterials/Substrate/GLints/dict_16_192_64_0p5_0p02_0022_0008" 6082
"../../../Engine/Content/EngineMaterials/Substrate/GLints/dict_16_192_64_0p5_0p02_0022_0014.uasset" 6083
"/Engine/EngineMaterials/Substrate/GLints/dict_16_192_64_0p5_0p02_0022_0010" 6084
"/Engine/EngineMaterials/Substrate/GLints/dict_16_192_64_0p5_0p02_0022_0007" 6085
"/Engine/EngineMaterials/Substrate/GLints/dict_16_192_64_0p5_0p02_0022_0009" 6086
"/Engine/EngineMaterials/Substrate/GLints/dict_16_192_64_0p5_0p02_0022_0006" 6087
"/Engine/EngineMaterials/Substrate/GLints/dict_16_192_64_0p5_0p02_0022_0005" 6088
"../../../Engine/Content/EngineMaterials/Substrate/GLints/dict_16_192_64_0p5_0p02_0023_0004.uasset" 6089
"/Engine/EngineMaterials/Substrate/GLints/dict_16_192_64_0p5_0p02_0022_0004" 6090
"/Engine/EngineMaterials/Substrate/GLints/dict_16_192_64_0p5_0p02_0022_0003" 6091
"/Engine/EngineMaterials/Substrate/GLints/dict_16_192_64_0p5_0p02_0022_0002" 6092
"/Engine/EngineMaterials/Substrate/GLints/dict_16_192_64_0p5_0p02_0022_0001" 6093
"/Engine/EngineMaterials/Substrate/GLints/dict_16_192_64_0p5_0p02_0022_0000" 6094
"../../../Engine/Content/EngineMaterials/Substrate/GLints/dict_16_192_64_0p5_0p02_0023_0007.uasset" 6095
"/Engine/EngineMaterials/Substrate/GLints/dict_16_192_64_0p5_0p02_0023_0000" 6096
"../../../Engine/Content/EngineMaterials/Substrate/GLints/dict_16_192_64_0p5_0p02_0023_0008.uasset" 6097
"/Engine/EngineMaterials/Substrate/GLints/dict_16_192_64_0p5_0p02_0023_0007" 6098
"/Engine/EngineMaterials/Substrate/GLints/dict_16_192_64_0p5_0p02_0023_0006" 6099
"/Engine/EngineMaterials/Substrate/GLints/dict_16_192_64_0p5_0p02_0023_0005" 6100
"../../../Engine/Content/EngineMaterials/Substrate/GLints/dict_16_192_64_0p5_0p02_0023_0012.uasset" 6101
"../../../Engine/Content/EngineMaterials/Substrate/GLints/dict_16_192_64_0p5_0p02_0023_0015.uasset" 6102
"../../../Engine/Content/EngineMaterials/Substrate/GLints/dict_16_192_64_0p5_0p02_0023_0013.uasset" 6103
"../../../Engine/Content/EngineMaterials/Substrate/GLints/dict_16_192_64_0p5_0p02_0024_0000.uasset" 6104
"../../../Engine/Content/EngineMaterials/Substrate/GLints/dict_16_192_64_0p5_0p02_0023_0011.uasset" 6105
"../../../Engine/Content/EngineMaterials/Substrate/GLints/dict_16_192_64_0p5_0p02_0023_0010.uasset" 6106
"../../../Engine/Content/EngineMaterials/Substrate/GLints/dict_16_192_64_0p5_0p02_0023_0009.uasset" 6107
"../../../Engine/Content/EngineMaterials/Substrate/GLints/dict_16_192_64_0p5_0p02_0023_0014.uasset" 6108
"../../../Engine/Content/EngineMaterials/Substrate/GLints/dict_16_192_64_0p5_0p02_0024_0002.uasset" 6109
"/Engine/EngineMaterials/Substrate/GLints/dict_16_192_64_0p5_0p02_0023_0004" 6110
"/Engine/EngineMaterials/Substrate/GLints/dict_16_192_64_0p5_0p02_0023_0003" 6111
"/Engine/EngineMaterials/Substrate/GLints/dict_16_192_64_0p5_0p02_0023_0002" 6112
"/Engine/EngineMaterials/Substrate/GLints/dict_16_192_64_0p5_0p02_0022_0015" 6113
"../../../Engine/Content/EngineMaterials/Substrate/GLints/dict_16_192_64_0p5_0p02_0024_0001.uasset" 6114
"/Engine/EngineMaterials/Substrate/GLints/dict_16_192_64_0p5_0p02_0023_0001" 6115
"/Engine/EngineMaterials/Substrate/GLints/dict_16_192_64_0p5_0p02_0022_0014" 6116
"/Engine/EngineMaterials/Substrate/GLints/dict_16_192_64_0p5_0p02_0022_0013" 6117
"/Engine/EngineMaterials/Substrate/GLints/dict_16_192_64_0p5_0p02_0022_0012" 6118
"/Engine/EngineMaterials/Substrate/GLints/dict_16_192_64_0p5_0p02_0023_0008" 6119
"/Engine/EngineMaterials/Substrate/GLints/dict_16_192_64_0p5_0p02_0024_0002" 6120
"/Engine/EngineMaterials/Substrate/GLints/dict_16_192_64_0p5_0p02_0024_0001" 6121
"/Engine/EngineMaterials/Substrate/GLints/dict_16_192_64_0p5_0p02_0024_0000" 6122
"/Engine/EngineMaterials/Substrate/GLints/dict_16_192_64_0p5_0p02_0023_0015" 6123
"../../../Engine/Content/EngineMaterials/Substrate/GLints/dict_16_192_64_0p5_0p02_0024_0003.uasset" 6124
"../../../Engine/Content/EngineMaterials/Substrate/GLints/dict_16_192_64_0p5_0p02_0024_0005.uasset" 6125
"../../../Engine/Content/EngineMaterials/Substrate/GLints/dict_16_192_64_0p5_0p02_0024_0006.uasset" 6126
"../../../Engine/Content/EngineMaterials/Substrate/GLints/dict_16_192_64_0p5_0p02_0024_0004.uasset" 6127
"../../../Engine/Content/EngineMaterials/Substrate/GLints/dict_16_192_64_0p5_0p02_0024_0007.uasset" 6128
"../../../Engine/Content/EngineMaterials/Substrate/GLints/dict_16_192_64_0p5_0p02_0024_0009.uasset" 6129
"../../../Engine/Content/EngineMaterials/Substrate/GLints/dict_16_192_64_0p5_0p02_0024_0008.uasset" 6130
"/Engine/EngineMaterials/Substrate/GLints/dict_16_192_64_0p5_0p02_0023_0014" 6131
"../../../Engine/Content/EngineMaterials/Substrate/GLints/dict_16_192_64_0p5_0p02_0024_0011.uasset" 6132
"../../../Engine/Content/EngineMaterials/Substrate/GLints/dict_16_192_64_0p5_0p02_0024_0010.uasset" 6133
"/Engine/EngineMaterials/Substrate/GLints/dict_16_192_64_0p5_0p02_0023_0013" 6134
"../../../Engine/Content/EngineMaterials/Substrate/GLints/dict_16_192_64_0p5_0p02_0025_0001.uasset" 6135
"../../../Engine/Content/EngineMaterials/Substrate/GLints/dict_16_192_64_0p5_0p02_0024_0014.uasset" 6136
"../../../Engine/Content/EngineMaterials/Substrate/GLints/dict_16_192_64_0p5_0p02_0025_0003.uasset" 6137
"../../../Engine/Content/EngineMaterials/Substrate/GLints/dict_16_192_64_0p5_0p02_0024_0012.uasset" 6138
"../../../Engine/Content/EngineMaterials/Substrate/GLints/dict_16_192_64_0p5_0p02_0024_0015.uasset" 6139
"/Engine/EngineMaterials/Substrate/GLints/dict_16_192_64_0p5_0p02_0023_0012" 6140
"../../../Engine/Content/EngineMaterials/Substrate/GLints/dict_16_192_64_0p5_0p02_0024_0013.uasset" 6141
"/Engine/EngineMaterials/Substrate/GLints/dict_16_192_64_0p5_0p02_0023_0011" 6142
"/Engine/EngineMaterials/Substrate/GLints/dict_16_192_64_0p5_0p02_0023_0010" 6143
"/Engine/EngineMaterials/Substrate/GLints/dict_16_192_64_0p5_0p02_0023_0009" 6144
"../../../Engine/Content/EngineMaterials/Substrate/GLints/dict_16_192_64_0p5_0p02_0025_0000.uasset" 6145
"../../../Engine/Content/EngineMaterials/Substrate/GLints/dict_16_192_64_0p5_0p02_0025_0002.uasset" 6146
"/Engine/EngineMaterials/Substrate/GLints/dict_16_192_64_0p5_0p02_0024_0010" 6147
"/Engine/EngineMaterials/Substrate/GLints/dict_16_192_64_0p5_0p02_0024_0009" 6148
"/Engine/EngineMaterials/Substrate/GLints/dict_16_192_64_0p5_0p02_0024_0008" 6149
"/Engine/EngineMaterials/Substrate/GLints/dict_16_192_64_0p5_0p02_0024_0007" 6150
"/Engine/EngineMaterials/Substrate/GLints/dict_16_192_64_0p5_0p02_0024_0006" 6151
"/Engine/EngineMaterials/Substrate/GLints/dict_16_192_64_0p5_0p02_0024_0005" 6152
"/Engine/EngineMaterials/Substrate/GLints/dict_16_192_64_0p5_0p02_0025_0003" 6153
"/Engine/EngineMaterials/Substrate/GLints/dict_16_192_64_0p5_0p02_0025_0002" 6154
"/Engine/EngineMaterials/Substrate/GLints/dict_16_192_64_0p5_0p02_0025_0001" 6155
"/Engine/EngineMaterials/Substrate/GLints/dict_16_192_64_0p5_0p02_0025_0000" 6156
"/Engine/EngineMaterials/Substrate/GLints/dict_16_192_64_0p5_0p02_0024_0015" 6157
"/Engine/EngineMaterials/Substrate/GLints/dict_16_192_64_0p5_0p02_0024_0014" 6158
"/Engine/EngineMaterials/Substrate/GLints/dict_16_192_64_0p5_0p02_0024_0013" 6159
"/Engine/EngineMaterials/Substrate/GLints/dict_16_192_64_0p5_0p02_0024_0012" 6160
"../../../Engine/Content/EngineMaterials/Substrate/GLints/dict_16_192_64_0p5_0p02_0025_0006.uasset" 6161
"../../../Engine/Content/EngineMaterials/Substrate/GLints/dict_16_192_64_0p5_0p02_0025_0005.uasset" 6162
"/Engine/EngineMaterials/Substrate/GLints/dict_16_192_64_0p5_0p02_0024_0011" 6163
"../../../Engine/Content/EngineMaterials/Substrate/GLints/dict_16_192_64_0p5_0p02_0025_0004.uasset" 6164
"../../../Engine/Content/EngineMaterials/Substrate/GLints/dict_16_192_64_0p5_0p02_0025_0008.uasset" 6165
"../../../Engine/Content/EngineMaterials/Substrate/GLints/dict_16_192_64_0p5_0p02_0025_0010.uasset" 6166
"../../../Engine/Content/EngineMaterials/Substrate/GLints/dict_16_192_64_0p5_0p02_0025_0012.uasset" 6167
"../../../Engine/Content/EngineMaterials/Substrate/GLints/dict_16_192_64_0p5_0p02_0025_0009.uasset" 6168
"../../../Engine/Content/EngineMaterials/Substrate/GLints/dict_16_192_64_0p5_0p02_0025_0007.uasset" 6169
"/Engine/EngineMaterials/Substrate/GLints/dict_16_192_64_0p5_0p02_0024_0004" 6170
"../../../Engine/Content/EngineMaterials/Substrate/GLints/dict_16_192_64_0p5_0p02_0025_0011.uasset" 6171
"../../../Engine/Content/EngineMaterials/Substrate/GLints/dict_16_192_64_0p5_0p02_0017_0010.uasset" 6172
"/Engine/EngineMaterials/Substrate/GLints/dict_16_192_64_0p5_0p02_0024_0003" 6173
"/Engine/EngineMaterials/Substrate/GLints/dict_16_192_64_0p5_0p02_0025_0006" 6174
"../../../Engine/Content/EngineMaterials/Substrate/GLints/dict_16_192_64_0p5_0p02_0025_0013.uasset" 6175
"/Engine/EngineMaterials/Substrate/GLints/dict_16_192_64_0p5_0p02_0025_0005" 6176
"/Engine/EngineMaterials/Substrate/GLints/dict_16_192_64_0p5_0p02_0025_0004" 6177
"../../../Engine/Content/EngineMaterials/Substrate/GLints/dict_16_192_64_0p5_0p02_0026_0000.uasset" 6178
"../../../Engine/Content/EngineMaterials/Substrate/GLints/dict_16_192_64_0p5_0p02_0025_0015.uasset" 6179
"../../../Engine/Content/EngineMaterials/Substrate/GLints/dict_16_192_64_0p5_0p02_0025_0014.uasset" 6180
"/Engine/EngineMaterials/Substrate/GLints/dict_16_192_64_0p5_0p02_0025_0012" 6181
"../../../Engine/Content/EngineMaterials/Substrate/GLints/dict_16_192_64_0p5_0p02_0026_0001.uasset" 6182
"/Engine/EngineMaterials/Substrate/GLints/dict_16_192_64_0p5_0p02_0025_0011" 6183
"../../../Engine/Content/EngineMaterials/Substrate/GLints/dict_16_192_64_0p5_0p02_0026_0003.uasset" 6184
"../../../Engine/Content/EngineMaterials/Substrate/GLints/dict_16_192_64_0p5_0p02_0026_0002.uasset" 6185
"../../../Engine/Content/EngineMaterials/Substrate/GLints/dict_16_192_64_0p5_0p02_0026_0005.uasset" 6186
"../../../Engine/Content/EngineMaterials/Substrate/GLints/dict_16_192_64_0p5_0p02_0026_0006.uasset" 6187
"/Engine/EngineMaterials/Substrate/GLints/dict_16_192_64_0p5_0p02_0025_0010" 6188
"/Engine/EngineMaterials/Substrate/GLints/dict_16_192_64_0p5_0p02_0025_0009" 6189
"../../../Engine/Content/EngineMaterials/Substrate/GLints/dict_16_192_64_0p5_0p02_0026_0008.uasset" 6190
"../../../Engine/Content/EngineMaterials/Substrate/GLints/dict_16_192_64_0p5_0p02_0026_0009.uasset" 6191
"../../../Engine/Content/EngineMaterials/Substrate/GLints/dict_16_192_64_0p5_0p02_0026_0004.uasset" 6192
"../../../Engine/Content/EngineMaterials/Substrate/GLints/dict_16_192_64_0p5_0p02_0026_0007.uasset" 6193
"/Engine/EngineMaterials/Substrate/GLints/dict_16_192_64_0p5_0p02_0025_0008" 6194
"../../../Engine/Content/EngineMaterials/Substrate/GLints/dict_16_192_64_0p5_0p02_0026_0010.uasset" 6195
"/Engine/EngineMaterials/Substrate/GLints/dict_16_192_64_0p5_0p02_0017_0010" 6196
"../../../Engine/Content/EngineMaterials/Substrate/GLints/dict_16_192_64_0p5_0p02_0026_0012.uasset" 6197
"../../../Engine/Content/EngineMaterials/Substrate/GLints/dict_16_192_64_0p5_0p02_0026_0011.uasset" 6198
"/Engine/EngineMaterials/Substrate/GLints/dict_16_192_64_0p5_0p02_0025_0007" 6199
"../../../Engine/Content/EngineMaterials/Substrate/GLints/dict_16_192_64_0p5_0p02_0026_0013.uasset" 6200
"../../../Engine/Content/EngineMaterials/Substrate/GLints/dict_16_192_64_0p5_0p02_0027_0000.uasset" 6201
"../../../Engine/Content/EngineMaterials/Substrate/GLints/dict_16_192_64_0p5_0p02_0026_0015.uasset" 6202
"../../../Engine/Content/EngineMaterials/Substrate/GLints/dict_16_192_64_0p5_0p02_0026_0014.uasset" 6203
"../../../Engine/Content/EngineMaterials/Substrate/GLints/dict_16_192_64_0p5_0p02_0027_0001.uasset" 6204
"../../../Engine/Content/EngineMaterials/Substrate/GLints/dict_16_192_64_0p5_0p02_0027_0002.uasset" 6205
"/Engine/EngineMaterials/Substrate/GLints/dict_16_192_64_0p5_0p02_0027_0000" 6206
"/Engine/EngineMaterials/Substrate/GLints/dict_16_192_64_0p5_0p02_0026_0015" 6207
"../../../Engine/Content/EngineMaterials/Substrate/GLints/dict_16_192_64_0p5_0p02_0027_0003.uasset" 6208
"/Engine/EngineMaterials/Substrate/GLints/dict_16_192_64_0p5_0p02_0026_0013" 6209
"../../../Engine/Content/EngineMaterials/Substrate/GLints/dict_16_192_64_0p5_0p02_0027_0005.uasset" 6210
"../../../Engine/Content/EngineMaterials/Substrate/GLints/dict_16_192_64_0p5_0p02_0027_0004.uasset" 6211
"/Engine/EngineMaterials/Substrate/GLints/dict_16_192_64_0p5_0p02_0026_0001" 6212
"../../../Engine/Content/EngineMaterials/Substrate/GLints/dict_16_192_64_0p5_0p02_0027_0011.uasset" 6213
"../../../Engine/Content/EngineMaterials/Substrate/GLints/dict_16_192_64_0p5_0p02_0027_0010.uasset" 6214
"/Engine/EngineMaterials/Substrate/GLints/dict_16_192_64_0p5_0p02_0026_0012" 6215
"../../../Engine/Content/EngineMaterials/Substrate/GLints/dict_16_192_64_0p5_0p02_0027_0009.uasset" 6216
"../../../Engine/Content/EngineMaterials/Substrate/GLints/dict_16_192_64_0p5_0p02_0027_0008.uasset" 6217
"/Engine/EngineMaterials/Substrate/GLints/dict_16_192_64_0p5_0p02_0026_0011" 6218
"../../../Engine/Content/EngineMaterials/Substrate/GLints/dict_16_192_64_0p5_0p02_0027_0006.uasset" 6219
"/Engine/EngineMaterials/Substrate/GLints/dict_16_192_64_0p5_0p02_0026_0010" 6220
"/Engine/EngineMaterials/Substrate/GLints/dict_16_192_64_0p5_0p02_0026_0009" 6221
"/Engine/EngineMaterials/Substrate/GLints/dict_16_192_64_0p5_0p02_0026_0008" 6222
"/Engine/EngineMaterials/Substrate/GLints/dict_16_192_64_0p5_0p02_0026_0007" 6223
"/Engine/EngineMaterials/Substrate/GLints/dict_16_192_64_0p5_0p02_0026_0006" 6224
"/Engine/EngineMaterials/Substrate/GLints/dict_16_192_64_0p5_0p02_0026_0005" 6225
"/Engine/EngineMaterials/Substrate/GLints/dict_16_192_64_0p5_0p02_0026_0004" 6226
"/Engine/EngineMaterials/Substrate/GLints/dict_16_192_64_0p5_0p02_0026_0003" 6227
"/Engine/EngineMaterials/Substrate/GLints/dict_16_192_64_0p5_0p02_0026_0002" 6228
"/Engine/EngineMaterials/Substrate/GLints/dict_16_192_64_0p5_0p02_0026_0000" 6229
"/Engine/EngineMaterials/Substrate/GLints/dict_16_192_64_0p5_0p02_0025_0015" 6230
"../../../Engine/Content/EngineMaterials/Substrate/GLints/dict_16_192_64_0p5_0p02_0027_0012.uasset" 6231
"/Engine/EngineMaterials/Substrate/GLints/dict_16_192_64_0p5_0p02_0025_0014" 6232
"/Engine/EngineMaterials/Substrate/GLints/dict_16_192_64_0p5_0p02_0025_0013" 6233
"/Engine/EngineMaterials/Substrate/GLints/dict_16_192_64_0p5_0p02_0027_0002" 6234
"/Engine/EngineMaterials/Substrate/GLints/dict_16_192_64_0p5_0p02_0027_0001" 6235
"/Engine/EngineMaterials/Substrate/GLints/dict_16_192_64_0p5_0p02_0026_0014" 6236
"/Engine/EngineMaterials/Substrate/GLints/dict_16_192_64_0p5_0p02_0027_0012" 6237
"/Engine/EngineMaterials/Substrate/GLints/dict_16_192_64_0p5_0p02_0027_0011" 6238
"/Engine/EngineMaterials/Substrate/GLints/dict_16_192_64_0p5_0p02_0027_0010" 6239
"/Engine/EngineMaterials/Substrate/GLints/dict_16_192_64_0p5_0p02_0027_0009" 6240
"/Engine/EngineMaterials/Substrate/GLints/dict_16_192_64_0p5_0p02_0027_0008" 6241
"/Engine/EngineMaterials/Substrate/GLints/dict_16_192_64_0p5_0p02_0027_0006" 6242
"/Engine/EngineMaterials/Substrate/GLints/dict_16_192_64_0p5_0p02_0027_0005" 6243
"/Engine/EngineMaterials/Substrate/GLints/dict_16_192_64_0p5_0p02_0027_0004" 6244
"/Engine/EngineMaterials/Substrate/GLints/dict_16_192_64_0p5_0p02_0027_0003" 6245
"../../../Engine/Content/EngineMaterials/Substrate/GLints/dict_16_192_64_0p5_0p02_0028_0004.uasset" 6246
"../../../Engine/Content/EngineMaterials/Substrate/GLints/dict_16_192_64_0p5_0p02_0028_0000.uasset" 6247
"../../../Engine/Content/EngineMaterials/Substrate/GLints/dict_16_192_64_0p5_0p02_0027_0015.uasset" 6248
"../../../Engine/Content/EngineMaterials/Substrate/GLints/dict_16_192_64_0p5_0p02_0027_0014.uasset" 6249
"../../../Engine/Content/EngineMaterials/Substrate/GLints/dict_16_192_64_0p5_0p02_0028_0001.uasset" 6250
"../../../Engine/Content/EngineMaterials/Substrate/GLints/dict_16_192_64_0p5_0p02_0027_0013.uasset" 6251
"../../../Engine/Content/EngineMaterials/Substrate/GLints/dict_16_192_64_0p5_0p02_0028_0005.uasset" 6252
"../../../Engine/Content/EngineMaterials/Substrate/GLints/dict_16_192_64_0p5_0p02_0028_0002.uasset" 6253
"../../../Engine/Content/EngineMaterials/Substrate/GLints/dict_16_192_64_0p5_0p02_0028_0006.uasset" 6254
"../../../Engine/Content/EngineMaterials/Substrate/GLints/dict_16_192_64_0p5_0p02_0028_0003.uasset" 6255
"../../../Engine/Content/EngineMaterials/Substrate/GLints/dict_16_192_64_0p5_0p02_0028_0015.uasset" 6256
"../../../Engine/Content/EngineMaterials/Substrate/GLints/dict_16_192_64_0p5_0p02_0028_0013.uasset" 6257
"../../../Engine/Content/EngineMaterials/Substrate/GLints/dict_16_192_64_0p5_0p02_0028_0007.uasset" 6258
"../../../Engine/Content/EngineMaterials/Substrate/GLints/dict_16_192_64_0p5_0p02_0028_0008.uasset" 6259
"../../../Engine/Content/EngineMaterials/Substrate/GLints/dict_16_192_64_0p5_0p02_0028_0010.uasset" 6260
"../../../Engine/Content/EngineMaterials/Substrate/GLints/dict_16_192_64_0p5_0p02_0028_0009.uasset" 6261
"../../../Engine/Content/EngineMaterials/Substrate/GLints/dict_16_192_64_0p5_0p02_0028_0012.uasset" 6262
"../../../Engine/Content/EngineMaterials/Substrate/GLints/dict_16_192_64_0p5_0p02_0028_0014.uasset" 6263
"../../../Engine/Content/EngineMaterials/Substrate/GLints/dict_16_192_64_0p5_0p02_0028_0011.uasset" 6264
"../../../Engine/Content/EngineMaterials/Substrate/GLints/dict_16_192_64_0p5_0p02_0029_0000.uasset" 6265
"../../../Engine/Content/EngineMaterials/Substrate/GLints/dict_16_192_64_0p5_0p02_0029_0003.uasset" 6266
"../../../Engine/Content/EngineMaterials/Substrate/GLints/dict_16_192_64_0p5_0p02_0029_0010.uasset" 6267
"../../../Engine/Content/EngineMaterials/Substrate/GLints/dict_16_192_64_0p5_0p02_0029_0006.uasset" 6268
"../../../Engine/Content/EngineMaterials/Substrate/GLints/dict_16_192_64_0p5_0p02_0029_0009.uasset" 6269
"../../../Engine/Content/EngineMaterials/Substrate/GLints/dict_16_192_64_0p5_0p02_0029_0007.uasset" 6270
"../../../Engine/Content/EngineMaterials/Substrate/GLints/dict_16_192_64_0p5_0p02_0029_0004.uasset" 6271
"/Engine/EngineMaterials/Substrate/GLints/dict_16_192_64_0p5_0p02_0029_0010" 6272
"/Engine/EngineMaterials/Substrate/GLints/dict_16_192_64_0p5_0p02_0028_0015" 6273
"/Engine/EngineMaterials/Substrate/GLints/dict_16_192_64_0p5_0p02_0028_0014" 6274
"/Engine/EngineMaterials/Substrate/GLints/dict_16_192_64_0p5_0p02_0029_0009" 6275
"/Engine/EngineMaterials/Substrate/GLints/dict_16_192_64_0p5_0p02_0028_0013" 6276
"/Engine/EngineMaterials/Substrate/GLints/dict_16_192_64_0p5_0p02_0028_0012" 6277
"../../../Engine/Content/EngineMaterials/Substrate/GLints/dict_16_192_64_0p5_0p02_0029_0002.uasset" 6278
"../../../Engine/Content/EngineMaterials/Substrate/GLints/dict_16_192_64_0p5_0p02_0029_0005.uasset" 6279
"/Engine/EngineMaterials/Substrate/GLints/dict_16_192_64_0p5_0p02_0029_0007" 6280
"/Engine/EngineMaterials/Substrate/GLints/dict_16_192_64_0p5_0p02_0029_0006" 6281
"/Engine/EngineMaterials/Substrate/GLints/dict_16_192_64_0p5_0p02_0028_0011" 6282
"/Engine/EngineMaterials/Substrate/GLints/dict_16_192_64_0p5_0p02_0028_0010" 6283
"/Engine/EngineMaterials/Substrate/GLints/dict_16_192_64_0p5_0p02_0028_0009" 6284
"/Engine/EngineMaterials/Substrate/GLints/dict_16_192_64_0p5_0p02_0028_0008" 6285
"/Engine/EngineMaterials/Substrate/GLints/dict_16_192_64_0p5_0p02_0028_0007" 6286
"/Engine/EngineMaterials/Substrate/GLints/dict_16_192_64_0p5_0p02_0028_0006" 6287
"/Engine/EngineMaterials/Substrate/GLints/dict_16_192_64_0p5_0p02_0028_0005" 6288
"/Engine/EngineMaterials/Substrate/GLints/dict_16_192_64_0p5_0p02_0028_0004" 6289
"/Engine/EngineMaterials/Substrate/GLints/dict_16_192_64_0p5_0p02_0028_0003" 6290
"/Engine/EngineMaterials/Substrate/GLints/dict_16_192_64_0p5_0p02_0028_0002" 6291
"/Engine/EngineMaterials/Substrate/GLints/dict_16_192_64_0p5_0p02_0028_0001" 6292
"/Engine/EngineMaterials/Substrate/GLints/dict_16_192_64_0p5_0p02_0028_0000" 6293
"../../../Engine/Content/EngineMaterials/Substrate/GLints/dict_16_192_64_0p5_0p02_0029_0011.uasset" 6294
"/Engine/EngineMaterials/Substrate/GLints/dict_16_192_64_0p5_0p02_0027_0015" 6295
"/Engine/EngineMaterials/Substrate/GLints/dict_16_192_64_0p5_0p02_0027_0014" 6296
"../../../Engine/Content/EngineMaterials/Substrate/GLints/dict_16_192_64_0p5_0p02_0029_0008.uasset" 6297
"/Engine/EngineMaterials/Substrate/GLints/dict_16_192_64_0p5_0p02_0027_0013" 6298
"/Engine/EngineMaterials/Substrate/GLints/dict_16_192_64_0p5_0p02_0029_0004" 6299
"/Engine/EngineMaterials/Substrate/GLints/dict_16_192_64_0p5_0p02_0029_0003" 6300
"/Engine/EngineMaterials/Substrate/GLints/dict_16_192_64_0p5_0p02_0029_0000" 6301
"/Engine/EngineMaterials/Substrate/GLints/dict_16_192_64_0p5_0p02_0029_0011" 6302
"/Engine/EngineMaterials/Substrate/GLints/dict_16_192_64_0p5_0p02_0029_0008" 6303
"/Engine/EngineMaterials/Substrate/GLints/dict_16_192_64_0p5_0p02_0029_0005" 6304
"/Engine/EngineMaterials/Substrate/GLints/dict_16_192_64_0p5_0p02_0029_0002" 6305
"../../../Engine/Content/EngineMaterials/Substrate/GLints/dict_16_192_64_0p5_0p02_0029_0001.uasset" 6306
"/Engine/EngineMaterials/Substrate/GLints/dict_16_192_64_0p5_0p02_0029_0001" 6307
"../../../Engine/Content/EngineMaterials/Substrate/GLints/dict_16_192_64_0p5_0p02_0027_0007.uasset" 6308
"/Engine/EngineMaterials/Substrate/GLints/dict_16_192_64_0p5_0p02_0027_0007" 6309
"../../../Engine/Content/EngineMaterials/Substrate/GLints/dict_16_192_64_0p5_0p02_0030_0000.uasset" 6310
"/Engine/EngineMaterials/Substrate/GLints/dict_16_192_64_0p5_0p02_0030_0000" 6311
"../../../Engine/Content/EngineMaterials/Substrate/GLints/dict_16_192_64_0p5_0p02_0030_0004.uasset" 6312
"../../../Engine/Content/EngineMaterials/Substrate/GLints/dict_16_192_64_0p5_0p02_0030_0005.uasset" 6313
"/Engine/EngineMaterials/Substrate/GLints/dict_16_192_64_0p5_0p02_0030_0005" 6314
"/Engine/EngineMaterials/Substrate/GLints/dict_16_192_64_0p5_0p02_0030_0004" 6315
"../../../Engine/Content/EngineMaterials/Substrate/GLints/dict_16_192_64_0p5_0p02_0030_0007.uasset" 6316
"../../../Engine/Content/EngineMaterials/Substrate/GLints/dict_16_192_64_0p5_0p02_0030_0009.uasset" 6317
"../../../Engine/Content/EngineMaterials/Substrate/GLints/dict_16_192_64_0p5_0p02_0030_0008.uasset" 6318
"../../../Engine/Content/EngineMaterials/Substrate/GLints/dict_16_192_64_0p5_0p02_0030_0010.uasset" 6319
"/Engine/EngineMaterials/Substrate/GLints/dict_16_192_64_0p5_0p02_0030_0010" 6320
"../../../Engine/Content/EngineMaterials/Substrate/GLints/dict_16_192_64_0p5_0p02_0030_0011.uasset" 6321
"../../../Engine/Content/EngineMaterials/Substrate/GLints/dict_16_192_64_0p5_0p02_0030_0012.uasset" 6322
"/Engine/EngineMaterials/Substrate/GLints/dict_16_192_64_0p5_0p02_0030_0009" 6323
"/Engine/EngineMaterials/Substrate/GLints/dict_16_192_64_0p5_0p02_0030_0008" 6324
"/Engine/EngineMaterials/Substrate/GLints/dict_16_192_64_0p5_0p02_0030_0007" 6325
"/Engine/EngineMaterials/Substrate/GLints/dict_16_192_64_0p5_0p02_0030_0012" 6326
"/Engine/EngineMaterials/Substrate/GLints/dict_16_192_64_0p5_0p02_0030_0011" 6327
"../../../Engine/Content/EngineMaterials/Substrate/GLints/dict_16_192_64_0p5_0p02_0030_0013.uasset" 6328
"../../../Engine/Content/EngineMaterials/Substrate/GLints/dict_16_192_64_0p5_0p02_0030_0015.uasset" 6329
"../../../Engine/Content/EngineMaterials/Substrate/GLints/dict_16_192_64_0p5_0p02_0030_0014.uasset" 6330
"/Engine/EngineMaterials/Substrate/GLints/dict_16_192_64_0p5_0p02_0030_0015" 6331
"/Engine/EngineMaterials/Substrate/GLints/dict_16_192_64_0p5_0p02_0030_0014" 6332
"/Engine/EngineMaterials/Substrate/GLints/dict_16_192_64_0p5_0p02_0030_0013" 6333
"../../../Engine/Content/EngineMaterials/Substrate/GLints/dict_16_192_64_0p5_0p02_0031_0000.uasset" 6334
"../../../Engine/Content/EngineMaterials/Substrate/GLints/dict_16_192_64_0p5_0p02_0031_0001.uasset" 6335
"../../../Engine/Content/EngineMaterials/Substrate/GLints/dict_16_192_64_0p5_0p02_0031_0002.uasset" 6336
"/Engine/EngineMaterials/Substrate/GLints/dict_16_192_64_0p5_0p02_0031_0002" 6337
"/Engine/EngineMaterials/Substrate/GLints/dict_16_192_64_0p5_0p02_0031_0001" 6338
"../../../Engine/Content/EngineMaterials/Substrate/GLints/dict_16_192_64_0p5_0p02_0031_0004.uasset" 6339
"../../../Engine/Content/EngineMaterials/Substrate/GLints/dict_16_192_64_0p5_0p02_0031_0005.uasset" 6340
"../../../Engine/Content/EngineMaterials/Substrate/GLints/dict_16_192_64_0p5_0p02_0031_0003.uasset" 6341
"/Engine/EngineMaterials/Substrate/GLints/dict_16_192_64_0p5_0p02_0031_0000" 6342
"/Engine/EngineMaterials/Substrate/GLints/dict_16_192_64_0p5_0p02_0031_0005" 6343
"/Engine/EngineMaterials/Substrate/GLints/dict_16_192_64_0p5_0p02_0031_0004" 6344
"/Engine/EngineMaterials/Substrate/GLints/dict_16_192_64_0p5_0p02_0031_0003" 6345
"../../../Engine/Content/EngineMaterials/Substrate/GLints/dict_16_192_64_0p5_0p02_0031_0007.uasset" 6346
"../../../Engine/Content/EngineMaterials/Substrate/GLints/dict_16_192_64_0p5_0p02_0031_0008.uasset" 6347
"../../../Engine/Content/EngineMaterials/Substrate/GLints/dict_16_192_64_0p5_0p02_0031_0009.uasset" 6348
"../../../Engine/Content/EngineMaterials/Substrate/GLints/dict_16_192_64_0p5_0p02_0029_0015.uasset" 6349
"/Engine/EngineMaterials/Substrate/GLints/dict_16_192_64_0p5_0p02_0031_0009" 6350
"/Engine/EngineMaterials/Substrate/GLints/dict_16_192_64_0p5_0p02_0031_0008" 6351
"/Engine/EngineMaterials/Substrate/GLints/dict_16_192_64_0p5_0p02_0029_0015" 6352
"/Engine/EngineMaterials/Substrate/GLints/dict_16_192_64_0p5_0p02_0031_0007" 6353
"../../../Engine/Content/EngineMaterials/Substrate/GLints/dict_16_192_64_0p5_0p02_0031_0012.uasset" 6354
"../../../Engine/Content/EngineMaterials/Substrate/GLints/dict_16_192_64_0p5_0p02_0031_0010.uasset" 6355
"../../../Engine/Content/EngineMaterials/Substrate/GLints/dict_16_192_64_0p5_0p02_0031_0011.uasset" 6356
"/Engine/EngineMaterials/Substrate/GLints/dict_16_192_64_0p5_0p02_0031_0012" 6357
"/Engine/EngineMaterials/Substrate/GLints/dict_16_192_64_0p5_0p02_0031_0011" 6358
"/Engine/EngineMaterials/Substrate/GLints/dict_16_192_64_0p5_0p02_0031_0010" 6359
"../../../Engine/Content/EngineMaterials/Substrate/GLints/dict_16_192_64_0p5_0p02_0029_0013.uasset" 6360
"../../../Engine/Content/EngineMaterials/Substrate/GLints/dict_16_192_64_0p5_0p02_0031_0014.uasset" 6361
"/Engine/EngineMaterials/Substrate/GLints/dict_16_192_64_0p5_0p02_0031_0014" 6362
"/Engine/EngineMaterials/Substrate/GLints/dict_16_192_64_0p5_0p02_0029_0013" 6363
"../../../Engine/Content/EngineMaterials/Substrate/GLints/dict_16_192_64_0p5_0p02_0030_0002.uasset" 6364
"../../../Engine/Content/EngineMaterials/Substrate/GLints/dict_16_192_64_0p5_0p02_0029_0012.uasset" 6365
"../../../Engine/Content/EngineMaterials/Substrate/GLints/dict_16_192_64_0p5_0p02_0030_0001.uasset" 6366
"../../../Engine/Content/EngineMaterials/Substrate/GLints/dict_16_192_64_0p5_0p02_0030_0006.uasset" 6367
"../../../Engine/Content/EngineMaterials/Substrate/GLints/dict_16_192_64_0p5_0p02_0030_0003.uasset" 6368
"../../../Engine/Content/EngineMaterials/Substrate/GLints/dict_16_192_64_0p5_0p02_0029_0014.uasset" 6369
"/Engine/EngineMaterials/Substrate/GLints/dict_16_192_64_0p5_0p02_0030_0006" 6370
"../../../Engine/Content/EngineMaterials/Substrate/GLints/dict_16_192_64_0p5_0p02_0031_0013.uasset" 6371
"/Engine/EngineMaterials/Substrate/GLints/dict_16_192_64_0p5_0p02_0030_0003" 6372
"/Engine/EngineMaterials/Substrate/GLints/dict_16_192_64_0p5_0p02_0030_0002" 6373
"/Engine/EngineMaterials/Substrate/GLints/dict_16_192_64_0p5_0p02_0030_0001" 6374
"/Engine/EngineMaterials/Substrate/GLints/dict_16_192_64_0p5_0p02_0029_0012" 6375
"/Engine/EngineMaterials/Substrate/GLints/dict_16_192_64_0p5_0p02_0031_0013" 6376
"/Engine/EngineMaterials/Substrate/GLints/dict_16_192_64_0p5_0p02_0029_0014" 6377
"../../../Engine/Content/EngineMaterials/Substrate/GLints/dict_16_192_64_0p5_0p02_0031_0006.uasset" 6378
"/Engine/EngineMaterials/Substrate/GLints/dict_16_192_64_0p5_0p02_0031_0006" 6379
"../../../Engine/Content/EngineMaterials/Substrate/GLints/dict_16_192_64_0p5_0p02_0032_0008.uasset" 6380
"../../../Engine/Content/EngineMaterials/Substrate/GLints/dict_16_192_64_0p5_0p02_0032_0007.uasset" 6381
"/Engine/EngineMaterials/Substrate/GLints/dict_16_192_64_0p5_0p02_0032_0008" 6382
"/Engine/EngineMaterials/Substrate/GLints/dict_16_192_64_0p5_0p02_0032_0007" 6383
"../../../Engine/Content/EngineMaterials/Substrate/GLints/dict_16_192_64_0p5_0p02_0032_0012.uasset" 6384
"../../../Engine/Content/EngineMaterials/Substrate/GLints/dict_16_192_64_0p5_0p02_0032_0011.uasset" 6385
"../../../Engine/Content/EngineMaterials/Substrate/GLints/dict_16_192_64_0p5_0p02_0032_0013.uasset" 6386
"../../../Engine/Content/EngineMaterials/Substrate/GLints/dict_16_192_64_0p5_0p02_0032_0014.uasset" 6387
"../../../Engine/Content/EngineMaterials/Substrate/GLints/dict_16_192_64_0p5_0p02_0032_0015.uasset" 6388
"../../../Engine/Content/EngineMaterials/Substrate/GLints/dict_16_192_64_0p5_0p02_0033_0000.uasset" 6389
"/Engine/EngineMaterials/Substrate/GLints/dict_16_192_64_0p5_0p02_0032_0013" 6390
"/Engine/EngineMaterials/Substrate/GLints/dict_16_192_64_0p5_0p02_0032_0012" 6391
"/Engine/EngineMaterials/Substrate/GLints/dict_16_192_64_0p5_0p02_0032_0011" 6392
"/Engine/EngineMaterials/Substrate/GLints/dict_16_192_64_0p5_0p02_0033_0000" 6393
"/Engine/EngineMaterials/Substrate/GLints/dict_16_192_64_0p5_0p02_0032_0015" 6394
"/Engine/EngineMaterials/Substrate/GLints/dict_16_192_64_0p5_0p02_0032_0014" 6395
"../../../Engine/Content/EngineMaterials/Substrate/GLints/dict_16_192_64_0p5_0p02_0033_0002.uasset" 6396
"/Engine/EngineMaterials/Substrate/GLints/dict_16_192_64_0p5_0p02_0033_0002" 6397
"../../../Engine/Content/EngineMaterials/Substrate/GLints/dict_16_192_64_0p5_0p02_0033_0004.uasset" 6398
"../../../Engine/Content/EngineMaterials/Substrate/GLints/dict_16_192_64_0p5_0p02_0032_0005.uasset" 6399
"/Engine/EngineMaterials/Substrate/GLints/dict_16_192_64_0p5_0p02_0032_0005" 6400
"/Engine/EngineMaterials/Substrate/GLints/dict_16_192_64_0p5_0p02_0033_0004" 6401
"../../../Engine/Content/EngineMaterials/Substrate/GLints/dict_16_192_64_0p5_0p02_0033_0005.uasset" 6402
"/Engine/EngineMaterials/Substrate/GLints/dict_16_192_64_0p5_0p02_0033_0005" 6403
"../../../Engine/Content/EngineMaterials/Substrate/GLints/dict_16_192_64_0p5_0p02_0032_0003.uasset" 6404
"/Engine/EngineMaterials/Substrate/GLints/dict_16_192_64_0p5_0p02_0032_0003" 6405
"../../../Engine/Content/EngineMaterials/Substrate/GLints/dict_16_192_64_0p5_0p02_0032_0002.uasset" 6406
"../../../Engine/Content/EngineMaterials/Substrate/GLints/dict_16_192_64_0p5_0p02_0031_0015.uasset" 6407
"../../../Engine/Content/EngineMaterials/Substrate/GLints/dict_16_192_64_0p5_0p02_0032_0001.uasset" 6408
"/Engine/EngineMaterials/Substrate/GLints/dict_16_192_64_0p5_0p02_0032_0002" 6409
"/Engine/EngineMaterials/Substrate/GLints/dict_16_192_64_0p5_0p02_0032_0001" 6410
"/Engine/EngineMaterials/Substrate/GLints/dict_16_192_64_0p5_0p02_0031_0015" 6411
"../../../Engine/Content/EngineMaterials/Substrate/GLints/dict_16_192_64_0p5_0p02_0032_0006.uasset" 6412
"../../../Engine/Content/EngineMaterials/Substrate/GLints/dict_16_192_64_0p5_0p02_0032_0000.uasset" 6413
"../../../Engine/Content/EngineMaterials/Substrate/GLints/dict_16_192_64_0p5_0p02_0032_0009.uasset" 6414
"/Engine/EngineMaterials/Substrate/GLints/dict_16_192_64_0p5_0p02_0032_0009" 6415
"/Engine/EngineMaterials/Substrate/GLints/dict_16_192_64_0p5_0p02_0032_0006" 6416
"/Engine/EngineMaterials/Substrate/GLints/dict_16_192_64_0p5_0p02_0032_0000" 6417
"../../../Engine/Content/EngineMaterials/Substrate/GLints/dict_16_192_64_0p5_0p02_0032_0004.uasset" 6418
"/Engine/EngineMaterials/Substrate/GLints/dict_16_192_64_0p5_0p02_0032_0004" 6419
"../../../Engine/Content/EngineMaterials/Substrate/GLints/dict_16_192_64_0p5_0p02_0032_0010.uasset" 6420
"/Engine/EngineMaterials/Substrate/GLints/dict_16_192_64_0p5_0p02_0032_0010" 6421
"../../../Engine/Content/EngineMaterials/Substrate/GLints/dict_16_192_64_0p5_0p02_0033_0001.uasset" 6422
"/Engine/EngineMaterials/Substrate/GLints/dict_16_192_64_0p5_0p02_0033_0001" 6423
"../../../Engine/Content/EngineMaterials/Substrate/GLints/dict_16_192_64_0p5_0p02_0033_0006.uasset" 6424
"/Engine/EngineMaterials/Substrate/GLints/dict_16_192_64_0p5_0p02_0033_0006" 6425
"../../../Engine/Content/EngineMaterials/Substrate/GLints/dict_16_192_64_0p5_0p02_0033_0003.uasset" 6426
"/Engine/EngineMaterials/Substrate/GLints/dict_16_192_64_0p5_0p02_0033_0003" 6427
"../../../Engine/Content/EngineMaterials/Substrate/GLints/dict_16_192_64_0p5_0p02_0033_0007.uasset" 6428
"/Engine/EngineMaterials/Substrate/GLints/dict_16_192_64_0p5_0p02_0033_0007" 6429
"../../../Engine/Content/EngineMaterials/Substrate/GLints/dict_16_192_64_0p5_0p02_0033_0014.uasset" 6430
"../../../Engine/Content/EngineMaterials/Substrate/GLints/dict_16_192_64_0p5_0p02_0033_0015.uasset" 6431
"../../../Engine/Content/EngineMaterials/Substrate/GLints/dict_16_192_64_0p5_0p02_0033_0013.uasset" 6432
"../../../Engine/Content/EngineMaterials/Substrate/GLints/dict_16_192_64_0p5_0p02_0033_0008.uasset" 6433
"/Engine/EngineMaterials/Substrate/GLints/dict_16_192_64_0p5_0p02_0033_0015" 6434
"/Engine/EngineMaterials/Substrate/GLints/dict_16_192_64_0p5_0p02_0033_0013" 6435
"/Engine/EngineMaterials/Substrate/GLints/dict_16_192_64_0p5_0p02_0033_0008" 6436
"/Engine/EngineMaterials/Substrate/GLints/dict_16_192_64_0p5_0p02_0033_0014" 6437
"../../../Engine/Content/EngineMaterials/Substrate/GLints/dict_16_192_64_0p5_0p02_0033_0011.uasset" 6438
"/Engine/EngineMaterials/Substrate/GLints/dict_16_192_64_0p5_0p02_0033_0011" 6439
"../../../Engine/Content/EngineMaterials/Substrate/GLints/dict_16_192_64_0p5_0p02_0034_0000.uasset" 6440
"../../../Engine/Content/EngineMaterials/Substrate/GLints/dict_16_192_64_0p5_0p02_0033_0010.uasset" 6441
"/Engine/EngineMaterials/Substrate/GLints/dict_16_192_64_0p5_0p02_0034_0000" 6442
"/Engine/EngineMaterials/Substrate/GLints/dict_16_192_64_0p5_0p02_0033_0010" 6443
"../../../Engine/Content/EngineMaterials/Substrate/GLints/dict_16_192_64_0p5_0p02_0033_0009.uasset" 6444
"/Engine/EngineMaterials/Substrate/GLints/dict_16_192_64_0p5_0p02_0033_0009" 6445
"../../../Engine/Content/EngineMaterials/Substrate/GLints/dict_16_192_64_0p5_0p02_0033_0012.uasset" 6446
"/Engine/EngineMaterials/Substrate/GLints/dict_16_192_64_0p5_0p02_0033_0012" 6447
"../../../Engine/Content/EngineMaterials/Substrate/GLints/dict_16_192_64_0p5_0p02_0034_0006.uasset" 6448
"../../../Engine/Content/EngineMaterials/Substrate/GLints/dict_16_192_64_0p5_0p02_0034_0007.uasset" 6449
"/Engine/EngineMaterials/Substrate/GLints/dict_16_192_64_0p5_0p02_0034_0006" 6450
"/Engine/EngineMaterials/Substrate/GLints/dict_16_192_64_0p5_0p02_0034_0007" 6451
"../../../Engine/Content/EngineMaterials/Substrate/GLints/dict_16_192_64_0p5_0p02_0034_0011.uasset" 6452
"../../../Engine/Content/EngineMaterials/Substrate/GLints/dict_16_192_64_0p5_0p02_0034_0012.uasset" 6453
"/Engine/EngineMaterials/Substrate/GLints/dict_16_192_64_0p5_0p02_0034_0011" 6454
"/Engine/EngineMaterials/Substrate/GLints/dict_16_192_64_0p5_0p02_0034_0012" 6455
"../../../Engine/Content/EngineMaterials/Substrate/GLints/dict_16_192_64_0p5_0p02_0035_0000.uasset" 6456
"../../../Engine/Content/EngineMaterials/Substrate/GLints/dict_16_192_64_0p5_0p02_0034_0015.uasset" 6457
"/Engine/EngineMaterials/Substrate/GLints/dict_16_192_64_0p5_0p02_0035_0000" 6458
"/Engine/EngineMaterials/Substrate/GLints/dict_16_192_64_0p5_0p02_0034_0015" 6459
"../../../Engine/Content/EngineMaterials/Substrate/GLints/dict_16_192_64_0p5_0p02_0035_0001.uasset" 6460
"../../../Engine/Content/EngineMaterials/Substrate/GLints/dict_16_192_64_0p5_0p02_0035_0002.uasset" 6461
"/Engine/EngineMaterials/Substrate/GLints/dict_16_192_64_0p5_0p02_0035_0001" 6462
"/Engine/EngineMaterials/Substrate/GLints/dict_16_192_64_0p5_0p02_0035_0002" 6463
"../../../Engine/Content/EngineMaterials/Substrate/GLints/dict_16_192_64_0p5_0p02_0035_0005.uasset" 6464
"../../../Engine/Content/EngineMaterials/Substrate/GLints/dict_16_192_64_0p5_0p02_0035_0004.uasset" 6465
"/Engine/EngineMaterials/Substrate/GLints/dict_16_192_64_0p5_0p02_0035_0004" 6466
"/Engine/EngineMaterials/Substrate/GLints/dict_16_192_64_0p5_0p02_0035_0005" 6467
"../../../Engine/Content/EngineMaterials/Substrate/GLints/dict_16_192_64_0p5_0p02_0035_0007.uasset" 6468
"../../../Engine/Content/EngineMaterials/Substrate/GLints/dict_16_192_64_0p5_0p02_0035_0006.uasset" 6469
"/Engine/EngineMaterials/Substrate/GLints/dict_16_192_64_0p5_0p02_0035_0006" 6470
"/Engine/EngineMaterials/Substrate/GLints/dict_16_192_64_0p5_0p02_0035_0007" 6471
"../../../Engine/Content/EngineMaterials/Substrate/GLints/dict_16_192_64_0p5_0p02_0035_0008.uasset" 6472
"../../../Engine/Content/EngineMaterials/Substrate/GLints/dict_16_192_64_0p5_0p02_0035_0009.uasset" 6473
"../../../Engine/Content/EngineMaterials/Substrate/GLints/dict_16_192_64_0p5_0p02_0034_0005.uasset" 6474
"../../../Engine/Content/EngineMaterials/Substrate/GLints/dict_16_192_64_0p5_0p02_0034_0009.uasset" 6475
"../../../Engine/Content/EngineMaterials/Substrate/GLints/dict_16_192_64_0p5_0p02_0034_0010.uasset" 6476
"/Engine/EngineMaterials/Substrate/GLints/dict_16_192_64_0p5_0p02_0034_0005" 6477
"../../../Engine/Content/EngineMaterials/Substrate/GLints/dict_16_192_64_0p5_0p02_0034_0003.uasset" 6478
"../../../Engine/Content/EngineMaterials/Substrate/GLints/dict_16_192_64_0p5_0p02_0035_0011.uasset" 6479
"../../../Engine/Content/EngineMaterials/Substrate/GLints/dict_16_192_64_0p5_0p02_0035_0010.uasset" 6480
"/Engine/EngineMaterials/Substrate/GLints/dict_16_192_64_0p5_0p02_0034_0009" 6481
"/Engine/EngineMaterials/Substrate/GLints/dict_16_192_64_0p5_0p02_0035_0009" 6482
"/Engine/EngineMaterials/Substrate/GLints/dict_16_192_64_0p5_0p02_0034_0010" 6483
"/Engine/EngineMaterials/Substrate/GLints/dict_16_192_64_0p5_0p02_0035_0008" 6484
"/Engine/EngineMaterials/Substrate/GLints/dict_16_192_64_0p5_0p02_0034_0003" 6485
"/Engine/EngineMaterials/Substrate/GLints/dict_16_192_64_0p5_0p02_0035_0011" 6486
"/Engine/EngineMaterials/Substrate/GLints/dict_16_192_64_0p5_0p02_0035_0010" 6487
"../../../Engine/Content/EngineMaterials/Substrate/GLints/dict_16_192_64_0p5_0p02_0034_0002.uasset" 6488
"../../../Engine/Content/EngineMaterials/Substrate/GLints/dict_16_192_64_0p5_0p02_0036_0000.uasset" 6489
"../../../Engine/Content/EngineMaterials/Substrate/GLints/dict_16_192_64_0p5_0p02_0036_0001.uasset" 6490
"../../../Engine/Content/EngineMaterials/Substrate/GLints/dict_16_192_64_0p5_0p02_0034_0013.uasset" 6491
"/Engine/EngineMaterials/Substrate/GLints/dict_16_192_64_0p5_0p02_0034_0013" 6492
"../../../Engine/Content/EngineMaterials/Substrate/GLints/dict_16_192_64_0p5_0p02_0034_0001.uasset" 6493
"/Engine/EngineMaterials/Substrate/GLints/dict_16_192_64_0p5_0p02_0034_0002" 6494
"/Engine/EngineMaterials/Substrate/GLints/dict_16_192_64_0p5_0p02_0036_0000" 6495
"/Engine/EngineMaterials/Substrate/GLints/dict_16_192_64_0p5_0p02_0036_0001" 6496
"/Engine/EngineMaterials/Substrate/GLints/dict_16_192_64_0p5_0p02_0034_0001" 6497
"../../../Engine/Content/EngineMaterials/Substrate/GLints/dict_16_192_64_0p5_0p02_0036_0002.uasset" 6498
"../../../Engine/Content/EngineMaterials/Substrate/GLints/dict_16_192_64_0p5_0p02_0036_0004.uasset" 6499
"../../../Engine/Content/EngineMaterials/Substrate/GLints/dict_16_192_64_0p5_0p02_0036_0003.uasset" 6500
"../../../Engine/Content/EngineMaterials/Substrate/GLints/dict_16_192_64_0p5_0p02_0034_0014.uasset" 6501
"../../../Engine/Content/EngineMaterials/Substrate/GLints/dict_16_192_64_0p5_0p02_0036_0008.uasset" 6502
"../../../Engine/Content/EngineMaterials/Substrate/GLints/dict_16_192_64_0p5_0p02_0036_0009.uasset" 6503
"../../../Engine/Content/EngineMaterials/Substrate/GLints/dict_16_192_64_0p5_0p02_0036_0007.uasset" 6504
"/Engine/EngineMaterials/Substrate/GLints/dict_16_192_64_0p5_0p02_0036_0002" 6505
"../../../Engine/Content/EngineMaterials/Substrate/GLints/dict_16_192_64_0p5_0p02_0034_0008.uasset" 6506
"/Engine/EngineMaterials/Substrate/GLints/dict_16_192_64_0p5_0p02_0036_0007" 6507
"/Engine/EngineMaterials/Substrate/GLints/dict_16_192_64_0p5_0p02_0036_0008" 6508
"/Engine/EngineMaterials/Substrate/GLints/dict_16_192_64_0p5_0p02_0036_0004" 6509
"/Engine/EngineMaterials/Substrate/GLints/dict_16_192_64_0p5_0p02_0034_0014" 6510
"/Engine/EngineMaterials/Substrate/GLints/dict_16_192_64_0p5_0p02_0036_0003" 6511
"/Engine/EngineMaterials/Substrate/GLints/dict_16_192_64_0p5_0p02_0036_0009" 6512
"/Engine/EngineMaterials/Substrate/GLints/dict_16_192_64_0p5_0p02_0034_0008" 6513
"../../../Engine/Content/EngineMaterials/Substrate/GLints/dict_16_192_64_0p5_0p02_0034_0004.uasset" 6514
"../../../Engine/Content/EngineMaterials/Substrate/GLints/dict_16_192_64_0p5_0p02_0036_0012.uasset" 6515
"../../../Engine/Content/EngineMaterials/Substrate/GLints/dict_16_192_64_0p5_0p02_0036_0013.uasset" 6516
"../../../Engine/Content/EngineMaterials/Substrate/GLints/dict_16_192_64_0p5_0p02_0036_0011.uasset" 6517
"/Engine/EngineMaterials/Substrate/GLints/dict_16_192_64_0p5_0p02_0034_0004" 6518
"/Engine/EngineMaterials/Substrate/GLints/dict_16_192_64_0p5_0p02_0036_0012" 6519
"../../../Engine/Content/EngineMaterials/Substrate/GLints/dict_16_192_64_0p5_0p02_0037_0001.uasset" 6520
"../../../Engine/Content/EngineMaterials/Substrate/GLints/dict_16_192_64_0p5_0p02_0035_0013.uasset" 6521
"../../../Engine/Content/EngineMaterials/Substrate/GLints/dict_16_192_64_0p5_0p02_0037_0000.uasset" 6522
"../../../Engine/Content/EngineMaterials/Substrate/GLints/dict_16_192_64_0p5_0p02_0037_0002.uasset" 6523
"/Engine/EngineMaterials/Substrate/GLints/dict_16_192_64_0p5_0p02_0036_0013" 6524
"/Engine/EngineMaterials/Substrate/GLints/dict_16_192_64_0p5_0p02_0036_0011" 6525
"/Engine/EngineMaterials/Substrate/GLints/dict_16_192_64_0p5_0p02_0037_0001" 6526
"/Engine/EngineMaterials/Substrate/GLints/dict_16_192_64_0p5_0p02_0037_0000" 6527
"/Engine/EngineMaterials/Substrate/GLints/dict_16_192_64_0p5_0p02_0037_0002" 6528
"/Engine/EngineMaterials/Substrate/GLints/dict_16_192_64_0p5_0p02_0035_0013" 6529
"../../../Engine/Content/EngineMaterials/Substrate/GLints/dict_16_192_64_0p5_0p02_0035_0003.uasset" 6530
"../../../Engine/Content/EngineMaterials/Substrate/GLints/dict_16_192_64_0p5_0p02_0037_0004.uasset" 6531
"../../../Engine/Content/EngineMaterials/Substrate/GLints/dict_16_192_64_0p5_0p02_0037_0003.uasset" 6532
"../../../Engine/Content/EngineMaterials/Substrate/GLints/dict_16_192_64_0p5_0p02_0037_0005.uasset" 6533
"../../../Engine/Content/EngineMaterials/Substrate/GLints/dict_16_192_64_0p5_0p02_0037_0006.uasset" 6534
"/Engine/EngineMaterials/Substrate/GLints/dict_16_192_64_0p5_0p02_0035_0003" 6535
"/Engine/EngineMaterials/Substrate/GLints/dict_16_192_64_0p5_0p02_0037_0004" 6536
"/Engine/EngineMaterials/Substrate/GLints/dict_16_192_64_0p5_0p02_0037_0003" 6537
"/Engine/EngineMaterials/Substrate/GLints/dict_16_192_64_0p5_0p02_0037_0006" 6538
"../../../Engine/Content/EngineMaterials/Substrate/GLints/dict_16_192_64_0p5_0p02_0037_0009.uasset" 6539
"../../../Engine/Content/EngineMaterials/Substrate/GLints/dict_16_192_64_0p5_0p02_0037_0010.uasset" 6540
"../../../Engine/Content/EngineMaterials/Substrate/GLints/dict_16_192_64_0p5_0p02_0037_0011.uasset" 6541
"../../../Engine/Content/EngineMaterials/Substrate/GLints/dict_16_192_64_0p5_0p02_0037_0008.uasset" 6542
"/Engine/EngineMaterials/Substrate/GLints/dict_16_192_64_0p5_0p02_0037_0005" 6543
"/Engine/EngineMaterials/Substrate/GLints/dict_16_192_64_0p5_0p02_0037_0008" 6544
"/Engine/EngineMaterials/Substrate/GLints/dict_16_192_64_0p5_0p02_0037_0011" 6545
"/Engine/EngineMaterials/Substrate/GLints/dict_16_192_64_0p5_0p02_0037_0010" 6546
"/Engine/EngineMaterials/Substrate/GLints/dict_16_192_64_0p5_0p02_0037_0009" 6547
"../../../Engine/Content/EngineMaterials/Substrate/GLints/dict_16_192_64_0p5_0p02_0037_0013.uasset" 6548
"../../../Engine/Content/EngineMaterials/Substrate/GLints/dict_16_192_64_0p5_0p02_0037_0014.uasset" 6549
"../../../Engine/Content/EngineMaterials/Substrate/GLints/dict_16_192_64_0p5_0p02_0037_0015.uasset" 6550
"../../../Engine/Content/EngineMaterials/Substrate/GLints/dict_16_192_64_0p5_0p02_0037_0012.uasset" 6551
"/Engine/EngineMaterials/Substrate/GLints/dict_16_192_64_0p5_0p02_0037_0015" 6552
"/Engine/EngineMaterials/Substrate/GLints/dict_16_192_64_0p5_0p02_0037_0014" 6553
"/Engine/EngineMaterials/Substrate/GLints/dict_16_192_64_0p5_0p02_0037_0013" 6554
"/Engine/EngineMaterials/Substrate/GLints/dict_16_192_64_0p5_0p02_0037_0012" 6555
"../../../Engine/Content/EngineMaterials/Substrate/GLints/dict_16_192_64_0p5_0p02_0038_0001.uasset" 6556
"../../../Engine/Content/EngineMaterials/Substrate/GLints/dict_16_192_64_0p5_0p02_0038_0000.uasset" 6557
"../../../Engine/Content/EngineMaterials/Substrate/GLints/dict_16_192_64_0p5_0p02_0038_0003.uasset" 6558
"../../../Engine/Content/EngineMaterials/Substrate/GLints/dict_16_192_64_0p5_0p02_0038_0002.uasset" 6559
"../../../Engine/Content/EngineMaterials/Substrate/GLints/dict_16_192_64_0p5_0p02_0035_0014.uasset" 6560
"/Engine/EngineMaterials/Substrate/GLints/dict_16_192_64_0p5_0p02_0038_0000" 6561
"../../../Engine/Content/EngineMaterials/Substrate/GLints/dict_16_192_64_0p5_0p02_0038_0004.uasset" 6562
"../../../Engine/Content/EngineMaterials/Substrate/GLints/dict_16_192_64_0p5_0p02_0038_0007.uasset" 6563
"../../../Engine/Content/EngineMaterials/Substrate/GLints/dict_16_192_64_0p5_0p02_0038_0005.uasset" 6564
"../../../Engine/Content/EngineMaterials/Substrate/GLints/dict_16_192_64_0p5_0p02_0038_0006.uasset" 6565
"/Engine/EngineMaterials/Substrate/GLints/dict_16_192_64_0p5_0p02_0035_0014" 6566
"/Engine/EngineMaterials/Substrate/GLints/dict_16_192_64_0p5_0p02_0038_0001" 6567
"/Engine/EngineMaterials/Substrate/GLints/dict_16_192_64_0p5_0p02_0038_0003" 6568
"/Engine/EngineMaterials/Substrate/GLints/dict_16_192_64_0p5_0p02_0038_0002" 6569
"/Engine/EngineMaterials/Substrate/GLints/dict_16_192_64_0p5_0p02_0038_0005" 6570
"/Engine/EngineMaterials/Substrate/GLints/dict_16_192_64_0p5_0p02_0038_0007" 6571
"/Engine/EngineMaterials/Substrate/GLints/dict_16_192_64_0p5_0p02_0038_0006" 6572
"/Engine/EngineMaterials/Substrate/GLints/dict_16_192_64_0p5_0p02_0038_0004" 6573
"../../../Engine/Content/EngineMaterials/Substrate/GLints/dict_16_192_64_0p5_0p02_0036_0010.uasset" 6574
"../../../Engine/Content/EngineMaterials/Substrate/GLints/dict_16_192_64_0p5_0p02_0036_0005.uasset" 6575
"../../../Engine/Content/EngineMaterials/Substrate/GLints/dict_16_192_64_0p5_0p02_0038_0009.uasset" 6576
"../../../Engine/Content/EngineMaterials/Substrate/GLints/dict_16_192_64_0p5_0p02_0038_0012.uasset" 6577
"../../../Engine/Content/EngineMaterials/Substrate/GLints/dict_16_192_64_0p5_0p02_0038_0011.uasset" 6578
"../../../Engine/Content/EngineMaterials/Substrate/GLints/dict_16_192_64_0p5_0p02_0038_0010.uasset" 6579
"../../../Engine/Content/EngineMaterials/Substrate/GLints/dict_16_192_64_0p5_0p02_0036_0015.uasset" 6580
"../../../Engine/Content/EngineMaterials/Substrate/GLints/dict_16_192_64_0p5_0p02_0035_0015.uasset" 6581
"/Engine/EngineMaterials/Substrate/GLints/dict_16_192_64_0p5_0p02_0036_0010" 6582
"../../../Engine/Content/EngineMaterials/Substrate/GLints/dict_16_192_64_0p5_0p02_0039_0000.uasset" 6583
"../../../Engine/Content/EngineMaterials/Substrate/GLints/dict_16_192_64_0p5_0p02_0038_0014.uasset" 6584
"../../../Engine/Content/EngineMaterials/Substrate/GLints/dict_16_192_64_0p5_0p02_0038_0015.uasset" 6585
"../../../Engine/Content/EngineMaterials/Substrate/GLints/dict_16_192_64_0p5_0p02_0039_0001.uasset" 6586
"/Engine/EngineMaterials/Substrate/GLints/dict_16_192_64_0p5_0p02_0038_0009" 6587
"/Engine/EngineMaterials/Substrate/GLints/dict_16_192_64_0p5_0p02_0038_0012" 6588
"../../../Engine/Content/EngineMaterials/Substrate/GLints/dict_16_192_64_0p5_0p02_0039_0002.uasset" 6589
"/Engine/EngineMaterials/Substrate/GLints/dict_16_192_64_0p5_0p02_0036_0005" 6590
"/Engine/EngineMaterials/Substrate/GLints/dict_16_192_64_0p5_0p02_0035_0015" 6591
"/Engine/EngineMaterials/Substrate/GLints/dict_16_192_64_0p5_0p02_0036_0015" 6592
"/Engine/EngineMaterials/Substrate/GLints/dict_16_192_64_0p5_0p02_0038_0011" 6593
"/Engine/EngineMaterials/Substrate/GLints/dict_16_192_64_0p5_0p02_0038_0010" 6594
"/Engine/EngineMaterials/Substrate/GLints/dict_16_192_64_0p5_0p02_0038_0014" 6595
"/Engine/EngineMaterials/Substrate/GLints/dict_16_192_64_0p5_0p02_0039_0002" 6596
"/Engine/EngineMaterials/Substrate/GLints/dict_16_192_64_0p5_0p02_0039_0001" 6597
"/Engine/EngineMaterials/Substrate/GLints/dict_16_192_64_0p5_0p02_0039_0000" 6598
"/Engine/EngineMaterials/Substrate/GLints/dict_16_192_64_0p5_0p02_0038_0015" 6599
"../../../Engine/Content/EngineMaterials/Substrate/GLints/dict_16_192_64_0p5_0p02_0035_0012.uasset" 6600
"../../../Engine/Content/EngineMaterials/Substrate/GLints/dict_16_192_64_0p5_0p02_0039_0008.uasset" 6601
"../../../Engine/Content/EngineMaterials/Substrate/GLints/dict_16_192_64_0p5_0p02_0039_0005.uasset" 6602
"../../../Engine/Content/EngineMaterials/Substrate/GLints/dict_16_192_64_0p5_0p02_0039_0007.uasset" 6603
"../../../Engine/Content/EngineMaterials/Substrate/GLints/dict_16_192_64_0p5_0p02_0039_0006.uasset" 6604
"../../../Engine/Content/EngineMaterials/Substrate/GLints/dict_16_192_64_0p5_0p02_0039_0009.uasset" 6605
"../../../Engine/Content/EngineMaterials/Substrate/GLints/dict_16_192_64_0p5_0p02_0036_0006.uasset" 6606
"/Engine/EngineMaterials/Substrate/GLints/dict_16_192_64_0p5_0p02_0039_0006" 6607
"/Engine/EngineMaterials/Substrate/GLints/dict_16_192_64_0p5_0p02_0036_0006" 6608
"/Engine/EngineMaterials/Substrate/GLints/dict_16_192_64_0p5_0p02_0039_0005" 6609
"/Engine/EngineMaterials/Substrate/GLints/dict_16_192_64_0p5_0p02_0035_0012" 6610
"../../../Engine/Content/EngineMaterials/Substrate/GLints/dict_16_192_64_0p5_0p02_0039_0015.uasset" 6611
"../../../Engine/Content/EngineMaterials/Substrate/GLints/dict_16_192_64_0p5_0p02_0039_0014.uasset" 6612
"../../../Engine/Content/EngineMaterials/Substrate/GLints/dict_16_192_64_0p5_0p02_0039_0011.uasset" 6613
"../../../Engine/Content/EngineMaterials/Substrate/GLints/dict_16_192_64_0p5_0p02_0039_0012.uasset" 6614
"../../../Engine/Content/EngineMaterials/Substrate/GLints/dict_16_192_64_0p5_0p02_0039_0013.uasset" 6615
"/Engine/EngineMaterials/Substrate/GLints/dict_16_192_64_0p5_0p02_0039_0009" 6616
"/Engine/EngineMaterials/Substrate/GLints/dict_16_192_64_0p5_0p02_0039_0008" 6617
"/Engine/EngineMaterials/Substrate/GLints/dict_16_192_64_0p5_0p02_0039_0007" 6618
"/Engine/EngineMaterials/Substrate/GLints/dict_16_192_64_0p5_0p02_0039_0011" 6619
"/Engine/EngineMaterials/Substrate/GLints/dict_16_192_64_0p5_0p02_0039_0015" 6620
"/Engine/EngineMaterials/Substrate/GLints/dict_16_192_64_0p5_0p02_0039_0014" 6621
"/Engine/EngineMaterials/Substrate/GLints/dict_16_192_64_0p5_0p02_0039_0013" 6622
"/Engine/EngineMaterials/Substrate/GLints/dict_16_192_64_0p5_0p02_0039_0012" 6623
"../../../Engine/Content/EngineMaterials/Substrate/GLints/dict_16_192_64_0p5_0p02_0036_0014.uasset" 6624
"../../../Engine/Content/EngineMaterials/Substrate/GLints/dict_16_192_64_0p5_0p02_0040_0001.uasset" 6625
"../../../Engine/Content/EngineMaterials/Substrate/GLints/dict_16_192_64_0p5_0p02_0040_0002.uasset" 6626
"../../../Engine/Content/EngineMaterials/Substrate/GLints/dict_16_192_64_0p5_0p02_0040_0005.uasset" 6627
"../../../Engine/Content/EngineMaterials/Substrate/GLints/dict_16_192_64_0p5_0p02_0040_0004.uasset" 6628
"../../../Engine/Content/EngineMaterials/Substrate/GLints/dict_16_192_64_0p5_0p02_0040_0003.uasset" 6629
"/Engine/EngineMaterials/Substrate/GLints/dict_16_192_64_0p5_0p02_0040_0005" 6630
"/Engine/EngineMaterials/Substrate/GLints/dict_16_192_64_0p5_0p02_0040_0004" 6631
"../../../Engine/Content/EngineMaterials/Substrate/GLints/dict_16_192_64_0p5_0p02_0038_0008.uasset" 6632
"/Engine/EngineMaterials/Substrate/GLints/dict_16_192_64_0p5_0p02_0040_0003" 6633
"/Engine/EngineMaterials/Substrate/GLints/dict_16_192_64_0p5_0p02_0040_0002" 6634
"/Engine/EngineMaterials/Substrate/GLints/dict_16_192_64_0p5_0p02_0040_0001" 6635
"/Engine/EngineMaterials/Substrate/GLints/dict_16_192_64_0p5_0p02_0036_0014" 6636
"/Engine/EngineMaterials/Substrate/GLints/dict_16_192_64_0p5_0p02_0038_0008" 6637
"../../../Engine/Content/EngineMaterials/Substrate/GLints/dict_16_192_64_0p5_0p02_0040_0011.uasset" 6638
"../../../Engine/Content/EngineMaterials/Substrate/GLints/dict_16_192_64_0p5_0p02_0040_0009.uasset" 6639
"../../../Engine/Content/EngineMaterials/Substrate/GLints/dict_16_192_64_0p5_0p02_0040_0007.uasset" 6640
"../../../Engine/Content/EngineMaterials/Substrate/GLints/dict_16_192_64_0p5_0p02_0040_0008.uasset" 6641
"../../../Engine/Content/EngineMaterials/Substrate/GLints/dict_16_192_64_0p5_0p02_0040_0010.uasset" 6642
"/Engine/EngineMaterials/Substrate/GLints/dict_16_192_64_0p5_0p02_0040_0007" 6643
"../../../Engine/Content/EngineMaterials/Substrate/GLints/dict_16_192_64_0p5_0p02_0041_0000.uasset" 6644
"../../../Engine/Content/EngineMaterials/Substrate/GLints/dict_16_192_64_0p5_0p02_0040_0015.uasset" 6645
"../../../Engine/Content/EngineMaterials/Substrate/GLints/dict_16_192_64_0p5_0p02_0040_0013.uasset" 6646
"../../../Engine/Content/EngineMaterials/Substrate/GLints/dict_16_192_64_0p5_0p02_0041_0001.uasset" 6647
"../../../Engine/Content/EngineMaterials/Substrate/GLints/dict_16_192_64_0p5_0p02_0040_0014.uasset" 6648
"/Engine/EngineMaterials/Substrate/GLints/dict_16_192_64_0p5_0p02_0040_0011" 6649
"/Engine/EngineMaterials/Substrate/GLints/dict_16_192_64_0p5_0p02_0040_0010" 6650
"/Engine/EngineMaterials/Substrate/GLints/dict_16_192_64_0p5_0p02_0040_0009" 6651
"/Engine/EngineMaterials/Substrate/GLints/dict_16_192_64_0p5_0p02_0040_0008" 6652
"/Engine/EngineMaterials/Substrate/GLints/dict_16_192_64_0p5_0p02_0041_0001" 6653
"/Engine/EngineMaterials/Substrate/GLints/dict_16_192_64_0p5_0p02_0041_0000" 6654
"/Engine/EngineMaterials/Substrate/GLints/dict_16_192_64_0p5_0p02_0040_0015" 6655
"/Engine/EngineMaterials/Substrate/GLints/dict_16_192_64_0p5_0p02_0040_0014" 6656
"/Engine/EngineMaterials/Substrate/GLints/dict_16_192_64_0p5_0p02_0040_0013" 6657
"../../../Engine/Content/EngineMaterials/Substrate/GLints/dict_16_192_64_0p5_0p02_0037_0007.uasset" 6658
"../../../Engine/Content/EngineMaterials/Substrate/GLints/dict_16_192_64_0p5_0p02_0041_0006.uasset" 6659
"../../../Engine/Content/EngineMaterials/Substrate/GLints/dict_16_192_64_0p5_0p02_0041_0002.uasset" 6660
"../../../Engine/Content/EngineMaterials/Substrate/GLints/dict_16_192_64_0p5_0p02_0041_0003.uasset" 6661
"../../../Engine/Content/EngineMaterials/Substrate/GLints/dict_16_192_64_0p5_0p02_0041_0005.uasset" 6662
"../../../Engine/Content/EngineMaterials/Substrate/GLints/dict_16_192_64_0p5_0p02_0041_0004.uasset" 6663
"/Engine/EngineMaterials/Substrate/GLints/dict_16_192_64_0p5_0p02_0041_0003" 6664
"/Engine/EngineMaterials/Substrate/GLints/dict_16_192_64_0p5_0p02_0041_0002" 6665
"/Engine/EngineMaterials/Substrate/GLints/dict_16_192_64_0p5_0p02_0041_0006" 6666
"/Engine/EngineMaterials/Substrate/GLints/dict_16_192_64_0p5_0p02_0041_0005" 6667
"../../../Engine/Content/EngineMaterials/Substrate/GLints/dict_16_192_64_0p5_0p02_0039_0003.uasset" 6668
"../../../Engine/Content/EngineMaterials/Substrate/GLints/dict_16_192_64_0p5_0p02_0038_0013.uasset" 6669
"../../../Engine/Content/EngineMaterials/Substrate/GLints/dict_16_192_64_0p5_0p02_0041_0011.uasset" 6670
"../../../Engine/Content/EngineMaterials/Substrate/GLints/dict_16_192_64_0p5_0p02_0041_0008.uasset" 6671
"/Engine/EngineMaterials/Substrate/GLints/dict_16_192_64_0p5_0p02_0037_0007" 6672
"../../../Engine/Content/EngineMaterials/Substrate/GLints/dict_16_192_64_0p5_0p02_0041_0009.uasset" 6673
"../../../Engine/Content/EngineMaterials/Substrate/GLints/dict_16_192_64_0p5_0p02_0041_0012.uasset" 6674
"../../../Engine/Content/EngineMaterials/Substrate/GLints/dict_16_192_64_0p5_0p02_0041_0010.uasset" 6675
"../../../Engine/Content/EngineMaterials/Substrate/GLints/dict_16_192_64_0p5_0p02_0039_0010.uasset" 6676
"/Engine/EngineMaterials/Substrate/GLints/dict_16_192_64_0p5_0p02_0041_0004" 6677
"/Engine/EngineMaterials/Substrate/GLints/dict_16_192_64_0p5_0p02_0041_0008" 6678
"/Engine/EngineMaterials/Substrate/GLints/dict_16_192_64_0p5_0p02_0039_0010" 6679
"/Engine/EngineMaterials/Substrate/GLints/dict_16_192_64_0p5_0p02_0038_0013" 6680
"/Engine/EngineMaterials/Substrate/GLints/dict_16_192_64_0p5_0p02_0039_0003" 6681
"/Engine/EngineMaterials/Substrate/GLints/dict_16_192_64_0p5_0p02_0041_0012" 6682
"/Engine/EngineMaterials/Substrate/GLints/dict_16_192_64_0p5_0p02_0041_0011" 6683
"/Engine/EngineMaterials/Substrate/GLints/dict_16_192_64_0p5_0p02_0041_0010" 6684
"../../../Engine/Content/EngineMaterials/Substrate/GLints/dict_16_192_64_0p5_0p02_0039_0004.uasset" 6685
"/Engine/EngineMaterials/Substrate/GLints/dict_16_192_64_0p5_0p02_0041_0009" 6686
"../../../Engine/Content/EngineMaterials/Substrate/GLints/dict_16_192_64_0p5_0p02_0040_0000.uasset" 6687
"../../../Engine/Content/EngineMaterials/Substrate/GLints/dict_16_192_64_0p5_0p02_0042_0001.uasset" 6688
"../../../Engine/Content/EngineMaterials/Substrate/GLints/dict_16_192_64_0p5_0p02_0041_0014.uasset" 6689
"../../../Engine/Content/EngineMaterials/Substrate/GLints/dict_16_192_64_0p5_0p02_0042_0000.uasset" 6690
"../../../Engine/Content/EngineMaterials/Substrate/GLints/dict_16_192_64_0p5_0p02_0041_0015.uasset" 6691
"../../../Engine/Content/EngineMaterials/Substrate/GLints/dict_16_192_64_0p5_0p02_0042_0002.uasset" 6692
"../../../Engine/Content/EngineMaterials/Substrate/GLints/dict_16_192_64_0p5_0p02_0042_0003.uasset" 6693
"../../../Engine/Content/EngineMaterials/Substrate/GLints/dict_16_192_64_0p5_0p02_0041_0013.uasset" 6694
"/Engine/EngineMaterials/Substrate/GLints/dict_16_192_64_0p5_0p02_0041_0014" 6695
"/Engine/EngineMaterials/Substrate/GLints/dict_16_192_64_0p5_0p02_0041_0015" 6696
"/Engine/EngineMaterials/Substrate/GLints/dict_16_192_64_0p5_0p02_0039_0004" 6697
"/Engine/EngineMaterials/Substrate/GLints/dict_16_192_64_0p5_0p02_0042_0003" 6698
"/Engine/EngineMaterials/Substrate/GLints/dict_16_192_64_0p5_0p02_0041_0013" 6699
"/Engine/EngineMaterials/Substrate/GLints/dict_16_192_64_0p5_0p02_0042_0002" 6700
"/Engine/EngineMaterials/Substrate/GLints/dict_16_192_64_0p5_0p02_0042_0001" 6701
"/Engine/EngineMaterials/Substrate/GLints/dict_16_192_64_0p5_0p02_0042_0000" 6702
"../../../Engine/Content/EngineMaterials/Substrate/GLints/dict_16_192_64_0p5_0p02_0042_0011.uasset" 6703
"../../../Engine/Content/EngineMaterials/Substrate/GLints/dict_16_192_64_0p5_0p02_0042_0007.uasset" 6704
"../../../Engine/Content/EngineMaterials/Substrate/GLints/dict_16_192_64_0p5_0p02_0042_0008.uasset" 6705
"../../../Engine/Content/EngineMaterials/Substrate/GLints/dict_16_192_64_0p5_0p02_0042_0012.uasset" 6706
"../../../Engine/Content/EngineMaterials/Substrate/GLints/dict_16_192_64_0p5_0p02_0042_0009.uasset" 6707
"../../../Engine/Content/EngineMaterials/Substrate/GLints/dict_16_192_64_0p5_0p02_0042_0010.uasset" 6708
"/Engine/EngineMaterials/Substrate/GLints/dict_16_192_64_0p5_0p02_0040_0000" 6709
"../../../Engine/Content/EngineMaterials/Substrate/GLints/dict_16_192_64_0p5_0p02_0042_0013.uasset" 6710
"/Engine/EngineMaterials/Substrate/GLints/dict_16_192_64_0p5_0p02_0042_0009" 6711
"/Engine/EngineMaterials/Substrate/GLints/dict_16_192_64_0p5_0p02_0042_0008" 6712
"/Engine/EngineMaterials/Substrate/GLints/dict_16_192_64_0p5_0p02_0042_0013" 6713
"/Engine/EngineMaterials/Substrate/GLints/dict_16_192_64_0p5_0p02_0042_0012" 6714
"../../../Engine/Content/EngineMaterials/Substrate/GLints/dict_16_192_64_0p5_0p02_0040_0006.uasset" 6715
"/Engine/EngineMaterials/Substrate/GLints/dict_16_192_64_0p5_0p02_0042_0007" 6716
"/Engine/EngineMaterials/Substrate/GLints/dict_16_192_64_0p5_0p02_0042_0011" 6717
"/Engine/EngineMaterials/Substrate/GLints/dict_16_192_64_0p5_0p02_0042_0010" 6718
"/Engine/EngineMaterials/Substrate/GLints/dict_16_192_64_0p5_0p02_0040_0006" 6719
"../../../Engine/Content/EngineMaterials/Substrate/GLints/dict_16_192_64_0p5_0p02_0043_0001.uasset" 6720
"../../../Engine/Content/EngineMaterials/Substrate/GLints/dict_16_192_64_0p5_0p02_0043_0004.uasset" 6721
"../../../Engine/Content/EngineMaterials/Substrate/GLints/dict_16_192_64_0p5_0p02_0043_0002.uasset" 6722
"../../../Engine/Content/EngineMaterials/Substrate/GLints/dict_16_192_64_0p5_0p02_0043_0000.uasset" 6723
"../../../Engine/Content/EngineMaterials/Substrate/GLints/dict_16_192_64_0p5_0p02_0042_0015.uasset" 6724
"../../../Engine/Content/EngineMaterials/Substrate/GLints/dict_16_192_64_0p5_0p02_0043_0003.uasset" 6725
"../../../Engine/Content/EngineMaterials/Substrate/GLints/dict_16_192_64_0p5_0p02_0042_0014.uasset" 6726
"/Engine/EngineMaterials/Substrate/GLints/dict_16_192_64_0p5_0p02_0042_0015" 6727
"/Engine/EngineMaterials/Substrate/GLints/dict_16_192_64_0p5_0p02_0042_0014" 6728
"../../../Engine/Content/EngineMaterials/Substrate/GLints/dict_16_192_64_0p5_0p02_0043_0010.uasset" 6729
"../../../Engine/Content/EngineMaterials/Substrate/GLints/dict_16_192_64_0p5_0p02_0043_0012.uasset" 6730
"../../../Engine/Content/EngineMaterials/Substrate/GLints/dict_16_192_64_0p5_0p02_0043_0008.uasset" 6731
"../../../Engine/Content/EngineMaterials/Substrate/GLints/dict_16_192_64_0p5_0p02_0043_0009.uasset" 6732
"../../../Engine/Content/EngineMaterials/Substrate/GLints/dict_16_192_64_0p5_0p02_0043_0007.uasset" 6733
"../../../Engine/Content/EngineMaterials/Substrate/GLints/dict_16_192_64_0p5_0p02_0043_0011.uasset" 6734
"../../../Engine/Content/EngineMaterials/Substrate/GLints/dict_16_192_64_0p5_0p02_0043_0006.uasset" 6735
"/Engine/EngineMaterials/Substrate/GLints/dict_16_192_64_0p5_0p02_0043_0004" 6736
"/Engine/EngineMaterials/Substrate/GLints/dict_16_192_64_0p5_0p02_0043_0003" 6737
"/Engine/EngineMaterials/Substrate/GLints/dict_16_192_64_0p5_0p02_0043_0002" 6738
"/Engine/EngineMaterials/Substrate/GLints/dict_16_192_64_0p5_0p02_0043_0001" 6739
"/Engine/EngineMaterials/Substrate/GLints/dict_16_192_64_0p5_0p02_0043_0000" 6740
"../../../Engine/Content/EngineMaterials/Substrate/GLints/dict_16_192_64_0p5_0p02_0040_0012.uasset" 6741
"/Engine/EngineMaterials/Substrate/GLints/dict_16_192_64_0p5_0p02_0043_0007" 6742
"/Engine/EngineMaterials/Substrate/GLints/dict_16_192_64_0p5_0p02_0040_0012" 6743
"../../../Engine/Content/EngineMaterials/Substrate/GLints/dict_16_192_64_0p5_0p02_0044_0000.uasset" 6744
"../../../Engine/Content/EngineMaterials/Substrate/GLints/dict_16_192_64_0p5_0p02_0044_0003.uasset" 6745
"../../../Engine/Content/EngineMaterials/Substrate/GLints/dict_16_192_64_0p5_0p02_0043_0015.uasset" 6746
"../../../Engine/Content/EngineMaterials/Substrate/GLints/dict_16_192_64_0p5_0p02_0043_0014.uasset" 6747
"../../../Engine/Content/EngineMaterials/Substrate/GLints/dict_16_192_64_0p5_0p02_0043_0013.uasset" 6748
"../../../Engine/Content/EngineMaterials/Substrate/GLints/dict_16_192_64_0p5_0p02_0044_0001.uasset" 6749
"/Engine/EngineMaterials/Substrate/GLints/dict_16_192_64_0p5_0p02_0043_0006" 6750
"../../../Engine/Content/EngineMaterials/Substrate/GLints/dict_16_192_64_0p5_0p02_0044_0002.uasset" 6751
"/Engine/EngineMaterials/Substrate/GLints/dict_16_192_64_0p5_0p02_0043_0012" 6752
"/Engine/EngineMaterials/Substrate/GLints/dict_16_192_64_0p5_0p02_0043_0011" 6753
"/Engine/EngineMaterials/Substrate/GLints/dict_16_192_64_0p5_0p02_0043_0010" 6754
"/Engine/EngineMaterials/Substrate/GLints/dict_16_192_64_0p5_0p02_0043_0009" 6755
"/Engine/EngineMaterials/Substrate/GLints/dict_16_192_64_0p5_0p02_0043_0008" 6756
"/Engine/EngineMaterials/Substrate/GLints/dict_16_192_64_0p5_0p02_0044_0000" 6757
"/Engine/EngineMaterials/Substrate/GLints/dict_16_192_64_0p5_0p02_0043_0015" 6758
"/Engine/EngineMaterials/Substrate/GLints/dict_16_192_64_0p5_0p02_0043_0014" 6759
"/Engine/EngineMaterials/Substrate/GLints/dict_16_192_64_0p5_0p02_0043_0013" 6760
"/Engine/EngineMaterials/Substrate/GLints/dict_16_192_64_0p5_0p02_0044_0003" 6761
"/Engine/EngineMaterials/Substrate/GLints/dict_16_192_64_0p5_0p02_0044_0002" 6762
"/Engine/EngineMaterials/Substrate/GLints/dict_16_192_64_0p5_0p02_0044_0001" 6763
"../../../Engine/Content/EngineMaterials/Substrate/GLints/dict_16_192_64_0p5_0p02_0044_0008.uasset" 6764
"../../../Engine/Content/EngineMaterials/Substrate/GLints/dict_16_192_64_0p5_0p02_0044_0009.uasset" 6765
"../../../Engine/Content/EngineMaterials/Substrate/GLints/dict_16_192_64_0p5_0p02_0044_0011.uasset" 6766
"../../../Engine/Content/EngineMaterials/Substrate/GLints/dict_16_192_64_0p5_0p02_0044_0006.uasset" 6767
"../../../Engine/Content/EngineMaterials/Substrate/GLints/dict_16_192_64_0p5_0p02_0044_0007.uasset" 6768
"../../../Engine/Content/EngineMaterials/Substrate/GLints/dict_16_192_64_0p5_0p02_0044_0005.uasset" 6769
"../../../Engine/Content/EngineMaterials/Substrate/GLints/dict_16_192_64_0p5_0p02_0044_0010.uasset" 6770
"/Engine/EngineMaterials/Substrate/GLints/dict_16_192_64_0p5_0p02_0044_0008" 6771
"/Engine/EngineMaterials/Substrate/GLints/dict_16_192_64_0p5_0p02_0044_0007" 6772
"/Engine/EngineMaterials/Substrate/GLints/dict_16_192_64_0p5_0p02_0044_0006" 6773
"/Engine/EngineMaterials/Substrate/GLints/dict_16_192_64_0p5_0p02_0044_0005" 6774
"/Engine/EngineMaterials/Substrate/GLints/dict_16_192_64_0p5_0p02_0044_0011" 6775
"/Engine/EngineMaterials/Substrate/GLints/dict_16_192_64_0p5_0p02_0044_0010" 6776
"../../../Engine/Content/EngineMaterials/Substrate/GLints/dict_16_192_64_0p5_0p02_0044_0014.uasset" 6777
"../../../Engine/Content/EngineMaterials/Substrate/GLints/dict_16_192_64_0p5_0p02_0045_0001.uasset" 6778
"../../../Engine/Content/EngineMaterials/Substrate/GLints/dict_16_192_64_0p5_0p02_0044_0015.uasset" 6779
"../../../Engine/Content/EngineMaterials/Substrate/GLints/dict_16_192_64_0p5_0p02_0044_0012.uasset" 6780
"../../../Engine/Content/EngineMaterials/Substrate/GLints/dict_16_192_64_0p5_0p02_0045_0000.uasset" 6781
"/Engine/EngineMaterials/Substrate/GLints/dict_16_192_64_0p5_0p02_0044_0009" 6782
"../../../Engine/Content/EngineMaterials/Substrate/GLints/dict_16_192_64_0p5_0p02_0045_0002.uasset" 6783
"../../../Engine/Content/EngineMaterials/Substrate/GLints/dict_16_192_64_0p5_0p02_0044_0013.uasset" 6784
"/Engine/EngineMaterials/Substrate/GLints/dict_16_192_64_0p5_0p02_0044_0015" 6785
"/Engine/EngineMaterials/Substrate/GLints/dict_16_192_64_0p5_0p02_0044_0014" 6786
"/Engine/EngineMaterials/Substrate/GLints/dict_16_192_64_0p5_0p02_0044_0013" 6787
"/Engine/EngineMaterials/Substrate/GLints/dict_16_192_64_0p5_0p02_0045_0002" 6788
"/Engine/EngineMaterials/Substrate/GLints/dict_16_192_64_0p5_0p02_0044_0012" 6789
"/Engine/EngineMaterials/Substrate/GLints/dict_16_192_64_0p5_0p02_0045_0001" 6790
"/Engine/EngineMaterials/Substrate/GLints/dict_16_192_64_0p5_0p02_0045_0000" 6791
"../../../Engine/Content/EngineMaterials/Substrate/GLints/dict_16_192_64_0p5_0p02_0045_0005.uasset" 6792
"../../../Engine/Content/EngineMaterials/Substrate/GLints/dict_16_192_64_0p5_0p02_0045_0009.uasset" 6793
"../../../Engine/Content/EngineMaterials/Substrate/GLints/dict_16_192_64_0p5_0p02_0045_0008.uasset" 6794
"../../../Engine/Content/EngineMaterials/Substrate/GLints/dict_16_192_64_0p5_0p02_0045_0006.uasset" 6795
"../../../Engine/Content/EngineMaterials/Substrate/GLints/dict_16_192_64_0p5_0p02_0045_0003.uasset" 6796
"../../../Engine/Content/EngineMaterials/Substrate/GLints/dict_16_192_64_0p5_0p02_0045_0004.uasset" 6797
"../../../Engine/Content/EngineMaterials/Substrate/GLints/dict_16_192_64_0p5_0p02_0045_0007.uasset" 6798
"/Engine/EngineMaterials/Substrate/GLints/dict_16_192_64_0p5_0p02_0045_0007" 6799
"/Engine/EngineMaterials/Substrate/GLints/dict_16_192_64_0p5_0p02_0045_0006" 6800
"/Engine/EngineMaterials/Substrate/GLints/dict_16_192_64_0p5_0p02_0045_0005" 6801
"/Engine/EngineMaterials/Substrate/GLints/dict_16_192_64_0p5_0p02_0045_0004" 6802
"/Engine/EngineMaterials/Substrate/GLints/dict_16_192_64_0p5_0p02_0045_0003" 6803
"/Engine/EngineMaterials/Substrate/GLints/dict_16_192_64_0p5_0p02_0045_0009" 6804
"/Engine/EngineMaterials/Substrate/GLints/dict_16_192_64_0p5_0p02_0045_0008" 6805
"../../../Engine/Content/EngineMaterials/Substrate/GLints/dict_16_192_64_0p5_0p02_0045_0011.uasset" 6806
"../../../Engine/Content/EngineMaterials/Substrate/GLints/dict_16_192_64_0p5_0p02_0045_0015.uasset" 6807
"../../../Engine/Content/EngineMaterials/Substrate/GLints/dict_16_192_64_0p5_0p02_0045_0010.uasset" 6808
"../../../Engine/Content/EngineMaterials/Substrate/GLints/dict_16_192_64_0p5_0p02_0045_0014.uasset" 6809
"../../../Engine/Content/EngineMaterials/Substrate/GLints/dict_16_192_64_0p5_0p02_0045_0012.uasset" 6810
"../../../Engine/Content/EngineMaterials/Substrate/GLints/dict_16_192_64_0p5_0p02_0045_0013.uasset" 6811
"../../../Engine/Content/EngineMaterials/Substrate/GLints/dict_16_192_64_0p5_0p02_0046_0000.uasset" 6812
"/Engine/EngineMaterials/Substrate/GLints/dict_16_192_64_0p5_0p02_0045_0014" 6813
"/Engine/EngineMaterials/Substrate/GLints/dict_16_192_64_0p5_0p02_0045_0013" 6814
"/Engine/EngineMaterials/Substrate/GLints/dict_16_192_64_0p5_0p02_0045_0012" 6815
"/Engine/EngineMaterials/Substrate/GLints/dict_16_192_64_0p5_0p02_0045_0011" 6816
"../../../Engine/Content/EngineMaterials/Substrate/GLints/dict_16_192_64_0p5_0p02_0046_0003.uasset" 6817
"../../../Engine/Content/EngineMaterials/Substrate/GLints/dict_16_192_64_0p5_0p02_0046_0006.uasset" 6818
"../../../Engine/Content/EngineMaterials/Substrate/GLints/dict_16_192_64_0p5_0p02_0046_0002.uasset" 6819
"../../../Engine/Content/EngineMaterials/Substrate/GLints/dict_16_192_64_0p5_0p02_0046_0007.uasset" 6820
"/Engine/EngineMaterials/Substrate/GLints/dict_16_192_64_0p5_0p02_0045_0010" 6821
"../../../Engine/Content/EngineMaterials/Substrate/GLints/dict_16_192_64_0p5_0p02_0046_0001.uasset" 6822
"../../../Engine/Content/EngineMaterials/Substrate/GLints/dict_16_192_64_0p5_0p02_0046_0004.uasset" 6823
"../../../Engine/Content/EngineMaterials/Substrate/GLints/dict_16_192_64_0p5_0p02_0046_0005.uasset" 6824
"/Engine/EngineMaterials/Substrate/GLints/dict_16_192_64_0p5_0p02_0046_0000" 6825
"/Engine/EngineMaterials/Substrate/GLints/dict_16_192_64_0p5_0p02_0045_0015" 6826
"/Engine/EngineMaterials/Substrate/GLints/dict_16_192_64_0p5_0p02_0046_0005" 6827
"/Engine/EngineMaterials/Substrate/GLints/dict_16_192_64_0p5_0p02_0046_0004" 6828
"/Engine/EngineMaterials/Substrate/GLints/dict_16_192_64_0p5_0p02_0046_0003" 6829
"/Engine/EngineMaterials/Substrate/GLints/dict_16_192_64_0p5_0p02_0046_0002" 6830
"/Engine/EngineMaterials/Substrate/GLints/dict_16_192_64_0p5_0p02_0046_0001" 6831
"/Engine/EngineMaterials/Substrate/GLints/dict_16_192_64_0p5_0p02_0046_0007" 6832
"/Engine/EngineMaterials/Substrate/GLints/dict_16_192_64_0p5_0p02_0046_0006" 6833
"../../../Engine/Content/EngineMaterials/Substrate/GLints/dict_16_192_64_0p5_0p02_0042_0005.uasset" 6834
"../../../Engine/Content/EngineMaterials/Substrate/GLints/dict_16_192_64_0p5_0p02_0046_0008.uasset" 6835
"../../../Engine/Content/EngineMaterials/Substrate/GLints/dict_16_192_64_0p5_0p02_0046_0013.uasset" 6836
"../../../Engine/Content/EngineMaterials/Substrate/GLints/dict_16_192_64_0p5_0p02_0046_0009.uasset" 6837
"../../../Engine/Content/EngineMaterials/Substrate/GLints/dict_16_192_64_0p5_0p02_0046_0014.uasset" 6838
"../../../Engine/Content/EngineMaterials/Substrate/GLints/dict_16_192_64_0p5_0p02_0046_0012.uasset" 6839
"../../../Engine/Content/EngineMaterials/Substrate/GLints/dict_16_192_64_0p5_0p02_0046_0011.uasset" 6840
"../../../Engine/Content/EngineMaterials/Substrate/GLints/dict_16_192_64_0p5_0p02_0046_0010.uasset" 6841
"../../../Engine/Content/EngineMaterials/Substrate/GLints/dict_16_192_64_0p5_0p02_0041_0007.uasset" 6842
"/Engine/EngineMaterials/Substrate/GLints/dict_16_192_64_0p5_0p02_0041_0007" 6843
"/Engine/EngineMaterials/Substrate/GLints/dict_16_192_64_0p5_0p02_0046_0012" 6844
"/Engine/EngineMaterials/Substrate/GLints/dict_16_192_64_0p5_0p02_0046_0011" 6845
"/Engine/EngineMaterials/Substrate/GLints/dict_16_192_64_0p5_0p02_0046_0010" 6846
"/Engine/EngineMaterials/Substrate/GLints/dict_16_192_64_0p5_0p02_0046_0009" 6847
"/Engine/EngineMaterials/Substrate/GLints/dict_16_192_64_0p5_0p02_0046_0008" 6848
"/Engine/EngineMaterials/Substrate/GLints/dict_16_192_64_0p5_0p02_0046_0014" 6849
"/Engine/EngineMaterials/Substrate/GLints/dict_16_192_64_0p5_0p02_0046_0013" 6850
"/Engine/EngineMaterials/Substrate/GLints/dict_16_192_64_0p5_0p02_0042_0005" 6851
"../../../Engine/Content/EngineMaterials/Substrate/GLints/dict_16_192_64_0p5_0p02_0047_0000.uasset" 6852
"../../../Engine/Content/EngineMaterials/Substrate/GLints/dict_16_192_64_0p5_0p02_0042_0006.uasset" 6853
"../../../Engine/Content/EngineMaterials/Substrate/GLints/dict_16_192_64_0p5_0p02_0047_0006.uasset" 6854
"../../../Engine/Content/EngineMaterials/Substrate/GLints/dict_16_192_64_0p5_0p02_0047_0005.uasset" 6855
"../../../Engine/Content/EngineMaterials/Substrate/GLints/dict_16_192_64_0p5_0p02_0047_0004.uasset" 6856
"../../../Engine/Content/EngineMaterials/Substrate/GLints/dict_16_192_64_0p5_0p02_0047_0001.uasset" 6857
"../../../Engine/Content/EngineMaterials/Substrate/GLints/dict_16_192_64_0p5_0p02_0047_0007.uasset" 6858
"../../../Engine/Content/EngineMaterials/Substrate/GLints/dict_16_192_64_0p5_0p02_0047_0003.uasset" 6859
"../../../Engine/Content/EngineMaterials/Substrate/GLints/dict_16_192_64_0p5_0p02_0047_0002.uasset" 6860
"../../../Engine/Content/EngineMaterials/Substrate/GLints/dict_16_192_64_0p5_0p02_0042_0004.uasset" 6861
"/Engine/EngineMaterials/Substrate/GLints/dict_16_192_64_0p5_0p02_0042_0004" 6862
"../../../Engine/Content/EngineMaterials/Substrate/GLints/dict_16_192_64_0p5_0p02_0047_0010.uasset" 6863
"../../../Engine/Content/EngineMaterials/Substrate/GLints/dict_16_192_64_0p5_0p02_0047_0015.uasset" 6864
"../../../Engine/Content/EngineMaterials/Substrate/GLints/dict_16_192_64_0p5_0p02_0047_0014.uasset" 6865
"../../../Engine/Content/EngineMaterials/Substrate/GLints/dict_16_192_64_0p5_0p02_0048_0000.uasset" 6866
"../../../Engine/Content/EngineMaterials/Substrate/GLints/dict_16_192_64_0p5_0p02_0047_0013.uasset" 6867
"../../../Engine/Content/EngineMaterials/Substrate/GLints/dict_16_192_64_0p5_0p02_0047_0012.uasset" 6868
"../../../Engine/Content/EngineMaterials/Substrate/GLints/dict_16_192_64_0p5_0p02_0047_0009.uasset" 6869
"../../../Engine/Content/EngineMaterials/Substrate/GLints/dict_16_192_64_0p5_0p02_0047_0008.uasset" 6870
"/Engine/EngineMaterials/Substrate/GLints/dict_16_192_64_0p5_0p02_0047_0003" 6871
"/Engine/EngineMaterials/Substrate/GLints/dict_16_192_64_0p5_0p02_0047_0002" 6872
"/Engine/EngineMaterials/Substrate/GLints/dict_16_192_64_0p5_0p02_0047_0001" 6873
"/Engine/EngineMaterials/Substrate/GLints/dict_16_192_64_0p5_0p02_0047_0007" 6874
"/Engine/EngineMaterials/Substrate/GLints/dict_16_192_64_0p5_0p02_0047_0000" 6875
"/Engine/EngineMaterials/Substrate/GLints/dict_16_192_64_0p5_0p02_0047_0006" 6876
"/Engine/EngineMaterials/Substrate/GLints/dict_16_192_64_0p5_0p02_0047_0005" 6877
"/Engine/EngineMaterials/Substrate/GLints/dict_16_192_64_0p5_0p02_0047_0004" 6878
"/Engine/EngineMaterials/Substrate/GLints/dict_16_192_64_0p5_0p02_0042_0006" 6879
"/Engine/EngineMaterials/Substrate/GLints/dict_16_192_64_0p5_0p02_0047_0010" 6880
"/Engine/EngineMaterials/Substrate/GLints/dict_16_192_64_0p5_0p02_0047_0009" 6881
"/Engine/EngineMaterials/Substrate/GLints/dict_16_192_64_0p5_0p02_0048_0000" 6882
"/Engine/EngineMaterials/Substrate/GLints/dict_16_192_64_0p5_0p02_0047_0008" 6883
"/Engine/EngineMaterials/Substrate/GLints/dict_16_192_64_0p5_0p02_0047_0015" 6884
"/Engine/EngineMaterials/Substrate/GLints/dict_16_192_64_0p5_0p02_0047_0014" 6885
"/Engine/EngineMaterials/Substrate/GLints/dict_16_192_64_0p5_0p02_0047_0013" 6886
"../../../Engine/Content/EngineMaterials/Substrate/GLints/dict_16_192_64_0p5_0p02_0048_0007.uasset" 6887
"/Engine/EngineMaterials/Substrate/GLints/dict_16_192_64_0p5_0p02_0047_0012" 6888
"../../../Engine/Content/EngineMaterials/Substrate/GLints/dict_16_192_64_0p5_0p02_0048_0009.uasset" 6889
"../../../Engine/Content/EngineMaterials/Substrate/GLints/dict_16_192_64_0p5_0p02_0048_0004.uasset" 6890
"../../../Engine/Content/EngineMaterials/Substrate/GLints/dict_16_192_64_0p5_0p02_0048_0002.uasset" 6891
"../../../Engine/Content/EngineMaterials/Substrate/GLints/dict_16_192_64_0p5_0p02_0048_0005.uasset" 6892
"../../../Engine/Content/EngineMaterials/Substrate/GLints/dict_16_192_64_0p5_0p02_0048_0006.uasset" 6893
"../../../Engine/Content/EngineMaterials/Substrate/GLints/dict_16_192_64_0p5_0p02_0048_0008.uasset" 6894
"../../../Engine/Content/EngineMaterials/Substrate/GLints/dict_16_192_64_0p5_0p02_0048_0003.uasset" 6895
"/Engine/EngineMaterials/Substrate/GLints/dict_16_192_64_0p5_0p02_0048_0009" 6896
"/Engine/EngineMaterials/Substrate/GLints/dict_16_192_64_0p5_0p02_0048_0008" 6897
"/Engine/EngineMaterials/Substrate/GLints/dict_16_192_64_0p5_0p02_0048_0007" 6898
"/Engine/EngineMaterials/Substrate/GLints/dict_16_192_64_0p5_0p02_0048_0006" 6899
"/Engine/EngineMaterials/Substrate/GLints/dict_16_192_64_0p5_0p02_0048_0005" 6900
"/Engine/EngineMaterials/Substrate/GLints/dict_16_192_64_0p5_0p02_0048_0004" 6901
"/Engine/EngineMaterials/Substrate/GLints/dict_16_192_64_0p5_0p02_0048_0003" 6902
"/Engine/EngineMaterials/Substrate/GLints/dict_16_192_64_0p5_0p02_0048_0002" 6903
"../../../Engine/Content/EngineMaterials/Substrate/GLints/dict_16_192_64_0p5_0p02_0048_0013.uasset" 6904
"../../../Engine/Content/EngineMaterials/Substrate/GLints/dict_16_192_64_0p5_0p02_0048_0010.uasset" 6905
"../../../Engine/Content/EngineMaterials/Substrate/GLints/dict_16_192_64_0p5_0p02_0049_0000.uasset" 6906
"../../../Engine/Content/EngineMaterials/Substrate/GLints/dict_16_192_64_0p5_0p02_0048_0012.uasset" 6907
"../../../Engine/Content/EngineMaterials/Substrate/GLints/dict_16_192_64_0p5_0p02_0048_0015.uasset" 6908
"../../../Engine/Content/EngineMaterials/Substrate/GLints/dict_16_192_64_0p5_0p02_0049_0001.uasset" 6909
"../../../Engine/Content/EngineMaterials/Substrate/GLints/dict_16_192_64_0p5_0p02_0048_0014.uasset" 6910
"../../../Engine/Content/EngineMaterials/Substrate/GLints/dict_16_192_64_0p5_0p02_0048_0011.uasset" 6911
"/Engine/EngineMaterials/Substrate/GLints/dict_16_192_64_0p5_0p02_0048_0010" 6912
"../../../Engine/Content/EngineMaterials/Substrate/GLints/dict_16_192_64_0p5_0p02_0049_0007.uasset" 6913
"../../../Engine/Content/EngineMaterials/Substrate/GLints/dict_16_192_64_0p5_0p02_0049_0008.uasset" 6914
"../../../Engine/Content/EngineMaterials/Substrate/GLints/dict_16_192_64_0p5_0p02_0049_0004.uasset" 6915
"../../../Engine/Content/EngineMaterials/Substrate/GLints/dict_16_192_64_0p5_0p02_0049_0003.uasset" 6916
"../../../Engine/Content/EngineMaterials/Substrate/GLints/dict_16_192_64_0p5_0p02_0049_0002.uasset" 6917
"/Engine/EngineMaterials/Substrate/GLints/dict_16_192_64_0p5_0p02_0049_0001" 6918
"/Engine/EngineMaterials/Substrate/GLints/dict_16_192_64_0p5_0p02_0049_0000" 6919
"../../../Engine/Content/EngineMaterials/Substrate/GLints/dict_16_192_64_0p5_0p02_0049_0009.uasset" 6920
"/Engine/EngineMaterials/Substrate/GLints/dict_16_192_64_0p5_0p02_0048_0015" 6921
"../../../Engine/Content/EngineMaterials/Substrate/GLints/dict_16_192_64_0p5_0p02_0049_0006.uasset" 6922
"/Engine/EngineMaterials/Substrate/GLints/dict_16_192_64_0p5_0p02_0048_0014" 6923
"/Engine/EngineMaterials/Substrate/GLints/dict_16_192_64_0p5_0p02_0048_0013" 6924
"../../../Engine/Content/EngineMaterials/Substrate/GLints/dict_16_192_64_0p5_0p02_0049_0005.uasset" 6925
"/Engine/EngineMaterials/Substrate/GLints/dict_16_192_64_0p5_0p02_0048_0012" 6926
"/Engine/EngineMaterials/Substrate/GLints/dict_16_192_64_0p5_0p02_0048_0011" 6927
"/Engine/EngineMaterials/Substrate/GLints/dict_16_192_64_0p5_0p02_0049_0004" 6928
"/Engine/EngineMaterials/Substrate/GLints/dict_16_192_64_0p5_0p02_0049_0003" 6929
"/Engine/EngineMaterials/Substrate/GLints/dict_16_192_64_0p5_0p02_0049_0002" 6930
"/Engine/EngineMaterials/Substrate/GLints/dict_16_192_64_0p5_0p02_0049_0009" 6931
"/Engine/EngineMaterials/Substrate/GLints/dict_16_192_64_0p5_0p02_0049_0008" 6932
"/Engine/EngineMaterials/Substrate/GLints/dict_16_192_64_0p5_0p02_0049_0007" 6933
"/Engine/EngineMaterials/Substrate/GLints/dict_16_192_64_0p5_0p02_0049_0006" 6934
"/Engine/EngineMaterials/Substrate/GLints/dict_16_192_64_0p5_0p02_0049_0005" 6935
"../../../Engine/Content/EngineMaterials/Substrate/GLints/dict_16_192_64_0p5_0p02_0049_0013.uasset" 6936
"../../../Engine/Content/EngineMaterials/Substrate/GLints/dict_16_192_64_0p5_0p02_0049_0011.uasset" 6937
"../../../Engine/Content/EngineMaterials/Substrate/GLints/dict_16_192_64_0p5_0p02_0049_0014.uasset" 6938
"../../../Engine/Content/EngineMaterials/Substrate/GLints/dict_16_192_64_0p5_0p02_0049_0010.uasset" 6939
"../../../Engine/Content/EngineMaterials/Substrate/GLints/dict_16_192_64_0p5_0p02_0049_0012.uasset" 6940
"../../../Engine/Content/EngineMaterials/Substrate/GLints/dict_16_192_64_0p5_0p02_0050_0001.uasset" 6941
"../../../Engine/Content/EngineMaterials/Substrate/GLints/dict_16_192_64_0p5_0p02_0050_0000.uasset" 6942
"../../../Engine/Content/EngineMaterials/Substrate/GLints/dict_16_192_64_0p5_0p02_0049_0015.uasset" 6943
"/Engine/EngineMaterials/Substrate/GLints/dict_16_192_64_0p5_0p02_0049_0012" 6944
"/Engine/EngineMaterials/Substrate/GLints/dict_16_192_64_0p5_0p02_0049_0011" 6945
"/Engine/EngineMaterials/Substrate/GLints/dict_16_192_64_0p5_0p02_0049_0010" 6946
"/Engine/EngineMaterials/Substrate/GLints/dict_16_192_64_0p5_0p02_0050_0001" 6947
"/Engine/EngineMaterials/Substrate/GLints/dict_16_192_64_0p5_0p02_0050_0000" 6948
"/Engine/EngineMaterials/Substrate/GLints/dict_16_192_64_0p5_0p02_0049_0015" 6949
"../../../Engine/Content/EngineMaterials/Substrate/GLints/dict_16_192_64_0p5_0p02_0050_0004.uasset" 6950
"../../../Engine/Content/EngineMaterials/Substrate/GLints/dict_16_192_64_0p5_0p02_0050_0009.uasset" 6951
"../../../Engine/Content/EngineMaterials/Substrate/GLints/dict_16_192_64_0p5_0p02_0050_0006.uasset" 6952
"../../../Engine/Content/EngineMaterials/Substrate/GLints/dict_16_192_64_0p5_0p02_0050_0005.uasset" 6953
"../../../Engine/Content/EngineMaterials/Substrate/GLints/dict_16_192_64_0p5_0p02_0050_0003.uasset" 6954
"/Engine/EngineMaterials/Substrate/GLints/dict_16_192_64_0p5_0p02_0049_0014" 6955
"../../../Engine/Content/EngineMaterials/Substrate/GLints/dict_16_192_64_0p5_0p02_0050_0007.uasset" 6956
"../../../Engine/Content/EngineMaterials/Substrate/GLints/dict_16_192_64_0p5_0p02_0050_0008.uasset" 6957
"../../../Engine/Content/EngineMaterials/Substrate/GLints/dict_16_192_64_0p5_0p02_0050_0002.uasset" 6958
"/Engine/EngineMaterials/Substrate/GLints/dict_16_192_64_0p5_0p02_0049_0013" 6959
"/Engine/EngineMaterials/Substrate/GLints/dict_16_192_64_0p5_0p02_0050_0004" 6960
"/Engine/EngineMaterials/Substrate/GLints/dict_16_192_64_0p5_0p02_0050_0003" 6961
"/Engine/EngineMaterials/Substrate/GLints/dict_16_192_64_0p5_0p02_0050_0002" 6962
"/Engine/EngineMaterials/Substrate/GLints/dict_16_192_64_0p5_0p02_0050_0009" 6963
"/Engine/EngineMaterials/Substrate/GLints/dict_16_192_64_0p5_0p02_0050_0008" 6964
"/Engine/EngineMaterials/Substrate/GLints/dict_16_192_64_0p5_0p02_0050_0007" 6965
"/Engine/EngineMaterials/Substrate/GLints/dict_16_192_64_0p5_0p02_0050_0006" 6966
"/Engine/EngineMaterials/Substrate/GLints/dict_16_192_64_0p5_0p02_0050_0005" 6967
"../../../Engine/Content/EngineMaterials/Substrate/GLints/dict_16_192_64_0p5_0p02_0050_0010.uasset" 6968
"../../../Engine/Content/EngineMaterials/Substrate/GLints/dict_16_192_64_0p5_0p02_0050_0012.uasset" 6969
"../../../Engine/Content/EngineMaterials/Substrate/GLints/dict_16_192_64_0p5_0p02_0050_0013.uasset" 6970
"../../../Engine/Content/EngineMaterials/Substrate/GLints/dict_16_192_64_0p5_0p02_0051_0000.uasset" 6971
"../../../Engine/Content/EngineMaterials/Substrate/GLints/dict_16_192_64_0p5_0p02_0050_0011.uasset" 6972
"../../../Engine/Content/EngineMaterials/Substrate/GLints/dict_16_192_64_0p5_0p02_0050_0014.uasset" 6973
"../../../Engine/Content/EngineMaterials/Substrate/GLints/dict_16_192_64_0p5_0p02_0051_0001.uasset" 6974
"../../../Engine/Content/EngineMaterials/Substrate/GLints/dict_16_192_64_0p5_0p02_0050_0015.uasset" 6975
"/Engine/EngineMaterials/Substrate/GLints/dict_16_192_64_0p5_0p02_0050_0012" 6976
"/Engine/EngineMaterials/Substrate/GLints/dict_16_192_64_0p5_0p02_0050_0011" 6977
"/Engine/EngineMaterials/Substrate/GLints/dict_16_192_64_0p5_0p02_0051_0001" 6978
"/Engine/EngineMaterials/Substrate/GLints/dict_16_192_64_0p5_0p02_0050_0010" 6979
"/Engine/EngineMaterials/Substrate/GLints/dict_16_192_64_0p5_0p02_0051_0000" 6980
"/Engine/EngineMaterials/Substrate/GLints/dict_16_192_64_0p5_0p02_0050_0015" 6981
"../../../Engine/Content/EngineMaterials/Substrate/GLints/dict_16_192_64_0p5_0p02_0051_0003.uasset" 6982
"../../../Engine/Content/EngineMaterials/Substrate/GLints/dict_16_192_64_0p5_0p02_0051_0004.uasset" 6983
"../../../Engine/Content/EngineMaterials/Substrate/GLints/dict_16_192_64_0p5_0p02_0051_0006.uasset" 6984
"/Engine/EngineMaterials/Substrate/GLints/dict_16_192_64_0p5_0p02_0050_0014" 6985
"../../../Engine/Content/EngineMaterials/Substrate/GLints/dict_16_192_64_0p5_0p02_0051_0002.uasset" 6986
"../../../Engine/Content/EngineMaterials/Substrate/GLints/dict_16_192_64_0p5_0p02_0051_0005.uasset" 6987
"/Engine/EngineMaterials/Substrate/GLints/dict_16_192_64_0p5_0p02_0050_0013" 6988
"/Engine/EngineMaterials/Substrate/GLints/dict_16_192_64_0p5_0p02_0051_0004" 6989
"/Engine/EngineMaterials/Substrate/GLints/dict_16_192_64_0p5_0p02_0051_0003" 6990
"/Engine/EngineMaterials/Substrate/GLints/dict_16_192_64_0p5_0p02_0051_0002" 6991
"/Engine/EngineMaterials/Substrate/GLints/dict_16_192_64_0p5_0p02_0051_0006" 6992
"/Engine/EngineMaterials/Substrate/GLints/dict_16_192_64_0p5_0p02_0051_0005" 6993
"../../../Engine/Content/EngineMaterials/Substrate/GLints/dict_16_192_64_0p5_0p02_0051_0008.uasset" 6994
"../../../Engine/Content/EngineMaterials/Substrate/GLints/dict_16_192_64_0p5_0p02_0051_0007.uasset" 6995
"/Engine/EngineMaterials/Substrate/GLints/dict_16_192_64_0p5_0p02_0051_0008" 6996
"/Engine/EngineMaterials/Substrate/GLints/dict_16_192_64_0p5_0p02_0051_0007" 6997
"../../../Engine/Content/EngineMaterials/Substrate/GLints/dict_16_192_64_0p5_0p02_0051_0009.uasset" 6998
"../../../Engine/Content/EngineMaterials/Substrate/GLints/dict_16_192_64_0p5_0p02_0051_0010.uasset" 6999
"../../../Engine/Content/EngineMaterials/Substrate/GLints/dict_16_192_64_0p5_0p02_0051_0013.uasset" 7000
"../../../Engine/Content/EngineMaterials/Substrate/GLints/dict_16_192_64_0p5_0p02_0051_0011.uasset" 7001
"../../../Engine/Content/EngineMaterials/Substrate/GLints/dict_16_192_64_0p5_0p02_0051_0012.uasset" 7002
"../../../Engine/Content/EngineMaterials/Substrate/GLints/dict_16_192_64_0p5_0p02_0051_0014.uasset" 7003
"../../../Engine/Content/EngineMaterials/Substrate/GLints/dict_16_192_64_0p5_0p02_0052_0000.uasset" 7004
"../../../Engine/Content/EngineMaterials/Substrate/GLints/dict_16_192_64_0p5_0p02_0051_0015.uasset" 7005
"../../../Engine/Content/EngineMaterials/Substrate/GLints/dict_16_192_64_0p5_0p02_0052_0003.uasset" 7006
"../../../Engine/Content/EngineMaterials/Substrate/GLints/dict_16_192_64_0p5_0p02_0052_0004.uasset" 7007
"../../../Engine/Content/EngineMaterials/Substrate/GLints/dict_16_192_64_0p5_0p02_0052_0002.uasset" 7008
"/Engine/EngineMaterials/Substrate/GLints/dict_16_192_64_0p5_0p02_0052_0004" 7009
"/Engine/EngineMaterials/Substrate/GLints/dict_16_192_64_0p5_0p02_0051_0012" 7010
"/Engine/EngineMaterials/Substrate/GLints/dict_16_192_64_0p5_0p02_0052_0003" 7011
"/Engine/EngineMaterials/Substrate/GLints/dict_16_192_64_0p5_0p02_0051_0011" 7012
"/Engine/EngineMaterials/Substrate/GLints/dict_16_192_64_0p5_0p02_0051_0010" 7013
"/Engine/EngineMaterials/Substrate/GLints/dict_16_192_64_0p5_0p02_0052_0002" 7014
"../../../Engine/Content/EngineMaterials/Substrate/GLints/dict_16_192_64_0p5_0p02_0052_0005.uasset" 7015
"../../../Engine/Content/EngineMaterials/Substrate/GLints/dict_16_192_64_0p5_0p02_0052_0006.uasset" 7016
"/Engine/EngineMaterials/Substrate/GLints/dict_16_192_64_0p5_0p02_0051_0009" 7017
"/Engine/EngineMaterials/Substrate/GLints/dict_16_192_64_0p5_0p02_0052_0000" 7018
"../../../Engine/Content/EngineMaterials/Substrate/GLints/dict_16_192_64_0p5_0p02_0052_0007.uasset" 7019
"/Engine/EngineMaterials/Substrate/GLints/dict_16_192_64_0p5_0p02_0051_0015" 7020
"/Engine/EngineMaterials/Substrate/GLints/dict_16_192_64_0p5_0p02_0051_0014" 7021
"../../../Engine/Content/EngineMaterials/Substrate/GLints/dict_16_192_64_0p5_0p02_0052_0001.uasset" 7022
"/Engine/EngineMaterials/Substrate/GLints/dict_16_192_64_0p5_0p02_0051_0013" 7023
"../../../Engine/Content/EngineMaterials/Substrate/GLints/dict_16_192_64_0p5_0p02_0052_0008.uasset" 7024
"/Engine/EngineMaterials/Substrate/GLints/dict_16_192_64_0p5_0p02_0052_0001" 7025
"../../../Engine/Content/EngineMaterials/Substrate/GLints/dict_16_192_64_0p5_0p02_0052_0011.uasset" 7026
"../../../Engine/Content/EngineMaterials/Substrate/GLints/dict_16_192_64_0p5_0p02_0052_0010.uasset" 7027
"/Engine/EngineMaterials/Substrate/GLints/dict_16_192_64_0p5_0p02_0052_0007" 7028
"../../../Engine/Content/EngineMaterials/Substrate/GLints/dict_16_192_64_0p5_0p02_0052_0009.uasset" 7029
"/Engine/EngineMaterials/Substrate/GLints/dict_16_192_64_0p5_0p02_0052_0006" 7030
"/Engine/EngineMaterials/Substrate/GLints/dict_16_192_64_0p5_0p02_0052_0005" 7031
"/Engine/EngineMaterials/Substrate/GLints/dict_16_192_64_0p5_0p02_0052_0011" 7032
"/Engine/EngineMaterials/Substrate/GLints/dict_16_192_64_0p5_0p02_0052_0010" 7033
"/Engine/EngineMaterials/Substrate/GLints/dict_16_192_64_0p5_0p02_0052_0009" 7034
"/Engine/EngineMaterials/Substrate/GLints/dict_16_192_64_0p5_0p02_0052_0008" 7035
"../../../Engine/Content/EngineMaterials/Substrate/GLints/dict_16_192_64_0p5_0p02_0052_0012.uasset" 7036
"../../../Engine/Content/EngineMaterials/Substrate/GLints/dict_16_192_64_0p5_0p02_0053_0001.uasset" 7037
"../../../Engine/Content/EngineMaterials/Substrate/GLints/dict_16_192_64_0p5_0p02_0053_0003.uasset" 7038
"../../../Engine/Content/EngineMaterials/Substrate/GLints/dict_16_192_64_0p5_0p02_0052_0015.uasset" 7039
"../../../Engine/Content/EngineMaterials/Substrate/GLints/dict_16_192_64_0p5_0p02_0052_0014.uasset" 7040
"../../../Engine/Content/EngineMaterials/Substrate/GLints/dict_16_192_64_0p5_0p02_0053_0002.uasset" 7041
"../../../Engine/Content/EngineMaterials/Substrate/GLints/dict_16_192_64_0p5_0p02_0052_0013.uasset" 7042
"/Engine/EngineMaterials/Substrate/GLints/dict_16_192_64_0p5_0p02_0053_0001" 7043
"../../../Engine/Content/EngineMaterials/Substrate/GLints/dict_16_192_64_0p5_0p02_0043_0005.uasset" 7044
"/Engine/EngineMaterials/Substrate/GLints/dict_16_192_64_0p5_0p02_0052_0012" 7045
"/Engine/EngineMaterials/Substrate/GLints/dict_16_192_64_0p5_0p02_0052_0015" 7046
"/Engine/EngineMaterials/Substrate/GLints/dict_16_192_64_0p5_0p02_0053_0003" 7047
"../../../Engine/Content/EngineMaterials/Substrate/GLints/dict_16_192_64_0p5_0p02_0053_0004.uasset" 7048
"/Engine/EngineMaterials/Substrate/GLints/dict_16_192_64_0p5_0p02_0053_0002" 7049
"/Engine/EngineMaterials/Substrate/GLints/dict_16_192_64_0p5_0p02_0052_0014" 7050
"/Engine/EngineMaterials/Substrate/GLints/dict_16_192_64_0p5_0p02_0052_0013" 7051
"../../../Engine/Content/EngineMaterials/Substrate/GLints/dict_16_192_64_0p5_0p02_0053_0006.uasset" 7052
"../../../Engine/Content/EngineMaterials/Substrate/GLints/dict_16_192_64_0p5_0p02_0044_0004.uasset" 7053
"../../../Engine/Content/EngineMaterials/Substrate/GLints/dict_16_192_64_0p5_0p02_0053_0008.uasset" 7054
"../../../Engine/Content/EngineMaterials/Substrate/GLints/dict_16_192_64_0p5_0p02_0053_0007.uasset" 7055
"../../../Engine/Content/EngineMaterials/Substrate/GLints/dict_16_192_64_0p5_0p02_0053_0005.uasset" 7056
"../../../Engine/Content/EngineMaterials/Substrate/GLints/dict_16_192_64_0p5_0p02_0053_0009.uasset" 7057
"/Engine/EngineMaterials/Substrate/GLints/dict_16_192_64_0p5_0p02_0043_0005" 7058
"/Engine/EngineMaterials/Substrate/GLints/dict_16_192_64_0p5_0p02_0053_0009" 7059
"/Engine/EngineMaterials/Substrate/GLints/dict_16_192_64_0p5_0p02_0053_0008" 7060
"/Engine/EngineMaterials/Substrate/GLints/dict_16_192_64_0p5_0p02_0044_0004" 7061
"/Engine/EngineMaterials/Substrate/GLints/dict_16_192_64_0p5_0p02_0053_0007" 7062
"/Engine/EngineMaterials/Substrate/GLints/dict_16_192_64_0p5_0p02_0053_0006" 7063
"/Engine/EngineMaterials/Substrate/GLints/dict_16_192_64_0p5_0p02_0053_0005" 7064
"/Engine/EngineMaterials/Substrate/GLints/dict_16_192_64_0p5_0p02_0053_0004" 7065
"../../../Engine/Content/EngineMaterials/Substrate/GLints/dict_16_192_64_0p5_0p02_0053_0012.uasset" 7066
"/Engine/EngineMaterials/Substrate/GLints/dict_16_192_64_0p5_0p02_0053_0012" 7067
"../../../Engine/Content/EngineMaterials/Substrate/GLints/dict_16_192_64_0p5_0p02_0053_0015.uasset" 7068
"../../../Engine/Content/EngineMaterials/Substrate/GLints/dict_16_192_64_0p5_0p02_0054_0000.uasset" 7069
"../../../Engine/Content/EngineMaterials/Substrate/GLints/dict_16_192_64_0p5_0p02_0053_0013.uasset" 7070
"../../../Engine/Content/EngineMaterials/Substrate/GLints/dict_16_192_64_0p5_0p02_0054_0002.uasset" 7071
"../../../Engine/Content/EngineMaterials/Substrate/GLints/dict_16_192_64_0p5_0p02_0053_0014.uasset" 7072
"../../../Engine/Content/EngineMaterials/Substrate/GLints/dict_16_192_64_0p5_0p02_0054_0001.uasset" 7073
"/Engine/EngineMaterials/Substrate/GLints/dict_16_192_64_0p5_0p02_0053_0014" 7074
"/Engine/EngineMaterials/Substrate/GLints/dict_16_192_64_0p5_0p02_0053_0013" 7075
"/Engine/EngineMaterials/Substrate/GLints/dict_16_192_64_0p5_0p02_0054_0002" 7076
"/Engine/EngineMaterials/Substrate/GLints/dict_16_192_64_0p5_0p02_0054_0000" 7077
"/Engine/EngineMaterials/Substrate/GLints/dict_16_192_64_0p5_0p02_0053_0015" 7078
"/Engine/EngineMaterials/Substrate/GLints/dict_16_192_64_0p5_0p02_0054_0001" 7079
"../../../Engine/Content/EngineMaterials/Substrate/GLints/dict_16_192_64_0p5_0p02_0054_0007.uasset" 7080
"../../../Engine/Content/EngineMaterials/Substrate/GLints/dict_16_192_64_0p5_0p02_0054_0003.uasset" 7081
"../../../Engine/Content/EngineMaterials/Substrate/GLints/dict_16_192_64_0p5_0p02_0054_0004.uasset" 7082
"../../../Engine/Content/EngineMaterials/Substrate/GLints/dict_16_192_64_0p5_0p02_0054_0006.uasset" 7083
"../../../Engine/Content/EngineMaterials/Substrate/GLints/dict_16_192_64_0p5_0p02_0054_0009.uasset" 7084
"../../../Engine/Content/EngineMaterials/Substrate/GLints/dict_16_192_64_0p5_0p02_0054_0005.uasset" 7085
"../../../Engine/Content/EngineMaterials/Substrate/GLints/dict_16_192_64_0p5_0p02_0054_0008.uasset" 7086
"/Engine/EngineMaterials/Substrate/GLints/dict_16_192_64_0p5_0p02_0054_0006" 7087
"/Engine/EngineMaterials/Substrate/GLints/dict_16_192_64_0p5_0p02_0054_0005" 7088
"/Engine/EngineMaterials/Substrate/GLints/dict_16_192_64_0p5_0p02_0054_0004" 7089
"/Engine/EngineMaterials/Substrate/GLints/dict_16_192_64_0p5_0p02_0054_0003" 7090
"../../../Engine/Content/EngineMaterials/Substrate/GLints/dict_16_192_64_0p5_0p02_0055_0000.uasset" 7091
"../../../Engine/Content/EngineMaterials/Substrate/GLints/dict_16_192_64_0p5_0p02_0054_0013.uasset" 7092
"../../../Engine/Content/EngineMaterials/Substrate/GLints/dict_16_192_64_0p5_0p02_0054_0014.uasset" 7093
"../../../Engine/Content/EngineMaterials/Substrate/GLints/dict_16_192_64_0p5_0p02_0054_0015.uasset" 7094
"../../../Engine/Content/EngineMaterials/Substrate/GLints/dict_16_192_64_0p5_0p02_0054_0010.uasset" 7095
"../../../Engine/Content/EngineMaterials/Substrate/GLints/dict_16_192_64_0p5_0p02_0054_0012.uasset" 7096
"/Engine/EngineMaterials/Substrate/GLints/dict_16_192_64_0p5_0p02_0054_0009" 7097
"/Engine/EngineMaterials/Substrate/GLints/dict_16_192_64_0p5_0p02_0054_0008" 7098
"../../../Engine/Content/EngineMaterials/Substrate/GLints/dict_16_192_64_0p5_0p02_0054_0011.uasset" 7099
"/Engine/EngineMaterials/Substrate/GLints/dict_16_192_64_0p5_0p02_0054_0007" 7100
"/Engine/EngineMaterials/Substrate/GLints/dict_16_192_64_0p5_0p02_0054_0013" 7101
"/Engine/EngineMaterials/Substrate/GLints/dict_16_192_64_0p5_0p02_0054_0012" 7102
"/Engine/EngineMaterials/Substrate/GLints/dict_16_192_64_0p5_0p02_0054_0011" 7103
"/Engine/EngineMaterials/Substrate/GLints/dict_16_192_64_0p5_0p02_0054_0010" 7104
"/Engine/EngineMaterials/Substrate/GLints/dict_16_192_64_0p5_0p02_0055_0000" 7105
"/Engine/EngineMaterials/Substrate/GLints/dict_16_192_64_0p5_0p02_0054_0015" 7106
"/Engine/EngineMaterials/Substrate/GLints/dict_16_192_64_0p5_0p02_0054_0014" 7107
"../../../Engine/Content/EngineMaterials/Substrate/GLints/dict_16_192_64_0p5_0p02_0053_0000.uasset" 7108
"../../../Engine/Content/EngineMaterials/Substrate/GLints/dict_16_192_64_0p5_0p02_0055_0005.uasset" 7109
"../../../Engine/Content/EngineMaterials/Substrate/GLints/dict_16_192_64_0p5_0p02_0055_0006.uasset" 7110
"../../../Engine/Content/EngineMaterials/Substrate/GLints/dict_16_192_64_0p5_0p02_0055_0007.uasset" 7111
"../../../Engine/Content/EngineMaterials/Substrate/GLints/dict_16_192_64_0p5_0p02_0055_0004.uasset" 7112
"../../../Engine/Content/EngineMaterials/Substrate/GLints/dict_16_192_64_0p5_0p02_0055_0001.uasset" 7113
"../../../Engine/Content/EngineMaterials/Substrate/GLints/dict_16_192_64_0p5_0p02_0055_0003.uasset" 7114
"../../../Engine/Content/EngineMaterials/Substrate/GLints/dict_16_192_64_0p5_0p02_0055_0002.uasset" 7115
"/Engine/EngineMaterials/Substrate/GLints/dict_16_192_64_0p5_0p02_0053_0000" 7116
"/Engine/EngineMaterials/Substrate/GLints/dict_16_192_64_0p5_0p02_0055_0005" 7117
"/Engine/EngineMaterials/Substrate/GLints/dict_16_192_64_0p5_0p02_0055_0006" 7118
"/Engine/EngineMaterials/Substrate/GLints/dict_16_192_64_0p5_0p02_0055_0004" 7119
"/Engine/EngineMaterials/Substrate/GLints/dict_16_192_64_0p5_0p02_0055_0003" 7120
"/Engine/EngineMaterials/Substrate/GLints/dict_16_192_64_0p5_0p02_0055_0002" 7121
"/Engine/EngineMaterials/Substrate/GLints/dict_16_192_64_0p5_0p02_0055_0001" 7122
"/Engine/EngineMaterials/Substrate/GLints/dict_16_192_64_0p5_0p02_0055_0007" 7123
"../../../Engine/Content/EngineMaterials/Substrate/GLints/dict_16_192_64_0p5_0p02_0055_0010.uasset" 7124
"../../../Engine/Content/EngineMaterials/Substrate/GLints/dict_16_192_64_0p5_0p02_0055_0009.uasset" 7125
"../../../Engine/Content/EngineMaterials/Substrate/GLints/dict_16_192_64_0p5_0p02_0055_0015.uasset" 7126
"../../../Engine/Content/EngineMaterials/Substrate/GLints/dict_16_192_64_0p5_0p02_0055_0013.uasset" 7127
"../../../Engine/Content/EngineMaterials/Substrate/GLints/dict_16_192_64_0p5_0p02_0055_0012.uasset" 7128
"../../../Engine/Content/EngineMaterials/Substrate/GLints/dict_16_192_64_0p5_0p02_0055_0011.uasset" 7129
"../../../Engine/Content/EngineMaterials/Substrate/GLints/dict_16_192_64_0p5_0p02_0055_0014.uasset" 7130
"../../../Engine/Content/EngineMaterials/Substrate/GLints/dict_16_192_64_0p5_0p02_0056_0001.uasset" 7131
"../../../Engine/Content/EngineMaterials/Substrate/GLints/dict_16_192_64_0p5_0p02_0056_0004.uasset" 7132
"../../../Engine/Content/EngineMaterials/Substrate/GLints/dict_16_192_64_0p5_0p02_0056_0000.uasset" 7133
"../../../Engine/Content/EngineMaterials/Substrate/GLints/dict_16_192_64_0p5_0p02_0056_0005.uasset" 7134
"../../../Engine/Content/EngineMaterials/Substrate/GLints/dict_16_192_64_0p5_0p02_0056_0003.uasset" 7135
"/Engine/EngineMaterials/Substrate/GLints/dict_16_192_64_0p5_0p02_0055_0011" 7136
"../../../Engine/Content/EngineMaterials/Substrate/GLints/dict_16_192_64_0p5_0p02_0056_0002.uasset" 7137
"/Engine/EngineMaterials/Substrate/GLints/dict_16_192_64_0p5_0p02_0056_0003" 7138
"/Engine/EngineMaterials/Substrate/GLints/dict_16_192_64_0p5_0p02_0055_0010" 7139
"/Engine/EngineMaterials/Substrate/GLints/dict_16_192_64_0p5_0p02_0056_0001" 7140
"/Engine/EngineMaterials/Substrate/GLints/dict_16_192_64_0p5_0p02_0055_0009" 7141
"/Engine/EngineMaterials/Substrate/GLints/dict_16_192_64_0p5_0p02_0056_0000" 7142
"/Engine/EngineMaterials/Substrate/GLints/dict_16_192_64_0p5_0p02_0055_0012" 7143
"/Engine/EngineMaterials/Substrate/GLints/dict_16_192_64_0p5_0p02_0055_0015" 7144
"/Engine/EngineMaterials/Substrate/GLints/dict_16_192_64_0p5_0p02_0055_0014" 7145
"/Engine/EngineMaterials/Substrate/GLints/dict_16_192_64_0p5_0p02_0056_0005" 7146
"/Engine/EngineMaterials/Substrate/GLints/dict_16_192_64_0p5_0p02_0056_0004" 7147
"/Engine/EngineMaterials/Substrate/GLints/dict_16_192_64_0p5_0p02_0055_0013" 7148
"/Engine/EngineMaterials/Substrate/GLints/dict_16_192_64_0p5_0p02_0056_0002" 7149
"../../../Engine/Content/EngineMaterials/Substrate/GLints/dict_16_192_64_0p5_0p02_0056_0006.uasset" 7150
"../../../Engine/Content/EngineMaterials/Substrate/GLints/dict_16_192_64_0p5_0p02_0056_0010.uasset" 7151
"../../../Engine/Content/EngineMaterials/Substrate/GLints/dict_16_192_64_0p5_0p02_0056_0008.uasset" 7152
"../../../Engine/Content/EngineMaterials/Substrate/GLints/dict_16_192_64_0p5_0p02_0056_0011.uasset" 7153
"../../../Engine/Content/EngineMaterials/Substrate/GLints/dict_16_192_64_0p5_0p02_0056_0009.uasset" 7154
"../../../Engine/Content/EngineMaterials/Substrate/GLints/dict_16_192_64_0p5_0p02_0056_0012.uasset" 7155
"../../../Engine/Content/EngineMaterials/Substrate/GLints/dict_16_192_64_0p5_0p02_0056_0007.uasset" 7156
"../../../Engine/Content/EngineMaterials/Substrate/GLints/dict_16_192_64_0p5_0p02_0056_0015.uasset" 7157
"../../../Engine/Content/EngineMaterials/Substrate/GLints/dict_16_192_64_0p5_0p02_0056_0014.uasset" 7158
"../../../Engine/Content/EngineMaterials/Substrate/GLints/dict_16_192_64_0p5_0p02_0057_0003.uasset" 7159
"../../../Engine/Content/EngineMaterials/Substrate/GLints/dict_16_192_64_0p5_0p02_0057_0000.uasset" 7160
"../../../Engine/Content/EngineMaterials/Substrate/GLints/dict_16_192_64_0p5_0p02_0056_0013.uasset" 7161
"../../../Engine/Content/EngineMaterials/Substrate/GLints/dict_16_192_64_0p5_0p02_0057_0002.uasset" 7162
"../../../Engine/Content/EngineMaterials/Substrate/GLints/dict_16_192_64_0p5_0p02_0057_0001.uasset" 7163
"/Engine/EngineMaterials/Substrate/GLints/dict_16_192_64_0p5_0p02_0056_0010" 7164
"/Engine/EngineMaterials/Substrate/GLints/dict_16_192_64_0p5_0p02_0057_0002" 7165
"/Engine/EngineMaterials/Substrate/GLints/dict_16_192_64_0p5_0p02_0056_0009" 7166
"/Engine/EngineMaterials/Substrate/GLints/dict_16_192_64_0p5_0p02_0056_0008" 7167
"/Engine/EngineMaterials/Substrate/GLints/dict_16_192_64_0p5_0p02_0057_0001" 7168
"/Engine/EngineMaterials/Substrate/GLints/dict_16_192_64_0p5_0p02_0057_0000" 7169
"/Engine/EngineMaterials/Substrate/GLints/dict_16_192_64_0p5_0p02_0056_0015" 7170
"/Engine/EngineMaterials/Substrate/GLints/dict_16_192_64_0p5_0p02_0056_0014" 7171
"/Engine/EngineMaterials/Substrate/GLints/dict_16_192_64_0p5_0p02_0056_0013" 7172
"/Engine/EngineMaterials/Substrate/GLints/dict_16_192_64_0p5_0p02_0056_0007" 7173
"/Engine/EngineMaterials/Substrate/GLints/dict_16_192_64_0p5_0p02_0056_0012" 7174
"/Engine/EngineMaterials/Substrate/GLints/dict_16_192_64_0p5_0p02_0056_0011" 7175
"../../../Engine/Content/EngineMaterials/Substrate/GLints/dict_16_192_64_0p5_0p02_0057_0004.uasset" 7176
"../../../Engine/Content/EngineMaterials/Substrate/GLints/dict_16_192_64_0p5_0p02_0057_0006.uasset" 7177
"../../../Engine/Content/EngineMaterials/Substrate/GLints/dict_16_192_64_0p5_0p02_0057_0008.uasset" 7178
"../../../Engine/Content/EngineMaterials/Substrate/GLints/dict_16_192_64_0p5_0p02_0057_0010.uasset" 7179
"../../../Engine/Content/EngineMaterials/Substrate/GLints/dict_16_192_64_0p5_0p02_0057_0007.uasset" 7180
"../../../Engine/Content/EngineMaterials/Substrate/GLints/dict_16_192_64_0p5_0p02_0057_0005.uasset" 7181
"../../../Engine/Content/EngineMaterials/Substrate/GLints/dict_16_192_64_0p5_0p02_0057_0009.uasset" 7182
"/Engine/EngineMaterials/Substrate/GLints/dict_16_192_64_0p5_0p02_0056_0006" 7183
"/Engine/EngineMaterials/Substrate/GLints/dict_16_192_64_0p5_0p02_0057_0003" 7184
"/Engine/EngineMaterials/Substrate/GLints/dict_16_192_64_0p5_0p02_0057_0010" 7185
"/Engine/EngineMaterials/Substrate/GLints/dict_16_192_64_0p5_0p02_0057_0009" 7186
"/Engine/EngineMaterials/Substrate/GLints/dict_16_192_64_0p5_0p02_0057_0008" 7187
"/Engine/EngineMaterials/Substrate/GLints/dict_16_192_64_0p5_0p02_0057_0007" 7188
"/Engine/EngineMaterials/Substrate/GLints/dict_16_192_64_0p5_0p02_0057_0006" 7189
"/Engine/EngineMaterials/Substrate/GLints/dict_16_192_64_0p5_0p02_0057_0005" 7190
"../../../Engine/Content/EngineMaterials/Substrate/GLints/dict_16_192_64_0p5_0p02_0046_0015.uasset" 7191
"/Engine/EngineMaterials/Substrate/GLints/dict_16_192_64_0p5_0p02_0057_0004" 7192
"/Engine/EngineMaterials/Substrate/GLints/dict_16_192_64_0p5_0p02_0046_0015" 7193
"../../../Engine/Content/EngineMaterials/Substrate/GLints/dict_16_192_64_0p5_0p02_0057_0015.uasset" 7194
"../../../Engine/Content/EngineMaterials/Substrate/GLints/dict_16_192_64_0p5_0p02_0057_0013.uasset" 7195
"../../../Engine/Content/EngineMaterials/Substrate/GLints/dict_16_192_64_0p5_0p02_0057_0011.uasset" 7196
"../../../Engine/Content/EngineMaterials/Substrate/GLints/dict_16_192_64_0p5_0p02_0057_0014.uasset" 7197
"../../../Engine/Content/EngineMaterials/Substrate/GLints/dict_16_192_64_0p5_0p02_0057_0012.uasset" 7198
"../../../Engine/Content/EngineMaterials/Substrate/GLints/dict_16_192_64_0p5_0p02_0058_0000.uasset" 7199
"../../../Engine/Content/EngineMaterials/Substrate/GLints/dict_16_192_64_0p5_0p02_0058_0001.uasset" 7200
"../../../Engine/Content/EngineMaterials/Substrate/GLints/dict_16_192_64_0p5_0p02_0058_0006.uasset" 7201
"../../../Engine/Content/EngineMaterials/Substrate/GLints/dict_16_192_64_0p5_0p02_0058_0004.uasset" 7202
"../../../Engine/Content/EngineMaterials/Substrate/GLints/dict_16_192_64_0p5_0p02_0058_0007.uasset" 7203
"../../../Engine/Content/EngineMaterials/Substrate/GLints/dict_16_192_64_0p5_0p02_0058_0005.uasset" 7204
"../../../Engine/Content/EngineMaterials/Substrate/GLints/dict_16_192_64_0p5_0p02_0058_0003.uasset" 7205
"/Engine/EngineMaterials/Substrate/GLints/dict_16_192_64_0p5_0p02_0057_0014" 7206
"/Engine/EngineMaterials/Substrate/GLints/dict_16_192_64_0p5_0p02_0057_0013" 7207
"/Engine/EngineMaterials/Substrate/GLints/dict_16_192_64_0p5_0p02_0057_0012" 7208
"/Engine/EngineMaterials/Substrate/GLints/dict_16_192_64_0p5_0p02_0057_0015" 7209
"../../../Engine/Content/EngineMaterials/Substrate/GLints/dict_16_192_64_0p5_0p02_0048_0001.uasset" 7210
"../../../Engine/Content/EngineMaterials/Substrate/GLints/dict_16_192_64_0p5_0p02_0058_0008.uasset" 7211
"/Engine/EngineMaterials/Substrate/GLints/dict_16_192_64_0p5_0p02_0057_0011" 7212
"/Engine/EngineMaterials/Substrate/GLints/dict_16_192_64_0p5_0p02_0058_0006" 7213
"/Engine/EngineMaterials/Substrate/GLints/dict_16_192_64_0p5_0p02_0058_0004" 7214
"../../../Engine/Content/EngineMaterials/Substrate/GLints/dict_16_192_64_0p5_0p02_0058_0009.uasset" 7215
"/Engine/EngineMaterials/Substrate/GLints/dict_16_192_64_0p5_0p02_0058_0001" 7216
"../../../Engine/Content/EngineMaterials/Substrate/GLints/dict_16_192_64_0p5_0p02_0058_0014.uasset" 7217
"../../../Engine/Content/EngineMaterials/Substrate/GLints/dict_16_192_64_0p5_0p02_0058_0010.uasset" 7218
"../../../Engine/Content/EngineMaterials/Substrate/GLints/dict_16_192_64_0p5_0p02_0058_0011.uasset" 7219
"../../../Engine/Content/EngineMaterials/Substrate/GLints/dict_16_192_64_0p5_0p02_0058_0013.uasset" 7220
"../../../Engine/Content/EngineMaterials/Substrate/GLints/dict_16_192_64_0p5_0p02_0058_0012.uasset" 7221
"/Engine/EngineMaterials/Substrate/GLints/dict_16_192_64_0p5_0p02_0058_0000" 7222
"/Engine/EngineMaterials/Substrate/GLints/dict_16_192_64_0p5_0p02_0058_0013" 7223
"/Engine/EngineMaterials/Substrate/GLints/dict_16_192_64_0p5_0p02_0058_0012" 7224
"/Engine/EngineMaterials/Substrate/GLints/dict_16_192_64_0p5_0p02_0048_0001" 7225
"../../../Engine/Content/EngineMaterials/Substrate/GLints/dict_16_192_64_0p5_0p02_0059_0000.uasset" 7226
"/Engine/EngineMaterials/Substrate/GLints/dict_16_192_64_0p5_0p02_0058_0011" 7227
"/Engine/EngineMaterials/Substrate/GLints/dict_16_192_64_0p5_0p02_0058_0010" 7228
"../../../Engine/Content/EngineMaterials/Substrate/GLints/dict_16_192_64_0p5_0p02_0059_0001.uasset" 7229
"../../../Engine/Content/EngineMaterials/Substrate/GLints/dict_16_192_64_0p5_0p02_0053_0010.uasset" 7230
"../../../Engine/Content/EngineMaterials/Substrate/GLints/dict_16_192_64_0p5_0p02_0059_0002.uasset" 7231
"../../../Engine/Content/EngineMaterials/Substrate/GLints/dict_16_192_64_0p5_0p02_0059_0004.uasset" 7232
"../../../Engine/Content/EngineMaterials/Substrate/GLints/dict_16_192_64_0p5_0p02_0059_0005.uasset" 7233
"/Engine/EngineMaterials/Substrate/GLints/dict_16_192_64_0p5_0p02_0058_0009" 7234
"../../../Engine/Content/EngineMaterials/Substrate/GLints/dict_16_192_64_0p5_0p02_0047_0011.uasset" 7235
"../../../Engine/Content/EngineMaterials/Substrate/GLints/dict_16_192_64_0p5_0p02_0053_0011.uasset" 7236
"/Engine/EngineMaterials/Substrate/GLints/dict_16_192_64_0p5_0p02_0058_0008" 7237
"../../../Engine/Content/EngineMaterials/Substrate/GLints/dict_16_192_64_0p5_0p02_0059_0003.uasset" 7238
"/Engine/EngineMaterials/Substrate/GLints/dict_16_192_64_0p5_0p02_0058_0007" 7239
"/Engine/EngineMaterials/Substrate/GLints/dict_16_192_64_0p5_0p02_0058_0005" 7240
"/Engine/EngineMaterials/Substrate/GLints/dict_16_192_64_0p5_0p02_0058_0003" 7241
"/Engine/EngineMaterials/Substrate/GLints/dict_16_192_64_0p5_0p02_0058_0014" 7242
"/Engine/EngineMaterials/Substrate/GLints/dict_16_192_64_0p5_0p02_0053_0011" 7243
"/Engine/EngineMaterials/Substrate/GLints/dict_16_192_64_0p5_0p02_0053_0010" 7244
"/Engine/EngineMaterials/Substrate/GLints/dict_16_192_64_0p5_0p02_0059_0004" 7245
"/Engine/EngineMaterials/Substrate/GLints/dict_16_192_64_0p5_0p02_0059_0005" 7246
"/Engine/EngineMaterials/Substrate/GLints/dict_16_192_64_0p5_0p02_0059_0003" 7247
"/Engine/EngineMaterials/Substrate/GLints/dict_16_192_64_0p5_0p02_0059_0002" 7248
"/Engine/EngineMaterials/Substrate/GLints/dict_16_192_64_0p5_0p02_0059_0001" 7249
"/Engine/EngineMaterials/Substrate/GLints/dict_16_192_64_0p5_0p02_0059_0000" 7250
"/Engine/EngineMaterials/Substrate/GLints/dict_16_192_64_0p5_0p02_0047_0011" 7251
"../../../Engine/Content/EngineMaterials/Substrate/GLints/dict_16_192_64_0p5_0p02_0059_0006.uasset" 7252
"../../../Engine/Content/EngineMaterials/Substrate/GLints/dict_16_192_64_0p5_0p02_0059_0014.uasset" 7253
"../../../Engine/Content/EngineMaterials/Substrate/GLints/dict_16_192_64_0p5_0p02_0059_0010.uasset" 7254
"../../../Engine/Content/EngineMaterials/Substrate/GLints/dict_16_192_64_0p5_0p02_0059_0008.uasset" 7255
"../../../Engine/Content/EngineMaterials/Substrate/GLints/dict_16_192_64_0p5_0p02_0059_0009.uasset" 7256
"../../../Engine/Content/EngineMaterials/Substrate/GLints/dict_16_192_64_0p5_0p02_0059_0007.uasset" 7257
"../../../Engine/Content/EngineMaterials/Substrate/GLints/dict_16_192_64_0p5_0p02_0059_0012.uasset" 7258
"../../../Engine/Content/EngineMaterials/Substrate/GLints/dict_16_192_64_0p5_0p02_0059_0013.uasset" 7259
"/Engine/EngineMaterials/Substrate/GLints/dict_16_192_64_0p5_0p02_0059_0014" 7260
"../../../Engine/Content/EngineMaterials/Substrate/GLints/dict_16_192_64_0p5_0p02_0060_0004.uasset" 7261
"../../../Engine/Content/EngineMaterials/Substrate/GLints/dict_16_192_64_0p5_0p02_0060_0002.uasset" 7262
"../../../Engine/Content/EngineMaterials/Substrate/GLints/dict_16_192_64_0p5_0p02_0059_0015.uasset" 7263
"../../../Engine/Content/EngineMaterials/Substrate/GLints/dict_16_192_64_0p5_0p02_0060_0003.uasset" 7264
"../../../Engine/Content/EngineMaterials/Substrate/GLints/dict_16_192_64_0p5_0p02_0060_0000.uasset" 7265
"/Engine/EngineMaterials/Substrate/GLints/dict_16_192_64_0p5_0p02_0059_0013" 7266
"../../../Engine/Content/EngineMaterials/Substrate/GLints/dict_16_192_64_0p5_0p02_0060_0001.uasset" 7267
"../../../Engine/Content/EngineMaterials/Substrate/GLints/dict_16_192_64_0p5_0p02_0060_0006.uasset" 7268
"../../../Engine/Content/EngineMaterials/Substrate/GLints/dict_16_192_64_0p5_0p02_0060_0005.uasset" 7269
"../../../Engine/Content/EngineMaterials/Substrate/GLints/dict_16_192_64_0p5_0p02_0060_0007.uasset" 7270
"/Engine/EngineMaterials/Substrate/GLints/dict_16_192_64_0p5_0p02_0059_0012" 7271
"/Engine/EngineMaterials/Substrate/GLints/dict_16_192_64_0p5_0p02_0059_0010" 7272
"/Engine/EngineMaterials/Substrate/GLints/dict_16_192_64_0p5_0p02_0059_0009" 7273
"/Engine/EngineMaterials/Substrate/GLints/dict_16_192_64_0p5_0p02_0059_0008" 7274
"/Engine/EngineMaterials/Substrate/GLints/dict_16_192_64_0p5_0p02_0059_0007" 7275
"/Engine/EngineMaterials/Substrate/GLints/dict_16_192_64_0p5_0p02_0059_0006" 7276
"/Engine/EngineMaterials/Substrate/GLints/dict_16_192_64_0p5_0p02_0060_0007" 7277
"/Engine/EngineMaterials/Substrate/GLints/dict_16_192_64_0p5_0p02_0060_0006" 7278
"/Engine/EngineMaterials/Substrate/GLints/dict_16_192_64_0p5_0p02_0060_0005" 7279
"/Engine/EngineMaterials/Substrate/GLints/dict_16_192_64_0p5_0p02_0060_0004" 7280
"/Engine/EngineMaterials/Substrate/GLints/dict_16_192_64_0p5_0p02_0060_0003" 7281
"/Engine/EngineMaterials/Substrate/GLints/dict_16_192_64_0p5_0p02_0060_0002" 7282
"/Engine/EngineMaterials/Substrate/GLints/dict_16_192_64_0p5_0p02_0060_0001" 7283
"/Engine/EngineMaterials/Substrate/GLints/dict_16_192_64_0p5_0p02_0060_0000" 7284
"../../../Engine/Content/EngineMaterials/Substrate/GLints/dict_16_192_64_0p5_0p02_0060_0012.uasset" 7285
"../../../Engine/Content/EngineMaterials/Substrate/GLints/dict_16_192_64_0p5_0p02_0060_0008.uasset" 7286
"../../../Engine/Content/EngineMaterials/Substrate/GLints/dict_16_192_64_0p5_0p02_0060_0009.uasset" 7287
"../../../Engine/Content/EngineMaterials/Substrate/GLints/dict_16_192_64_0p5_0p02_0060_0011.uasset" 7288
"../../../Engine/Content/EngineMaterials/Substrate/GLints/dict_16_192_64_0p5_0p02_0061_0000.uasset" 7289
"../../../Engine/Content/EngineMaterials/Substrate/GLints/dict_16_192_64_0p5_0p02_0060_0015.uasset" 7290
"../../../Engine/Content/EngineMaterials/Substrate/GLints/dict_16_192_64_0p5_0p02_0060_0014.uasset" 7291
"/Engine/EngineMaterials/Substrate/GLints/dict_16_192_64_0p5_0p02_0059_0015" 7292
"../../../Engine/Content/EngineMaterials/Substrate/GLints/dict_16_192_64_0p5_0p02_0060_0013.uasset" 7293
"/Engine/EngineMaterials/Substrate/GLints/dict_16_192_64_0p5_0p02_0060_0009" 7294
"/Engine/EngineMaterials/Substrate/GLints/dict_16_192_64_0p5_0p02_0060_0008" 7295
"/Engine/EngineMaterials/Substrate/GLints/dict_16_192_64_0p5_0p02_0061_0000" 7296
"/Engine/EngineMaterials/Substrate/GLints/dict_16_192_64_0p5_0p02_0060_0015" 7297
"/Engine/EngineMaterials/Substrate/GLints/dict_16_192_64_0p5_0p02_0060_0014" 7298
"/Engine/EngineMaterials/Substrate/GLints/dict_16_192_64_0p5_0p02_0060_0013" 7299
"/Engine/EngineMaterials/Substrate/GLints/dict_16_192_64_0p5_0p02_0060_0012" 7300
"/Engine/EngineMaterials/Substrate/GLints/dict_16_192_64_0p5_0p02_0060_0011" 7301
"../../../Engine/Content/EngineMaterials/Substrate/GLints/dict_16_192_64_0p5_0p02_0061_0002.uasset" 7302
"../../../Engine/Content/EngineMaterials/Substrate/GLints/dict_16_192_64_0p5_0p02_0061_0008.uasset" 7303
"../../../Engine/Content/EngineMaterials/Substrate/GLints/dict_16_192_64_0p5_0p02_0061_0003.uasset" 7304
"../../../Engine/Content/EngineMaterials/Substrate/GLints/dict_16_192_64_0p5_0p02_0061_0004.uasset" 7305
"../../../Engine/Content/EngineMaterials/Substrate/GLints/dict_16_192_64_0p5_0p02_0061_0007.uasset" 7306
"../../../Engine/Content/EngineMaterials/Substrate/GLints/dict_16_192_64_0p5_0p02_0061_0001.uasset" 7307
"../../../Engine/Content/EngineMaterials/Substrate/GLints/dict_16_192_64_0p5_0p02_0061_0005.uasset" 7308
"../../../Engine/Content/EngineMaterials/Substrate/GLints/dict_16_192_64_0p5_0p02_0061_0006.uasset" 7309
"../../../Engine/Content/EngineMaterials/Substrate/GLints/dict_16_192_64_0p5_0p02_0060_0010.uasset" 7310
"/Engine/EngineMaterials/Substrate/GLints/dict_16_192_64_0p5_0p02_0061_0008" 7311
"../../../Engine/Content/EngineMaterials/Substrate/GLints/dict_16_192_64_0p5_0p02_0061_0009.uasset" 7312
"../../../Engine/Content/EngineMaterials/Substrate/GLints/dict_16_192_64_0p5_0p02_0061_0010.uasset" 7313
"../../../Engine/Content/EngineMaterials/Substrate/GLints/dict_16_192_64_0p5_0p02_0061_0013.uasset" 7314
"../../../Engine/Content/EngineMaterials/Substrate/GLints/dict_16_192_64_0p5_0p02_0061_0014.uasset" 7315
"../../../Engine/Content/EngineMaterials/Substrate/GLints/dict_16_192_64_0p5_0p02_0061_0012.uasset" 7316
"/Engine/EngineMaterials/Substrate/GLints/dict_16_192_64_0p5_0p02_0061_0002" 7317
"/Engine/EngineMaterials/Substrate/GLints/dict_16_192_64_0p5_0p02_0061_0001" 7318
"/Engine/EngineMaterials/Substrate/GLints/dict_16_192_64_0p5_0p02_0061_0007" 7319
"/Engine/EngineMaterials/Substrate/GLints/dict_16_192_64_0p5_0p02_0061_0006" 7320
"/Engine/EngineMaterials/Substrate/GLints/dict_16_192_64_0p5_0p02_0061_0005" 7321
"../../../Engine/Content/EngineMaterials/Substrate/GLints/dict_16_192_64_0p5_0p02_0062_0001.uasset" 7322
"../../../Engine/Content/EngineMaterials/Substrate/GLints/dict_16_192_64_0p5_0p02_0061_0011.uasset" 7323
"../../../Engine/Content/EngineMaterials/Substrate/GLints/dict_16_192_64_0p5_0p02_0062_0000.uasset" 7324
"/Engine/EngineMaterials/Substrate/GLints/dict_16_192_64_0p5_0p02_0061_0004" 7325
"../../../Engine/Content/EngineMaterials/Substrate/GLints/dict_16_192_64_0p5_0p02_0061_0015.uasset" 7326
"/Engine/EngineMaterials/Substrate/GLints/dict_16_192_64_0p5_0p02_0060_0010" 7327
"/Engine/EngineMaterials/Substrate/GLints/dict_16_192_64_0p5_0p02_0061_0003" 7328
"/Engine/EngineMaterials/Substrate/GLints/dict_16_192_64_0p5_0p02_0062_0001" 7329
"/Engine/EngineMaterials/Substrate/GLints/dict_16_192_64_0p5_0p02_0061_0010" 7330
"/Engine/EngineMaterials/Substrate/GLints/dict_16_192_64_0p5_0p02_0061_0009" 7331
"/Engine/EngineMaterials/Substrate/GLints/dict_16_192_64_0p5_0p02_0062_0000" 7332
"/Engine/EngineMaterials/Substrate/GLints/dict_16_192_64_0p5_0p02_0061_0015" 7333
"../../../Engine/Content/EngineMaterials/Substrate/GLints/dict_16_192_64_0p5_0p02_0062_0006.uasset" 7334
"../../../Engine/Content/EngineMaterials/Substrate/GLints/dict_16_192_64_0p5_0p02_0062_0002.uasset" 7335
"/Engine/EngineMaterials/Substrate/GLints/dict_16_192_64_0p5_0p02_0061_0014" 7336
"../../../Engine/Content/EngineMaterials/Substrate/GLints/dict_16_192_64_0p5_0p02_0062_0005.uasset" 7337
"/Engine/EngineMaterials/Substrate/GLints/dict_16_192_64_0p5_0p02_0061_0013" 7338
"/Engine/EngineMaterials/Substrate/GLints/dict_16_192_64_0p5_0p02_0061_0012" 7339
"/Engine/EngineMaterials/Substrate/GLints/dict_16_192_64_0p5_0p02_0061_0011" 7340
"../../../Engine/Content/EngineMaterials/Substrate/GLints/dict_16_192_64_0p5_0p02_0062_0003.uasset" 7341
"../../../Engine/Content/EngineMaterials/Substrate/GLints/dict_16_192_64_0p5_0p02_0062_0009.uasset" 7342
"../../../Engine/Content/EngineMaterials/Substrate/GLints/dict_16_192_64_0p5_0p02_0062_0008.uasset" 7343
"../../../Engine/Content/EngineMaterials/Substrate/GLints/dict_16_192_64_0p5_0p02_0062_0004.uasset" 7344
"/Engine/EngineMaterials/Substrate/GLints/dict_16_192_64_0p5_0p02_0062_0003" 7345
"/Engine/EngineMaterials/Substrate/GLints/dict_16_192_64_0p5_0p02_0062_0002" 7346
"/Engine/EngineMaterials/Substrate/GLints/dict_16_192_64_0p5_0p02_0062_0009" 7347
"/Engine/EngineMaterials/Substrate/GLints/dict_16_192_64_0p5_0p02_0062_0008" 7348
"/Engine/EngineMaterials/Substrate/GLints/dict_16_192_64_0p5_0p02_0062_0006" 7349
"/Engine/EngineMaterials/Substrate/GLints/dict_16_192_64_0p5_0p02_0062_0005" 7350
"../../../Engine/Content/EngineMaterials/Substrate/GLints/dict_16_192_64_0p5_0p02_0062_0010.uasset" 7351
"/Engine/EngineMaterials/Substrate/GLints/dict_16_192_64_0p5_0p02_0062_0004" 7352
"/Engine/EngineMaterials/Substrate/GLints/dict_16_192_64_0p5_0p02_0062_0010" 7353
"../../../Engine/Content/EngineMaterials/Substrate/GLints/dict_16_192_64_0p5_0p02_0062_0011.uasset" 7354
"../../../Engine/Content/EngineMaterials/Substrate/GLints/dict_16_192_64_0p5_0p02_0062_0013.uasset" 7355
"../../../Engine/Content/EngineMaterials/Substrate/GLints/dict_16_192_64_0p5_0p02_0062_0012.uasset" 7356
"../../../Engine/Content/EngineMaterials/Substrate/GLints/dict_16_192_64_0p5_0p02_0063_0001.uasset" 7357
"../../../Engine/Content/EngineMaterials/Substrate/GLints/dict_16_192_64_0p5_0p02_0063_0000.uasset" 7358
"../../../Engine/Content/EngineMaterials/Substrate/GLints/dict_16_192_64_0p5_0p02_0062_0014.uasset" 7359
"../../../Engine/Content/EngineMaterials/Substrate/GLints/dict_16_192_64_0p5_0p02_0062_0007.uasset" 7360
"../../../Engine/Content/EngineMaterials/Substrate/GLints/dict_16_192_64_0p5_0p02_0062_0015.uasset" 7361
"../../../Engine/Content/EngineMaterials/Substrate/GLints/dict_16_192_64_0p5_0p02_0063_0005.uasset" 7362
"../../../Engine/Content/EngineMaterials/Substrate/GLints/dict_16_192_64_0p5_0p02_0063_0002.uasset" 7363
"../../../Engine/Content/EngineMaterials/Substrate/GLints/dict_16_192_64_0p5_0p02_0063_0003.uasset" 7364
"/Engine/EngineMaterials/Substrate/GLints/dict_16_192_64_0p5_0p02_0062_0011" 7365
"../../../Engine/Content/EngineMaterials/Substrate/GLints/dict_16_192_64_0p5_0p02_0063_0007.uasset" 7366
"../../../Engine/Content/EngineMaterials/Substrate/GLints/dict_16_192_64_0p5_0p02_0063_0006.uasset" 7367
"../../../Engine/Content/EngineMaterials/Substrate/GLints/dict_16_192_64_0p5_0p02_0063_0004.uasset" 7368
"/Engine/EngineMaterials/Substrate/GLints/dict_16_192_64_0p5_0p02_0063_0003" 7369
"/Engine/EngineMaterials/Substrate/GLints/dict_16_192_64_0p5_0p02_0063_0002" 7370
"../../../Engine/Content/EngineMaterials/Substrate/GLints/dict_16_192_64_0p5_0p02_0063_0008.uasset" 7371
"/Engine/EngineMaterials/Substrate/GLints/dict_16_192_64_0p5_0p02_0063_0001" 7372
"../../../Engine/Content/EngineMaterials/Substrate/GLints/dict_16_192_64_0p5_0p02_0063_0011.uasset" 7373
"../../../Engine/Content/EngineMaterials/Substrate/GLints/dict_16_192_64_0p5_0p02_0063_0010.uasset" 7374
"../../../Engine/Content/EngineMaterials/Substrate/GLints/dict_16_192_64_0p5_0p02_0063_0013.uasset" 7375
"../../../Engine/Content/EngineMaterials/Substrate/GLints/dict_16_192_64_0p5_0p02_0063_0009.uasset" 7376
"../../../Engine/Content/EngineMaterials/Substrate/GLints/dict_16_192_64_0p5_0p02_0063_0012.uasset" 7377
"/Engine/EngineMaterials/Substrate/GLints/dict_16_192_64_0p5_0p02_0062_0007" 7378
"/Engine/EngineMaterials/Substrate/GLints/dict_16_192_64_0p5_0p02_0063_0000" 7379
"/Engine/EngineMaterials/Substrate/GLints/dict_16_192_64_0p5_0p02_0062_0015" 7380
"/Engine/EngineMaterials/Substrate/GLints/dict_16_192_64_0p5_0p02_0062_0014" 7381
"/Engine/EngineMaterials/Substrate/GLints/dict_16_192_64_0p5_0p02_0063_0005" 7382
"/Engine/EngineMaterials/Substrate/GLints/dict_16_192_64_0p5_0p02_0062_0013" 7383
"../../../Engine/Content/EngineMaterials/Substrate/GLints/dict_16_192_64_0p5_0p02_0063_0015.uasset" 7384
"../../../Engine/Content/EngineMaterials/Substrate/GLints/dict_16_192_64_0p5_0p02_0063_0014.uasset" 7385
"/Engine/EngineMaterials/Substrate/GLints/dict_16_192_64_0p5_0p02_0062_0012" 7386
"/Engine/EngineMaterials/Substrate/GLints/dict_16_192_64_0p5_0p02_0063_0013" 7387
"../../../Engine/Content/EngineMaterials/Substrate/GLints/AGlintTex2dArray.uasset" 7388
"../../../Engine/Content/EngineMaterials/Substrate/Glints2/dict_0000_0002.uasset" 7389
"../../../Engine/Content/EngineMaterials/Substrate/Glints2/dict_0000_0001.uasset" 7390
"../../../Engine/Content/EngineMaterials/Substrate/Glints2/dict_0000_0000.uasset" 7391
"../../../Engine/Content/EngineMaterials/Substrate/Glints2/dict_0000_0004.uasset" 7392
"/Engine/EngineMaterials/Substrate/GLints/dict_16_192_64_0p5_0p02_0063_0012" 7393
"/Engine/EngineMaterials/Substrate/GLints/dict_16_192_64_0p5_0p02_0063_0011" 7394
"/Engine/EngineMaterials/Substrate/GLints/dict_16_192_64_0p5_0p02_0063_0010" 7395
"/Engine/EngineMaterials/Substrate/GLints/dict_16_192_64_0p5_0p02_0063_0004" 7396
"/Engine/EngineMaterials/Substrate/GLints/dict_16_192_64_0p5_0p02_0063_0009" 7397
"../../../Engine/Content/EngineMaterials/Substrate/Glints2/dict_0000_0003.uasset" 7398
"/Engine/EngineMaterials/Substrate/GLints/dict_16_192_64_0p5_0p02_0063_0008" 7399
"/Engine/EngineMaterials/Substrate/GLints/dict_16_192_64_0p5_0p02_0063_0007" 7400
"/Engine/EngineMaterials/Substrate/GLints/dict_16_192_64_0p5_0p02_0063_0006" 7401
"/Engine/EngineMaterials/Substrate/GLints/dict_16_192_64_0p5_0p02_0063_0015" 7402
"../../../Engine/Content/EngineMaterials/Substrate/Glints2/dict_0000_0005.uasset" 7403
"/Engine/EngineMaterials/Substrate/GLints/dict_16_192_64_0p5_0p02_0063_0014" 7404
"../../../Engine/Content/EngineMaterials/Substrate/Glints2/dict_0000_0006.uasset" 7405
"../../../Engine/Content/EngineMaterials/Substrate/Glints2/dict_0000_0007.uasset" 7406
"../../../Engine/Content/EngineMaterials/Substrate/Glints2/dict_0000_0010.uasset" 7407
"../../../Engine/Content/EngineMaterials/Substrate/Glints2/dict_0000_0011.uasset" 7408
"../../../Engine/Content/EngineMaterials/Substrate/Glints2/dict_0000_0009.uasset" 7409
"/Engine/EngineMaterials/Substrate/Glints2/dict_0000_0004" 7410
"/Engine/EngineMaterials/Substrate/Glints2/dict_0000_0003" 7411
"/Engine/EngineMaterials/Substrate/Glints2/dict_0000_0002" 7412
"../../../Engine/Content/EngineMaterials/Substrate/Glints2/dict_0000_0012.uasset" 7413
"/Engine/EngineMaterials/Substrate/Glints2/dict_0000_0001" 7414
"../../../Engine/Content/EngineMaterials/Substrate/Glints2/dict_0000_0008.uasset" 7415
"/Engine/EngineMaterials/Substrate/Glints2/dict_0000_0000" 7416
"/Engine/EngineMaterials/Substrate/Glints2/dict_0000_0011" 7417
"../../../Engine/Content/EngineMaterials/Substrate/Glints2/dict_0000_0013.uasset" 7418
"../../../Engine/Content/EngineMaterials/Substrate/Glints2/dict_0000_0014.uasset" 7419
"/Engine/EngineMaterials/Substrate/Glints2/dict_0000_0010" 7420
"../../../Engine/Content/EngineMaterials/Substrate/Glints2/dict_0000_0015.uasset" 7421
"../../../Engine/Content/EngineMaterials/Substrate/Glints2/dict_0000_0017.uasset" 7422
"../../../Engine/Content/EngineMaterials/Substrate/Glints2/dict_0000_0016.uasset" 7423
"/Engine/EngineMaterials/Substrate/Glints2/dict_0000_0009" 7424
"../../../Engine/Content/EngineMaterials/Substrate/Glints2/dict_0000_0018.uasset" 7425
"/Engine/EngineMaterials/Substrate/Glints2/dict_0000_0007" 7426
"../../../Engine/Content/EngineMaterials/Substrate/Glints2/dict_0000_0019.uasset" 7427
"../../../Engine/Content/EngineMaterials/Substrate/Glints2/dict_0000_0021.uasset" 7428
"/Engine/EngineMaterials/Substrate/Glints2/dict_0000_0006" 7429
"/Engine/EngineMaterials/Substrate/Glints2/dict_0000_0005" 7430
"/Engine/EngineMaterials/Substrate/Glints2/dict_0000_0015" 7431
"/Engine/EngineMaterials/Substrate/Glints2/dict_0000_0021" 7432
"/Engine/EngineMaterials/Substrate/Glints2/dict_0000_0014" 7433
"/Engine/EngineMaterials/Substrate/Glints2/dict_0000_0013" 7434
"../../../Engine/Content/EngineMaterials/Substrate/Glints2/dict_0000_0020.uasset" 7435
"/Engine/EngineMaterials/Substrate/Glints2/dict_0000_0012" 7436
"/Engine/EngineMaterials/Substrate/Glints2/dict_0000_0019" 7437
"/Engine/EngineMaterials/Substrate/Glints2/dict_0000_0018" 7438
"../../../Engine/Content/EngineMaterials/Substrate/Glints2/dict_0000_0022.uasset" 7439
"../../../Engine/Content/EngineMaterials/Substrate/Glints2/dict_0000_0023.uasset" 7440
"../../../Engine/Content/EngineMaterials/Substrate/Glints2/dict_0000_0024.uasset" 7441
"../../../Engine/Content/EngineMaterials/Substrate/Glints2/dict_0000_0025.uasset" 7442
"/Engine/EngineMaterials/Substrate/Glints2/dict_0000_0017" 7443
"../../../Engine/Content/EngineMaterials/Substrate/Glints2/dict_0000_0027.uasset" 7444
"../../../Engine/Content/EngineMaterials/Substrate/Glints2/dict_0000_0029.uasset" 7445
"../../../Engine/Content/EngineMaterials/Substrate/Glints2/dict_0000_0028.uasset" 7446
"/Engine/EngineMaterials/Substrate/Glints2/dict_0000_0008" 7447
"../../../Engine/Content/EngineMaterials/Substrate/Glints2/dict_0000_0026.uasset" 7448
"../../../Engine/Content/EngineMaterials/Substrate/Glints2/dict_0000_0030.uasset" 7449
"/Engine/EngineMaterials/Substrate/Glints2/dict_0000_0016" 7450
"../../../Engine/Content/EngineMaterials/Substrate/Glints2/dict_0000_0033.uasset" 7451
"../../../Engine/Content/EngineMaterials/Substrate/Glints2/dict_0000_0032.uasset" 7452
"../../../Engine/Content/EngineMaterials/Substrate/Glints2/dict_0000_0031.uasset" 7453
"../../../Engine/Content/EngineMaterials/Substrate/Glints2/dict_0000_0034.uasset" 7454
"/Engine/EngineMaterials/Substrate/Glints2/dict_0000_0026" 7455
"/Engine/EngineMaterials/Substrate/Glints2/dict_0000_0025" 7456
"/Engine/EngineMaterials/Substrate/Glints2/dict_0000_0024" 7457
"/Engine/EngineMaterials/Substrate/Glints2/dict_0000_0023" 7458
"../../../Engine/Content/EngineMaterials/Substrate/Glints2/dict_0000_0037.uasset" 7459
"../../../Engine/Content/EngineMaterials/Substrate/Glints2/dict_0000_0035.uasset" 7460
"../../../Engine/Content/EngineMaterials/Substrate/Glints2/dict_0000_0036.uasset" 7461
"/Engine/EngineMaterials/Substrate/Glints2/dict_0000_0022" 7462
"../../../Engine/Content/EngineMaterials/Substrate/Glints2/dict_0000_0041.uasset" 7463
"../../../Engine/Content/EngineMaterials/Substrate/Glints2/dict_0000_0038.uasset" 7464
"../../../Engine/Content/EngineMaterials/Substrate/Glints2/dict_0000_0039.uasset" 7465
"../../../Engine/Content/EngineMaterials/Substrate/Glints2/dict_0000_0040.uasset" 7466
"/Engine/EngineMaterials/Substrate/Glints2/dict_0000_0020" 7467
"/Engine/EngineMaterials/Substrate/Glints2/dict_0000_0034" 7468
"/Engine/EngineMaterials/Substrate/Glints2/dict_0000_0033" 7469
"/Engine/EngineMaterials/Substrate/Glints2/dict_0000_0032" 7470
"/Engine/EngineMaterials/Substrate/Glints2/dict_0000_0031" 7471
"/Engine/EngineMaterials/Substrate/Glints2/dict_0000_0030" 7472
"../../../Engine/Content/EngineMaterials/Substrate/Glints2/dict_0000_0046.uasset" 7473
"/Engine/EngineMaterials/Substrate/Glints2/dict_0000_0029" 7474
"../../../Engine/Content/EngineMaterials/Substrate/Glints2/dict_0000_0044.uasset" 7475
"../../../Engine/Content/EngineMaterials/Substrate/Glints2/dict_0000_0043.uasset" 7476
"../../../Engine/Content/EngineMaterials/Substrate/Glints2/dict_0000_0047.uasset" 7477
"../../../Engine/Content/EngineMaterials/Substrate/Glints2/dict_0000_0045.uasset" 7478
"/Engine/EngineMaterials/Substrate/Glints2/dict_0000_0028" 7479
"/Engine/EngineMaterials/Substrate/Glints2/dict_0000_0027" 7480
"/Engine/EngineMaterials/Substrate/Glints2/dict_0000_0047" 7481
"/Engine/EngineMaterials/Substrate/Glints2/dict_0000_0037" 7482
"/Engine/EngineMaterials/Substrate/Glints2/dict_0000_0036" 7483
"/Engine/EngineMaterials/Substrate/Glints2/dict_0000_0035" 7484
"/Engine/EngineMaterials/Substrate/Glints2/dict_0000_0046" 7485
"/Engine/EngineMaterials/Substrate/Glints2/dict_0000_0045" 7486
"/Engine/EngineMaterials/Substrate/Glints2/dict_0000_0044" 7487
"/Engine/EngineMaterials/Substrate/Glints2/dict_0000_0043" 7488
"/Engine/EngineMaterials/Substrate/Glints2/dict_0000_0041" 7489
"/Engine/EngineMaterials/Substrate/Glints2/dict_0000_0040" 7490
"/Engine/EngineMaterials/Substrate/Glints2/dict_0000_0039" 7491
"/Engine/EngineMaterials/Substrate/Glints2/dict_0000_0038" 7492
"../../../Engine/Content/EngineMaterials/Substrate/Glints2/dict_0000_0052.uasset" 7493
"../../../Engine/Content/EngineMaterials/Substrate/Glints2/dict_0000_0050.uasset" 7494
"../../../Engine/Content/EngineMaterials/Substrate/Glints2/dict_0000_0053.uasset" 7495
"/Engine/EngineMaterials/Substrate/Glints2/dict_0000_0053" 7496
"/Engine/EngineMaterials/Substrate/Glints2/dict_0000_0052" 7497
"/Engine/EngineMaterials/Substrate/Glints2/dict_0000_0050" 7498
"../../../Engine/Content/EngineMaterials/Substrate/Glints2/dict_0000_0057.uasset" 7499
"../../../Engine/Content/EngineMaterials/Substrate/Glints2/dict_0000_0055.uasset" 7500
"../../../Engine/Content/EngineMaterials/Substrate/Glints2/dict_0000_0056.uasset" 7501
"../../../Engine/Content/EngineMaterials/Substrate/Glints2/dict_0000_0049.uasset" 7502
"../../../Engine/Content/EngineMaterials/Substrate/Glints2/dict_0000_0048.uasset" 7503
"../../../Engine/Content/EngineMaterials/Substrate/Glints2/dict_0000_0060.uasset" 7504
"../../../Engine/Content/EngineMaterials/Substrate/Glints2/dict_0000_0059.uasset" 7505
"../../../Engine/Content/EngineMaterials/Substrate/Glints2/dict_0000_0058.uasset" 7506
"/Engine/EngineMaterials/Substrate/Glints2/dict_0000_0060" 7507
"/Engine/EngineMaterials/Substrate/Glints2/dict_0000_0059" 7508
"../../../Engine/Content/EngineMaterials/Substrate/Glints2/dict_0000_0061.uasset" 7509
"/Engine/EngineMaterials/Substrate/Glints2/dict_0000_0058" 7510
"/Engine/EngineMaterials/Substrate/Glints2/dict_0000_0057" 7511
"/Engine/EngineMaterials/Substrate/Glints2/dict_0000_0056" 7512
"/Engine/EngineMaterials/Substrate/Glints2/dict_0000_0055" 7513
"/Engine/EngineMaterials/Substrate/Glints2/dict_0000_0049" 7514
"/Engine/EngineMaterials/Substrate/Glints2/dict_0000_0048" 7515
"/Engine/EngineMaterials/Substrate/Glints2/dict_0000_0061" 7516
"../../../Engine/Content/EngineMaterials/Substrate/Glints2/dict_0000_0062.uasset" 7517
"../../../Engine/Content/EngineMaterials/Substrate/Glints2/dict_0000_0064.uasset" 7518
"../../../Engine/Content/EngineMaterials/Substrate/Glints2/dict_0000_0066.uasset" 7519
"../../../Engine/Content/EngineMaterials/Substrate/Glints2/dict_0000_0065.uasset" 7520
"../../../Engine/Content/EngineMaterials/Substrate/Glints2/dict_0000_0063.uasset" 7521
"../../../Engine/Content/EngineMaterials/Substrate/Glints2/dict_0000_0067.uasset" 7522
"/Engine/EngineMaterials/Substrate/Glints2/dict_0000_0067" 7523
"/Engine/EngineMaterials/Substrate/Glints2/dict_0000_0066" 7524
"/Engine/EngineMaterials/Substrate/Glints2/dict_0000_0065" 7525
"/Engine/EngineMaterials/Substrate/Glints2/dict_0000_0064" 7526
"/Engine/EngineMaterials/Substrate/Glints2/dict_0000_0063" 7527
"/Engine/EngineMaterials/Substrate/Glints2/dict_0000_0062" 7528
"../../../Engine/Content/EngineMaterials/Substrate/Glints2/dict_0000_0068.uasset" 7529
"../../../Engine/Content/EngineMaterials/Substrate/Glints2/dict_0000_0071.uasset" 7530
"../../../Engine/Content/EngineMaterials/Substrate/Glints2/dict_0000_0073.uasset" 7531
"/Engine/EngineMaterials/Substrate/Glints2/dict_0000_0068" 7532
"../../../Engine/Content/EngineMaterials/Substrate/Glints2/dict_0000_0069.uasset" 7533
"../../../Engine/Content/EngineMaterials/Substrate/Glints2/dict_0000_0070.uasset" 7534
"../../../Engine/Content/EngineMaterials/Substrate/Glints2/dict_0000_0072.uasset" 7535
"/Engine/EngineMaterials/Substrate/Glints2/dict_0000_0073" 7536
"/Engine/EngineMaterials/Substrate/Glints2/dict_0000_0072" 7537
"/Engine/EngineMaterials/Substrate/Glints2/dict_0000_0071" 7538
"/Engine/EngineMaterials/Substrate/Glints2/dict_0000_0070" 7539
"../../../Engine/Content/EngineMaterials/Substrate/GLints/dict_16_192_64_0p5_0p02_0058_0002.uasset" 7540
"/Engine/EngineMaterials/Substrate/Glints2/dict_0000_0069" 7541
"/Engine/EngineMaterials/Substrate/GLints/dict_16_192_64_0p5_0p02_0058_0002" 7542
"../../../Engine/Content/EngineMaterials/Substrate/GLints/dict_16_192_64_0p5_0p02_0055_0008.uasset" 7543
"/Engine/EngineMaterials/Substrate/GLints/dict_16_192_64_0p5_0p02_0055_0008" 7544
"../../../Engine/Content/EngineMaterials/Substrate/GLints/dict_16_192_64_0p5_0p02_0059_0011.uasset" 7545
"../../../Engine/Content/EngineMaterials/Substrate/GLints/dict_16_192_64_0p5_0p02_0058_0015.uasset" 7546
"/Engine/EngineMaterials/Substrate/GLints/dict_16_192_64_0p5_0p02_0059_0011" 7547
"/Engine/EngineMaterials/Substrate/GLints/AGlintTex2dArray" 7548
"../../../Engine/Content/EngineMaterials/Substrate/Glints2/dict_0000_0042.uasset" 7549
"/Engine/EngineMaterials/Substrate/Glints2/dict_0000_0042" 7550
"../../../Engine/Content/EngineMaterials/Substrate/Glints2/dict_0000_0051.uasset" 7551
"/Engine/EngineMaterials/Substrate/Glints2/dict_0000_0051" 7552
"../../../Engine/Content/EngineMaterials/Substrate/Glints2/dict_0000_0086.uasset" 7553
"../../../Engine/Content/EngineMaterials/Substrate/Glints2/dict_0000_0074.uasset" 7554
"/Engine/EngineMaterials/Substrate/Glints2/dict_0000_0086" 7555
"/Engine/EngineMaterials/Substrate/Glints2/dict_0000_0074" 7556
"../../../Engine/Content/EngineMaterials/Substrate/Glints2/dict_0000_0087.uasset" 7557
"../../../Engine/Content/EngineMaterials/Substrate/Glints2/dict_0000_0088.uasset" 7558
"../../../Engine/Content/EngineMaterials/Substrate/Glints2/dict_0000_0078.uasset" 7559
"/Engine/EngineMaterials/Substrate/Glints2/dict_0000_0088" 7560
"/Engine/EngineMaterials/Substrate/Glints2/dict_0000_0087" 7561
"../../../Engine/Content/EngineMaterials/Substrate/Glints2/dict_0000_0090.uasset" 7562
"../../../Engine/Content/EngineMaterials/Substrate/Glints2/dict_0000_0089.uasset" 7563
"/Engine/EngineMaterials/Substrate/Glints2/dict_0000_0078" 7564
"/Engine/EngineMaterials/Substrate/Glints2/dict_0000_0090" 7565
"/Engine/EngineMaterials/Substrate/Glints2/dict_0000_0089" 7566
"../../../Engine/Content/EngineMaterials/Substrate/Glints2/dict_0000_0093.uasset" 7567
"../../../Engine/Content/EngineMaterials/Substrate/Glints2/dict_0000_0092.uasset" 7568
"/Engine/EngineMaterials/Substrate/Glints2/dict_0000_0093" 7569
"/Engine/EngineMaterials/Substrate/Glints2/dict_0000_0092" 7570
"../../../Engine/Content/EngineMaterials/Substrate/Glints2/dict_0000_0094.uasset" 7571
"../../../Engine/Content/EngineMaterials/Substrate/Glints2/dict_0000_0095.uasset" 7572
"../../../Engine/Content/EngineMaterials/Substrate/Glints2/dict_0000_0080.uasset" 7573
"../../../Engine/Content/EngineMaterials/Substrate/Glints2/dict_0000_0097.uasset" 7574
"../../../Engine/Content/EngineMaterials/Substrate/Glints2/dict_0000_0096.uasset" 7575
"../../../Engine/Content/EngineMaterials/Substrate/Glints2/dict_0000_0054.uasset" 7576
"/Engine/EngineMaterials/Substrate/Glints2/dict_0000_0097" 7577
"/Engine/EngineMaterials/Substrate/Glints2/dict_0000_0096" 7578
"/Engine/EngineMaterials/Substrate/Glints2/dict_0000_0095" 7579
"/Engine/EngineMaterials/Substrate/Glints2/dict_0000_0094" 7580
"/Engine/EngineMaterials/Substrate/Glints2/dict_0000_0080" 7581
"/Engine/EngineMaterials/Substrate/Glints2/dict_0000_0054" 7582
"../../../Engine/Content/EngineMaterials/Substrate/Glints2/dict_0000_0079.uasset" 7583
"../../../Engine/Content/EngineMaterials/Substrate/Glints2/dict_0000_0083.uasset" 7584
"../../../Engine/Content/EngineMaterials/Substrate/Glints2/dict_0000_0081.uasset" 7585
"../../../Engine/Content/EngineMaterials/Substrate/Glints2/dict_0000_0099.uasset" 7586
"../../../Engine/Content/EngineMaterials/Substrate/Glints2/dict_0000_0076.uasset" 7587
"../../../Engine/Content/EngineMaterials/Substrate/Glints2/dict_0000_0077.uasset" 7588
"/Engine/EngineMaterials/Substrate/Glints2/dict_0000_0083" 7589
"/Engine/EngineMaterials/Substrate/Glints2/dict_0000_0081" 7590
"/Engine/EngineMaterials/Substrate/Glints2/dict_0000_0079" 7591
"/Engine/EngineMaterials/Substrate/Glints2/dict_0000_0076" 7592
"../../../Engine/Content/EngineMaterials/Substrate/Glints2/dict_0000_0075.uasset" 7593
"/Engine/EngineMaterials/Substrate/Glints2/dict_0000_0099" 7594
"/Engine/EngineMaterials/Substrate/Glints2/dict_0000_0077" 7595
"/Engine/EngineMaterials/Substrate/Glints2/dict_0000_0075" 7596
"../../../Engine/Content/EngineMaterials/Substrate/Glints2/dict_0000_0082.uasset" 7597
"/Engine/EngineMaterials/Substrate/Glints2/dict_0000_0082" 7598
"../../../Engine/Content/EngineMaterials/Substrate/Glints2/dict_0000_0085.uasset" 7599
"../../../Engine/Content/EngineMaterials/Substrate/Glints2/dict_0000_0091.uasset" 7600
"/Engine/EngineMaterials/Substrate/Glints2/dict_0000_0085" 7601
"/Engine/EngineMaterials/Substrate/Glints2/dict_0000_0091" 7602
"../../../Engine/Content/EngineMaterials/Substrate/Glints2/dict_0000_0084.uasset" 7603
"/Engine/EngineMaterials/Substrate/Glints2/dict_0000_0084" 7604
"../../../Engine/Content/EngineMaterials/Substrate/Glints2/dict_0000_0098.uasset" 7605
"/Engine/EngineMaterials/Substrate/Glints2/dict_0000_0098" 7606
"../../../Engine/Content/EngineMaterials/Substrate/Glints2/dict_0000_0106.uasset" 7607
"../../../Engine/Content/EngineMaterials/Substrate/Glints2/dict_0000_0105.uasset" 7608
"/Engine/EngineMaterials/Substrate/Glints2/dict_0000_0106" 7609
"/Engine/EngineMaterials/Substrate/Glints2/dict_0000_0105" 7610
"../../../Engine/Content/EngineMaterials/Substrate/Glints2/dict_0000_0110.uasset" 7611
"../../../Engine/Content/EngineMaterials/Substrate/Glints2/dict_0000_0109.uasset" 7612
"../../../Engine/Content/EngineMaterials/Substrate/Glints2/dict_0000_0102.uasset" 7613
"../../../Engine/Content/EngineMaterials/Substrate/Glints2/dict_0000_0116.uasset" 7614
"../../../Engine/Content/EngineMaterials/Substrate/Glints2/dict_0000_0117.uasset" 7615
"../../../Engine/Content/EngineMaterials/Substrate/Glints2/dict_0000_0118.uasset" 7616
"../../../Engine/Content/EngineMaterials/Substrate/Glints2/dict_0000_0103.uasset" 7617
"../../../Engine/Content/EngineMaterials/Substrate/Glints2/dict_0000_0100.uasset" 7618
"../../../Engine/Content/EngineMaterials/Substrate/Glints2/dict_0000_0101.uasset" 7619
"../../../Engine/Content/EngineMaterials/Substrate/Glints2/dict_0000_0112.uasset" 7620
"../../../Engine/Content/EngineMaterials/Substrate/Glints2/dict_0000_0122.uasset" 7621
"../../../Engine/Content/EngineMaterials/Substrate/Glints2/dict_0000_0119.uasset" 7622
"../../../Engine/Content/EngineMaterials/Substrate/Glints2/dict_0000_0121.uasset" 7623
"../../../Engine/Content/EngineMaterials/Substrate/Glints2/dict_0000_0120.uasset" 7624
"../../../Engine/Content/EngineMaterials/Substrate/Glints2/dict_0000_0123.uasset" 7625
"../../../Engine/Content/EngineMaterials/Substrate/Glints2/dict_0000_0108.uasset" 7626
"../../../Engine/Content/EngineMaterials/Substrate/Glints2/dict_0000_0104.uasset" 7627
"/Engine/EngineMaterials/Substrate/Glints2/dict_0000_0119" 7628
"/Engine/EngineMaterials/Substrate/Glints2/dict_0000_0118" 7629
"/Engine/EngineMaterials/Substrate/Glints2/dict_0000_0117" 7630
"/Engine/EngineMaterials/Substrate/Glints2/dict_0000_0116" 7631
"/Engine/EngineMaterials/Substrate/Glints2/dict_0000_0112" 7632
"/Engine/EngineMaterials/Substrate/Glints2/dict_0000_0102" 7633
"/Engine/EngineMaterials/Substrate/Glints2/dict_0000_0123" 7634
"../../../Engine/Content/EngineMaterials/Substrate/Glints2/dict_0000_0130.uasset" 7635
"../../../Engine/Content/EngineMaterials/Substrate/Glints2/dict_0000_0129.uasset" 7636
"../../../Engine/Content/EngineMaterials/Substrate/Glints2/dict_0000_0128.uasset" 7637
"/Engine/EngineMaterials/Substrate/Glints2/dict_0000_0122" 7638
"../../../Engine/Content/EngineMaterials/Substrate/Glints2/dict_0000_0127.uasset" 7639
"../../../Engine/Content/EngineMaterials/Substrate/Glints2/dict_0000_0126.uasset" 7640
"/Engine/EngineMaterials/Substrate/Glints2/dict_0000_0101" 7641
"/Engine/EngineMaterials/Substrate/Glints2/dict_0000_0103" 7642
"/Engine/EngineMaterials/Substrate/Glints2/dict_0000_0104" 7643
"/Engine/EngineMaterials/Substrate/Glints2/dict_0000_0121" 7644
"/Engine/EngineMaterials/Substrate/Glints2/dict_0000_0110" 7645
"/Engine/EngineMaterials/Substrate/Glints2/dict_0000_0109" 7646
"../../../Engine/Content/EngineMaterials/Substrate/Glints2/dict_0000_0107.uasset" 7647
"/Engine/EngineMaterials/Substrate/Glints2/dict_0000_0108" 7648
"/Engine/EngineMaterials/Substrate/Glints2/dict_0000_0100" 7649
"/Engine/EngineMaterials/Substrate/Glints2/dict_0000_0120" 7650
"/Engine/EngineMaterials/Substrate/Glints2/dict_0000_0129" 7651
"/Engine/EngineMaterials/Substrate/Glints2/dict_0000_0130" 7652
"../../../Engine/Content/EngineMaterials/Substrate/Glints2/dict_0000_0124.uasset" 7653
"/Engine/EngineMaterials/Substrate/Glints2/dict_0000_0127" 7654
"/Engine/EngineMaterials/Substrate/Glints2/dict_0000_0128" 7655
"/Engine/EngineMaterials/Substrate/Glints2/dict_0000_0126" 7656
"/Engine/EngineMaterials/Substrate/Glints2/dict_0000_0107" 7657
"/Engine/EngineMaterials/Substrate/Glints2/dict_0000_0124" 7658
"../../../Engine/Content/EngineMaterials/Substrate/Glints2/dict_0000_0125.uasset" 7659
"../../../Engine/Content/EngineMaterials/Substrate/Glints2/dict_0000_0111.uasset" 7660
"/Engine/EngineMaterials/Substrate/Glints2/dict_0000_0125" 7661
"/Engine/EngineMaterials/Substrate/Glints2/dict_0000_0111" 7662
"../../../Engine/Content/EngineMaterials/Substrate/Glints2/dict_0000_0115.uasset" 7663
"../../../Engine/Content/EngineMaterials/Substrate/Glints2/dict_0000_0113.uasset" 7664
"../../../Engine/Content/EngineMaterials/Substrate/Glints2/dict_0000_0114.uasset" 7665
"../../../Engine/Content/EngineMaterials/Substrate/Glints2/dict_0000_0131.uasset" 7666
"/Engine/EngineMaterials/Substrate/Glints2/dict_0000_0113" 7667
"/Engine/EngineMaterials/Substrate/Glints2/dict_0000_0115" 7668
"/Engine/EngineMaterials/Substrate/Glints2/dict_0000_0114" 7669
"/Engine/EngineMaterials/Substrate/Glints2/dict_0000_0131" 7670
"../../../Engine/Content/EngineMaterials/Substrate/Glints2/dict_0000_0132.uasset" 7671
"../../../Engine/Content/EngineMaterials/Substrate/Glints2/dict_0000_0135.uasset" 7672
"../../../Engine/Content/EngineMaterials/Substrate/Glints2/dict_0000_0134.uasset" 7673
"../../../Engine/Content/EngineMaterials/Substrate/Glints2/dict_0000_0133.uasset" 7674
"/Engine/EngineMaterials/Substrate/Glints2/dict_0000_0133" 7675
"/Engine/EngineMaterials/Substrate/Glints2/dict_0000_0135" 7676
"/Engine/EngineMaterials/Substrate/Glints2/dict_0000_0132" 7677
"/Engine/EngineMaterials/Substrate/Glints2/dict_0000_0134" 7678
"../../../Engine/Content/EngineMaterials/Substrate/Glints2/dict_0000_0141.uasset" 7679
"../../../Engine/Content/EngineMaterials/Substrate/Glints2/dict_0000_0140.uasset" 7680
"../../../Engine/Content/EngineMaterials/Substrate/Glints2/dict_0000_0142.uasset" 7681
"/Engine/EngineMaterials/Substrate/Glints2/dict_0000_0142" 7682
"/Engine/EngineMaterials/Substrate/Glints2/dict_0000_0141" 7683
"/Engine/EngineMaterials/Substrate/Glints2/dict_0000_0140" 7684
"../../../Engine/Content/EngineMaterials/Substrate/Glints2/dict_0000_0148.uasset" 7685
"../../../Engine/Content/EngineMaterials/Substrate/Glints2/dict_0000_0150.uasset" 7686
"../../../Engine/Content/EngineMaterials/Substrate/Glints2/dict_0000_0149.uasset" 7687
"/Engine/EngineMaterials/Substrate/Glints2/dict_0000_0150" 7688
"/Engine/EngineMaterials/Substrate/Glints2/dict_0000_0149" 7689
"/Engine/EngineMaterials/Substrate/Glints2/dict_0000_0148" 7690
"../../../Engine/Content/EngineMaterials/Substrate/Glints2/dict_0000_0153.uasset" 7691
"../../../Engine/Content/EngineMaterials/Substrate/Glints2/dict_0000_0154.uasset" 7692
"../../../Engine/Content/EngineMaterials/Substrate/Glints2/dict_0000_0152.uasset" 7693
"../../../Engine/Content/EngineMaterials/Substrate/Glints2/dict_0000_0147.uasset" 7694
"../../../Engine/Content/EngineMaterials/Substrate/Glints2/dict_0000_0137.uasset" 7695
"../../../Engine/Content/EngineMaterials/Substrate/Glints2/dict_0000_0143.uasset" 7696
"../../../Engine/Content/EngineMaterials/Substrate/Glints2/dict_0000_0145.uasset" 7697
"../../../Engine/Content/EngineMaterials/Substrate/Glints2/dict_0000_0136.uasset" 7698
"/Engine/EngineMaterials/Substrate/Glints2/dict_0000_0147" 7699
"/Engine/EngineMaterials/Substrate/Glints2/dict_0000_0154" 7700
"/Engine/EngineMaterials/Substrate/Glints2/dict_0000_0153" 7701
"../../../Engine/Content/EngineMaterials/Substrate/Glints2/dict_0000_0146.uasset" 7702
"/Engine/EngineMaterials/Substrate/Glints2/dict_0000_0143" 7703
"../../../Engine/Content/EngineMaterials/Substrate/Glints2/dict_0000_0156.uasset" 7704
"../../../Engine/Content/EngineMaterials/Substrate/Glints2/dict_0000_0158.uasset" 7705
"../../../Engine/Content/EngineMaterials/Substrate/Glints2/dict_0000_0157.uasset" 7706
"/Engine/EngineMaterials/Substrate/Glints2/dict_0000_0152" 7707
"/Engine/EngineMaterials/Substrate/Glints2/dict_0000_0137" 7708
"/Engine/EngineMaterials/Substrate/Glints2/dict_0000_0156" 7709
"/Engine/EngineMaterials/Substrate/Glints2/dict_0000_0157" 7710
"/Engine/EngineMaterials/Substrate/Glints2/dict_0000_0146" 7711
"/Engine/EngineMaterials/Substrate/Glints2/dict_0000_0145" 7712
"/Engine/EngineMaterials/Substrate/Glints2/dict_0000_0158" 7713
"/Engine/EngineMaterials/Substrate/Glints2/dict_0000_0136" 7714
"../../../Engine/Content/EngineMaterials/Substrate/Glints2/dict_0000_0144.uasset" 7715
"../../../Engine/Content/EngineMaterials/Substrate/Glints2/dict_0000_0163.uasset" 7716
"../../../Engine/Content/EngineMaterials/Substrate/Glints2/dict_0000_0162.uasset" 7717
"../../../Engine/Content/EngineMaterials/Substrate/Glints2/dict_0000_0167.uasset" 7718
"../../../Engine/Content/EngineMaterials/Substrate/Glints2/dict_0000_0139.uasset" 7719
"../../../Engine/Content/EngineMaterials/Substrate/Glints2/dict_0000_0165.uasset" 7720
"../../../Engine/Content/EngineMaterials/Substrate/Glints2/dict_0000_0166.uasset" 7721
"../../../Engine/Content/EngineMaterials/Substrate/Glints2/dict_0000_0138.uasset" 7722
"../../../Engine/Content/EngineMaterials/Substrate/Glints2/dict_0000_0151.uasset" 7723
"/Engine/EngineMaterials/Substrate/Glints2/dict_0000_0163" 7724
"/Engine/EngineMaterials/Substrate/Glints2/dict_0000_0162" 7725
"../../../Engine/Content/EngineMaterials/Substrate/Glints2/dict_0000_0170.uasset" 7726
"../../../Engine/Content/EngineMaterials/Substrate/Glints2/dict_0000_0169.uasset" 7727
"/Engine/EngineMaterials/Substrate/Glints2/dict_0000_0144" 7728
"../../../Engine/Content/EngineMaterials/Substrate/Glints2/dict_0000_0171.uasset" 7729
"../../../Engine/Content/EngineMaterials/Substrate/Glints2/dict_0000_0172.uasset" 7730
"../../../Engine/Content/EngineMaterials/Substrate/Glints2/dict_0000_0174.uasset" 7731
"/Engine/EngineMaterials/Substrate/Glints2/dict_0000_0139" 7732
"/Engine/EngineMaterials/Substrate/Glints2/dict_0000_0138" 7733
"../../../Engine/Content/EngineMaterials/Substrate/Glints2/dict_0000_0173.uasset" 7734
"/Engine/EngineMaterials/Substrate/Glints2/dict_0000_0167" 7735
"/Engine/EngineMaterials/Substrate/Glints2/dict_0000_0166" 7736
"/Engine/EngineMaterials/Substrate/Glints2/dict_0000_0165" 7737
"/Engine/EngineMaterials/Substrate/Glints2/dict_0000_0151" 7738
"/Engine/EngineMaterials/Substrate/Glints2/dict_0000_0173" 7739
"/Engine/EngineMaterials/Substrate/Glints2/dict_0000_0172" 7740
"/Engine/EngineMaterials/Substrate/Glints2/dict_0000_0171" 7741
"/Engine/EngineMaterials/Substrate/Glints2/dict_0000_0170" 7742
"/Engine/EngineMaterials/Substrate/Glints2/dict_0000_0169" 7743
"../../../Engine/Content/EngineMaterials/Substrate/Glints2/dict_0000_0179.uasset" 7744
"../../../Engine/Content/EngineMaterials/Substrate/Glints2/dict_0000_0177.uasset" 7745
"../../../Engine/Content/EngineMaterials/Substrate/Glints2/dict_0000_0181.uasset" 7746
"/Engine/EngineMaterials/Substrate/Glints2/dict_0000_0174" 7747
"../../../Engine/Content/EngineMaterials/Substrate/Glints2/dict_0000_0178.uasset" 7748
"../../../Engine/Content/EngineMaterials/Substrate/Glints2/dict_0000_0182.uasset" 7749
"../../../Engine/Content/EngineMaterials/Substrate/Glints2/dict_0000_0180.uasset" 7750
"/Engine/EngineMaterials/Substrate/Glints2/dict_0000_0179" 7751
"/Engine/EngineMaterials/Substrate/Glints2/dict_0000_0178" 7752
"/Engine/EngineMaterials/Substrate/Glints2/dict_0000_0177" 7753
"/Engine/EngineMaterials/Substrate/Glints2/dict_0000_0182" 7754
"/Engine/EngineMaterials/Substrate/Glints2/dict_0000_0181" 7755
"/Engine/EngineMaterials/Substrate/Glints2/dict_0000_0180" 7756
"../../../Engine/Content/EngineMaterials/Substrate/Glints2/dict_0000_0187.uasset" 7757
"../../../Engine/Content/EngineMaterials/Substrate/Glints2/dict_0000_0186.uasset" 7758
"../../../Engine/Content/EngineMaterials/Substrate/Glints2/dict_0000_0183.uasset" 7759
"../../../Engine/Content/EngineMaterials/Substrate/Glints2/dict_0000_0188.uasset" 7760
"../../../Engine/Content/EngineMaterials/Substrate/Glints2/dict_0000_0184.uasset" 7761
"../../../Engine/Content/EngineMaterials/Substrate/Glints2/dict_0000_0185.uasset" 7762
"/Engine/EngineMaterials/Substrate/Glints2/dict_0000_0185" 7763
"/Engine/EngineMaterials/Substrate/Glints2/dict_0000_0184" 7764
"/Engine/EngineMaterials/Substrate/Glints2/dict_0000_0183" 7765
"/Engine/EngineMaterials/Substrate/Glints2/dict_0000_0188" 7766
"/Engine/EngineMaterials/Substrate/Glints2/dict_0000_0187" 7767
"/Engine/EngineMaterials/Substrate/Glints2/dict_0000_0186" 7768
"../../../Engine/Content/EngineMaterials/Substrate/Glints2/dict_0000_0193.uasset" 7769
"../../../Engine/Content/EngineMaterials/Substrate/Glints2/dict_0000_0190.uasset" 7770
"../../../Engine/Content/EngineMaterials/Substrate/Glints2/dict_0000_0191.uasset" 7771
"../../../Engine/Content/EngineMaterials/Substrate/Glints2/dict_0000_0189.uasset" 7772
"../../../Engine/Content/EngineMaterials/Substrate/Glints2/dict_0000_0194.uasset" 7773
"../../../Engine/Content/EngineMaterials/Substrate/Glints2/dict_0000_0192.uasset" 7774
"/Engine/EngineMaterials/Substrate/Glints2/dict_0000_0194" 7775
"/Engine/EngineMaterials/Substrate/Glints2/dict_0000_0193" 7776
"/Engine/EngineMaterials/Substrate/Glints2/dict_0000_0192" 7777
"../../../Engine/Content/EngineMaterials/Substrate/Glints2/dict_0000_0197.uasset" 7778
"../../../Engine/Content/EngineMaterials/Substrate/Glints2/dict_0000_0196.uasset" 7779
"../../../Engine/Content/EngineMaterials/Substrate/Glints2/dict_0000_0195.uasset" 7780
"../../../Engine/Content/EngineMaterials/Substrate/Glints2/dict_0000_0198.uasset" 7781
"../../../Engine/Content/EngineMaterials/Substrate/Glints2/dict_0000_0199.uasset" 7782
"../../../Engine/Content/EngineMaterials/Substrate/Glints2/dict_0000_0200.uasset" 7783
"/Engine/EngineMaterials/Substrate/Glints2/dict_0000_0191" 7784
"/Engine/EngineMaterials/Substrate/Glints2/dict_0000_0190" 7785
"/Engine/EngineMaterials/Substrate/Glints2/dict_0000_0189" 7786
"/Engine/EngineMaterials/Substrate/Glints2/dict_0000_0200" 7787
"/Engine/EngineMaterials/Substrate/Glints2/dict_0000_0199" 7788
"/Engine/EngineMaterials/Substrate/Glints2/dict_0000_0198" 7789
"/Engine/EngineMaterials/Substrate/Glints2/dict_0000_0197" 7790
"/Engine/EngineMaterials/Substrate/Glints2/dict_0000_0196" 7791
"/Engine/EngineMaterials/Substrate/Glints2/dict_0000_0195" 7792
"../../../Engine/Content/EngineMaterials/Substrate/Glints2/dict_0000_0203.uasset" 7793
"../../../Engine/Content/EngineMaterials/Substrate/Glints2/dict_0000_0205.uasset" 7794
"../../../Engine/Content/EngineMaterials/Substrate/Glints2/dict_0000_0201.uasset" 7795
"../../../Engine/Content/EngineMaterials/Substrate/Glints2/dict_0000_0206.uasset" 7796
"../../../Engine/Content/EngineMaterials/Substrate/Glints2/dict_0000_0202.uasset" 7797
"../../../Engine/Content/EngineMaterials/Substrate/Glints2/dict_0000_0204.uasset" 7798
"../../../Engine/Content/EngineMaterials/Substrate/Glints2/dict_0000_0155.uasset" 7799
"../../../Engine/Content/EngineMaterials/Substrate/Glints2/dict_0000_0164.uasset" 7800
"/Engine/EngineMaterials/Substrate/Glints2/dict_0000_0206" 7801
"/Engine/EngineMaterials/Substrate/Glints2/dict_0000_0155" 7802
"/Engine/EngineMaterials/Substrate/Glints2/dict_0000_0205" 7803
"/Engine/EngineMaterials/Substrate/Glints2/dict_0000_0204" 7804
"../../../Engine/Content/EngineMaterials/Substrate/Glints2/dict_0000_0211.uasset" 7805
"../../../Engine/Content/EngineMaterials/Substrate/Glints2/dict_0000_0207.uasset" 7806
"../../../Engine/Content/EngineMaterials/Substrate/Glints2/dict_0000_0210.uasset" 7807
"../../../Engine/Content/EngineMaterials/Substrate/Glints2/dict_0000_0209.uasset" 7808
"../../../Engine/Content/EngineMaterials/Substrate/Glints2/dict_0000_0208.uasset" 7809
"../../../Engine/Content/EngineMaterials/Substrate/Glints2/dict_0000_0212.uasset" 7810
"/Engine/EngineMaterials/Substrate/Glints2/dict_0000_0203" 7811
"/Engine/EngineMaterials/Substrate/Glints2/dict_0000_0202" 7812
"/Engine/EngineMaterials/Substrate/Glints2/dict_0000_0201" 7813
"/Engine/EngineMaterials/Substrate/Glints2/dict_0000_0164" 7814
"/Engine/EngineMaterials/Substrate/Glints2/dict_0000_0212" 7815
"/Engine/EngineMaterials/Substrate/Glints2/dict_0000_0211" 7816
"/Engine/EngineMaterials/Substrate/Glints2/dict_0000_0210" 7817
"/Engine/EngineMaterials/Substrate/Glints2/dict_0000_0209" 7818
"/Engine/EngineMaterials/Substrate/Glints2/dict_0000_0208" 7819
"../../../Engine/Content/EngineMaterials/Substrate/Glints2/dict_0000_0168.uasset" 7820
"/Engine/EngineMaterials/Substrate/Glints2/dict_0000_0207" 7821
"../../../Engine/Content/EngineMaterials/Substrate/Glints2/dict_0000_0160.uasset" 7822
"/Engine/EngineMaterials/Substrate/Glints2/dict_0000_0168" 7823
"../../../Engine/Content/EngineMaterials/Substrate/Glints2/dict_0000_0217.uasset" 7824
"../../../Engine/Content/EngineMaterials/Substrate/Glints2/dict_0000_0216.uasset" 7825
"../../../Engine/Content/EngineMaterials/Substrate/Glints2/dict_0000_0219.uasset" 7826
"../../../Engine/Content/EngineMaterials/Substrate/Glints2/dict_0000_0220.uasset" 7827
"../../../Engine/Content/EngineMaterials/Substrate/Glints2/dict_0000_0215.uasset" 7828
"../../../Engine/Content/EngineMaterials/Substrate/Glints2/dict_0000_0218.uasset" 7829
"/Engine/EngineMaterials/Substrate/Glints2/dict_0000_0160" 7830
"/Engine/EngineMaterials/Substrate/Glints2/dict_0000_0218" 7831
"/Engine/EngineMaterials/Substrate/Glints2/dict_0000_0217" 7832
"/Engine/EngineMaterials/Substrate/Glints2/dict_0000_0216" 7833
"/Engine/EngineMaterials/Substrate/Glints2/dict_0000_0220" 7834
"/Engine/EngineMaterials/Substrate/Glints2/dict_0000_0215" 7835
"/Engine/EngineMaterials/Substrate/Glints2/dict_0000_0219" 7836
"../../../Engine/Content/EngineMaterials/Substrate/Glints2/dict_0000_0159.uasset" 7837
"../../../Engine/Content/EngineMaterials/Substrate/Glints2/dict_0000_0161.uasset" 7838
"../../../Engine/Content/EngineMaterials/Substrate/Glints2/dict_0000_0228.uasset" 7839
"../../../Engine/Content/EngineMaterials/Substrate/Glints2/dict_0000_0227.uasset" 7840
"../../../Engine/Content/EngineMaterials/Substrate/Glints2/dict_0000_0223.uasset" 7841
"../../../Engine/Content/EngineMaterials/Substrate/Glints2/dict_0000_0226.uasset" 7842
"../../../Engine/Content/EngineMaterials/Substrate/Glints2/dict_0000_0225.uasset" 7843
"../../../Engine/Content/EngineMaterials/Substrate/Glints2/dict_0000_0224.uasset" 7844
"/Engine/EngineMaterials/Substrate/Glints2/dict_0000_0224" 7845
"/Engine/EngineMaterials/Substrate/Glints2/dict_0000_0223" 7846
"/Engine/EngineMaterials/Substrate/Glints2/dict_0000_0159" 7847
"/Engine/EngineMaterials/Substrate/Glints2/dict_0000_0228" 7848
"/Engine/EngineMaterials/Substrate/Glints2/dict_0000_0227" 7849
"/Engine/EngineMaterials/Substrate/Glints2/dict_0000_0161" 7850
"/Engine/EngineMaterials/Substrate/Glints2/dict_0000_0226" 7851
"/Engine/EngineMaterials/Substrate/Glints2/dict_0000_0225" 7852
"../../../Engine/Content/EngineMaterials/Substrate/Glints2/dict_0000_0234.uasset" 7853
"../../../Engine/Content/EngineMaterials/Substrate/Glints2/dict_0000_0232.uasset" 7854
"../../../Engine/Content/EngineMaterials/Substrate/Glints2/dict_0000_0236.uasset" 7855
"../../../Engine/Content/EngineMaterials/Substrate/Glints2/dict_0000_0231.uasset" 7856
"../../../Engine/Content/EngineMaterials/Substrate/Glints2/dict_0000_0235.uasset" 7857
"../../../Engine/Content/EngineMaterials/Substrate/Glints2/dict_0000_0233.uasset" 7858
"../../../Engine/Content/EngineMaterials/Substrate/Glints2/dict_0000_0176.uasset" 7859
"/Engine/EngineMaterials/Substrate/Glints2/dict_0000_0232" 7860
"/Engine/EngineMaterials/Substrate/Glints2/dict_0000_0231" 7861
"/Engine/EngineMaterials/Substrate/Glints2/dict_0000_0236" 7862
"/Engine/EngineMaterials/Substrate/Glints2/dict_0000_0176" 7863
"../../../Engine/Content/EngineMaterials/Substrate/Glints2/dict_0000_0242.uasset" 7864
"../../../Engine/Content/EngineMaterials/Substrate/Glints2/dict_0000_0237.uasset" 7865
"../../../Engine/Content/EngineMaterials/Substrate/Glints2/dict_0000_0240.uasset" 7866
"../../../Engine/Content/EngineMaterials/Substrate/Glints2/dict_0000_0238.uasset" 7867
"../../../Engine/Content/EngineMaterials/Substrate/Glints2/dict_0000_0241.uasset" 7868
"../../../Engine/Content/EngineMaterials/Substrate/Glints2/dict_0000_0239.uasset" 7869
"/Engine/EngineMaterials/Substrate/Glints2/dict_0000_0235" 7870
"/Engine/EngineMaterials/Substrate/Glints2/dict_0000_0234" 7871
"/Engine/EngineMaterials/Substrate/Glints2/dict_0000_0233" 7872
"/Engine/EngineMaterials/Substrate/Glints2/dict_0000_0238" 7873
"/Engine/EngineMaterials/Substrate/Glints2/dict_0000_0237" 7874
"/Engine/EngineMaterials/Substrate/Glints2/dict_0000_0240" 7875
"/Engine/EngineMaterials/Substrate/Glints2/dict_0000_0242" 7876
"/Engine/EngineMaterials/Substrate/Glints2/dict_0000_0241" 7877
"/Engine/EngineMaterials/Substrate/Glints2/dict_0000_0239" 7878
"../../../Engine/Content/EngineMaterials/Substrate/Glints2/dict_0000_0245.uasset" 7879
"../../../Engine/Content/EngineMaterials/Substrate/Glints2/dict_0000_0247.uasset" 7880
"../../../Engine/Content/EngineMaterials/Substrate/Glints2/dict_0000_0248.uasset" 7881
"../../../Engine/Content/EngineMaterials/Substrate/Glints2/dict_0000_0249.uasset" 7882
"/Engine/EngineMaterials/Substrate/Glints2/dict_0000_0245" 7883
"../../../Engine/Content/EngineMaterials/Substrate/Glints2/dict_0000_0246.uasset" 7884
"/Engine/EngineMaterials/Substrate/Glints2/dict_0000_0249" 7885
"../../../Engine/Content/EngineMaterials/Substrate/Glints2/dict_0000_0244.uasset" 7886
"../../../Engine/Content/EngineMaterials/Substrate/Glints2/dict_0000_0214.uasset" 7887
"/Engine/EngineMaterials/Substrate/Glints2/dict_0000_0248" 7888
"/Engine/EngineMaterials/Substrate/Glints2/dict_0000_0247" 7889
"/Engine/EngineMaterials/Substrate/Glints2/dict_0000_0246" 7890
"/Engine/EngineMaterials/Substrate/Glints2/dict_0000_0244" 7891
"../../../Engine/Content/EngineMaterials/Substrate/Glints2/dict_0000_0250.uasset" 7892
"/Engine/EngineMaterials/Substrate/Glints2/dict_0000_0214" 7893
"/Engine/EngineMaterials/Substrate/Glints2/dict_0000_0250" 7894
"../../../Engine/Content/EngineMaterials/Substrate/Glints2/dict_0000_0252.uasset" 7895
"../../../Engine/Content/EngineMaterials/Substrate/Glints2/dict_0000_0251.uasset" 7896
"../../../Engine/Content/EngineMaterials/Substrate/Glints2/dict_0000_0253.uasset" 7897
"../../../Engine/Content/EngineMaterials/Substrate/Glints2/dict_0001_0000.uasset" 7898
"../../../Engine/Content/EngineMaterials/Substrate/Glints2/dict_0000_0254.uasset" 7899
"../../../Engine/Content/EngineMaterials/Substrate/Glints2/dict_0000_0255.uasset" 7900
"../../../Engine/Content/EngineMaterials/Substrate/Glints2/dict_0001_0001.uasset" 7901
"../../../Engine/Content/EngineMaterials/Substrate/Glints2/dict_0001_0002.uasset" 7902
"../../../Engine/Content/EngineMaterials/Substrate/Glints2/dict_0001_0003.uasset" 7903
"../../../Engine/Content/EngineMaterials/Substrate/Glints2/dict_0001_0004.uasset" 7904
"/Engine/EngineMaterials/Substrate/Glints2/dict_0000_0254" 7905
"/Engine/EngineMaterials/Substrate/Glints2/dict_0000_0253" 7906
"/Engine/EngineMaterials/Substrate/Glints2/dict_0000_0252" 7907
"../../../Engine/Content/EngineMaterials/Substrate/Glints2/dict_0000_0175.uasset" 7908
"/Engine/EngineMaterials/Substrate/Glints2/dict_0001_0003" 7909
"/Engine/EngineMaterials/Substrate/Glints2/dict_0000_0251" 7910
"../../../Engine/Content/EngineMaterials/Substrate/Glints2/dict_0000_0213.uasset" 7911
"/Engine/EngineMaterials/Substrate/Glints2/dict_0001_0002" 7912
"../../../Engine/Content/EngineMaterials/Substrate/Glints2/dict_0001_0005.uasset" 7913
"../../../Engine/Content/EngineMaterials/Substrate/Glints2/dict_0001_0007.uasset" 7914
"../../../Engine/Content/EngineMaterials/Substrate/Glints2/dict_0001_0006.uasset" 7915
"/Engine/EngineMaterials/Substrate/Glints2/dict_0001_0001" 7916
"/Engine/EngineMaterials/Substrate/Glints2/dict_0001_0000" 7917
"/Engine/EngineMaterials/Substrate/Glints2/dict_0000_0255" 7918
"/Engine/EngineMaterials/Substrate/Glints2/dict_0001_0005" 7919
"/Engine/EngineMaterials/Substrate/Glints2/dict_0001_0004" 7920
"../../../Engine/Content/EngineMaterials/Substrate/Glints2/dict_0001_0008.uasset" 7921
"/Engine/EngineMaterials/Substrate/Glints2/dict_0000_0175" 7922
"../../../Engine/Content/EngineMaterials/Substrate/Glints2/dict_0001_0010.uasset" 7923
"../../../Engine/Content/EngineMaterials/Substrate/Glints2/dict_0001_0009.uasset" 7924
"../../../Engine/Content/EngineMaterials/Substrate/Glints2/dict_0001_0011.uasset" 7925
"/Engine/EngineMaterials/Substrate/Glints2/dict_0001_0007" 7926
"/Engine/EngineMaterials/Substrate/Glints2/dict_0001_0006" 7927
"/Engine/EngineMaterials/Substrate/Glints2/dict_0000_0213" 7928
"/Engine/EngineMaterials/Substrate/Glints2/dict_0001_0011" 7929
"/Engine/EngineMaterials/Substrate/Glints2/dict_0001_0010" 7930
"/Engine/EngineMaterials/Substrate/Glints2/dict_0001_0009" 7931
"/Engine/EngineMaterials/Substrate/Glints2/dict_0001_0008" 7932
"../../../Engine/Content/EngineMaterials/Substrate/Glints2/dict_0001_0015.uasset" 7933
"../../../Engine/Content/EngineMaterials/Substrate/Glints2/dict_0001_0016.uasset" 7934
"../../../Engine/Content/EngineMaterials/Substrate/Glints2/dict_0001_0014.uasset" 7935
"../../../Engine/Content/EngineMaterials/Substrate/Glints2/dict_0000_0222.uasset" 7936
"../../../Engine/Content/EngineMaterials/Substrate/Glints2/dict_0001_0018.uasset" 7937
"../../../Engine/Content/EngineMaterials/Substrate/Glints2/dict_0001_0020.uasset" 7938
"../../../Engine/Content/EngineMaterials/Substrate/Glints2/dict_0001_0019.uasset" 7939
"../../../Engine/Content/EngineMaterials/Substrate/Glints2/dict_0000_0230.uasset" 7940
"../../../Engine/Content/EngineMaterials/Substrate/Glints2/dict_0001_0021.uasset" 7941
"../../../Engine/Content/EngineMaterials/Substrate/Glints2/dict_0001_0022.uasset" 7942
"../../../Engine/Content/EngineMaterials/Substrate/Glints2/dict_0001_0023.uasset" 7943
"/Engine/EngineMaterials/Substrate/Glints2/dict_0000_0222" 7944
"/Engine/EngineMaterials/Substrate/Glints2/dict_0000_0230" 7945
"/Engine/EngineMaterials/Substrate/Glints2/dict_0001_0018" 7946
"/Engine/EngineMaterials/Substrate/Glints2/dict_0001_0015" 7947
"/Engine/EngineMaterials/Substrate/Glints2/dict_0001_0019" 7948
"/Engine/EngineMaterials/Substrate/Glints2/dict_0001_0014" 7949
"/Engine/EngineMaterials/Substrate/Glints2/dict_0001_0016" 7950
"/Engine/EngineMaterials/Substrate/Glints2/dict_0001_0020" 7951
"/Engine/EngineMaterials/Substrate/Glints2/dict_0001_0023" 7952
"../../../Engine/Content/EngineMaterials/Substrate/Glints2/dict_0001_0026.uasset" 7953
"../../../Engine/Content/EngineMaterials/Substrate/Glints2/dict_0001_0025.uasset" 7954
"../../../Engine/Content/EngineMaterials/Substrate/Glints2/dict_0001_0027.uasset" 7955
"/Engine/EngineMaterials/Substrate/Glints2/dict_0001_0022" 7956
"/Engine/EngineMaterials/Substrate/Glints2/dict_0001_0021" 7957
"/Engine/EngineMaterials/Substrate/Glints2/dict_0001_0027" 7958
"/Engine/EngineMaterials/Substrate/Glints2/dict_0001_0026" 7959
"/Engine/EngineMaterials/Substrate/Glints2/dict_0001_0025" 7960
"../../../Engine/Content/EngineMaterials/Substrate/Glints2/dict_0001_0031.uasset" 7961
"../../../Engine/Content/EngineMaterials/Substrate/Glints2/dict_0001_0029.uasset" 7962
"../../../Engine/Content/EngineMaterials/Substrate/Glints2/dict_0001_0030.uasset" 7963
"../../../Engine/Content/EngineMaterials/Substrate/Glints2/dict_0000_0229.uasset" 7964
"../../../Engine/Content/EngineMaterials/Substrate/Glints2/dict_0001_0034.uasset" 7965
"../../../Engine/Content/EngineMaterials/Substrate/Glints2/dict_0001_0033.uasset" 7966
"../../../Engine/Content/EngineMaterials/Substrate/Glints2/dict_0001_0032.uasset" 7967
"/Engine/EngineMaterials/Substrate/Glints2/dict_0001_0034" 7968
"/Engine/EngineMaterials/Substrate/Glints2/dict_0001_0033" 7969
"../../../Engine/Content/EngineMaterials/Substrate/Glints2/dict_0001_0035.uasset" 7970
"../../../Engine/Content/EngineMaterials/Substrate/Glints2/dict_0001_0037.uasset" 7971
"/Engine/EngineMaterials/Substrate/Glints2/dict_0000_0229" 7972
"/Engine/EngineMaterials/Substrate/Glints2/dict_0001_0032" 7973
"/Engine/EngineMaterials/Substrate/Glints2/dict_0001_0031" 7974
"/Engine/EngineMaterials/Substrate/Glints2/dict_0001_0030" 7975
"/Engine/EngineMaterials/Substrate/Glints2/dict_0001_0029" 7976
"/Engine/EngineMaterials/Substrate/Glints2/dict_0001_0037" 7977
"/Engine/EngineMaterials/Substrate/Glints2/dict_0001_0035" 7978
"../../../Engine/Content/EngineMaterials/Substrate/Glints2/dict_0001_0039.uasset" 7979
"../../../Engine/Content/EngineMaterials/Substrate/Glints2/dict_0001_0041.uasset" 7980
"../../../Engine/Content/EngineMaterials/Substrate/Glints2/dict_0001_0040.uasset" 7981
"../../../Engine/Content/EngineMaterials/Substrate/Glints2/dict_0001_0036.uasset" 7982
"../../../Engine/Content/EngineMaterials/Substrate/Glints2/dict_0001_0042.uasset" 7983
"../../../Engine/Content/EngineMaterials/Substrate/Glints2/dict_0000_0243.uasset" 7984
"/Engine/EngineMaterials/Substrate/Glints2/dict_0001_0042" 7985
"../../../Engine/Content/EngineMaterials/Substrate/Glints2/dict_0001_0043.uasset" 7986
"../../../Engine/Content/EngineMaterials/Substrate/Glints2/dict_0001_0045.uasset" 7987
"../../../Engine/Content/EngineMaterials/Substrate/Glints2/dict_0000_0221.uasset" 7988
"../../../Engine/Content/EngineMaterials/Substrate/Glints2/dict_0001_0046.uasset" 7989
"../../../Engine/Content/EngineMaterials/Substrate/Glints2/dict_0001_0044.uasset" 7990
"/Engine/EngineMaterials/Substrate/Glints2/dict_0001_0041" 7991
"/Engine/EngineMaterials/Substrate/Glints2/dict_0000_0243" 7992
"../../../Engine/Content/EngineMaterials/Substrate/Glints2/dict_0001_0017.uasset" 7993
"/Engine/EngineMaterials/Substrate/Glints2/dict_0001_0036" 7994
"/Engine/EngineMaterials/Substrate/Glints2/dict_0001_0040" 7995
"../../../Engine/Content/EngineMaterials/Substrate/Glints2/dict_0001_0012.uasset" 7996
"/Engine/EngineMaterials/Substrate/Glints2/dict_0001_0039" 7997
"/Engine/EngineMaterials/Substrate/Glints2/dict_0001_0046" 7998
"/Engine/EngineMaterials/Substrate/Glints2/dict_0001_0045" 7999
"/Engine/EngineMaterials/Substrate/Glints2/dict_0001_0044" 8000
"../../../Engine/Content/EngineMaterials/Substrate/Glints2/dict_0001_0048.uasset" 8001
"../../../Engine/Content/EngineMaterials/Substrate/Glints2/dict_0001_0047.uasset" 8002
"/Engine/EngineMaterials/Substrate/Glints2/dict_0001_0043" 8003
"/Engine/EngineMaterials/Substrate/Glints2/dict_0001_0017" 8004
"/Engine/EngineMaterials/Substrate/Glints2/dict_0000_0221" 8005
"/Engine/EngineMaterials/Substrate/Glints2/dict_0001_0012" 8006
"/Engine/EngineMaterials/Substrate/Glints2/dict_0001_0048" 8007
"/Engine/EngineMaterials/Substrate/Glints2/dict_0001_0047" 8008
"../../../Engine/Content/EngineMaterials/Substrate/Glints2/dict_0001_0051.uasset" 8009
"../../../Engine/Content/EngineMaterials/Substrate/Glints2/dict_0001_0053.uasset" 8010
"../../../Engine/Content/EngineMaterials/Substrate/Glints2/dict_0001_0050.uasset" 8011
"../../../Engine/Content/EngineMaterials/Substrate/Glints2/dict_0001_0052.uasset" 8012
"../../../Engine/Content/EngineMaterials/Substrate/Glints2/dict_0001_0054.uasset" 8013
"../../../Engine/Content/EngineMaterials/Substrate/Glints2/dict_0001_0057.uasset" 8014
"../../../Engine/Content/EngineMaterials/Substrate/Glints2/dict_0001_0058.uasset" 8015
"/Engine/EngineMaterials/Substrate/Glints2/dict_0001_0052" 8016
"/Engine/EngineMaterials/Substrate/Glints2/dict_0001_0058" 8017
"../../../Engine/Content/EngineMaterials/Substrate/Glints2/dict_0001_0063.uasset" 8018
"../../../Engine/Content/EngineMaterials/Substrate/Glints2/dict_0001_0060.uasset" 8019
"../../../Engine/Content/EngineMaterials/Substrate/Glints2/dict_0001_0061.uasset" 8020
"../../../Engine/Content/EngineMaterials/Substrate/Glints2/dict_0001_0062.uasset" 8021
"../../../Engine/Content/EngineMaterials/Substrate/Glints2/dict_0001_0059.uasset" 8022
"/Engine/EngineMaterials/Substrate/Glints2/dict_0001_0051" 8023
"/Engine/EngineMaterials/Substrate/Glints2/dict_0001_0050" 8024
"/Engine/EngineMaterials/Substrate/Glints2/dict_0001_0057" 8025
"/Engine/EngineMaterials/Substrate/Glints2/dict_0001_0054" 8026
"/Engine/EngineMaterials/Substrate/Glints2/dict_0001_0053" 8027
"/Engine/EngineMaterials/Substrate/Glints2/dict_0001_0059" 8028
"/Engine/EngineMaterials/Substrate/Glints2/dict_0001_0061" 8029
"/Engine/EngineMaterials/Substrate/Glints2/dict_0001_0060" 8030
"/Engine/EngineMaterials/Substrate/Glints2/dict_0001_0063" 8031
"../../../Engine/Content/EngineMaterials/Substrate/Glints2/dict_0001_0064.uasset" 8032
"../../../Engine/Content/EngineMaterials/Substrate/Glints2/dict_0001_0065.uasset" 8033
"/Engine/EngineMaterials/Substrate/Glints2/dict_0001_0062" 8034
"/Engine/EngineMaterials/Substrate/Glints2/dict_0001_0065" 8035
"/Engine/EngineMaterials/Substrate/Glints2/dict_0001_0064" 8036
"../../../Engine/Content/EngineMaterials/Substrate/Glints2/dict_0001_0069.uasset" 8037
"../../../Engine/Content/EngineMaterials/Substrate/Glints2/dict_0001_0070.uasset" 8038
"../../../Engine/Content/EngineMaterials/Substrate/Glints2/dict_0001_0028.uasset" 8039
"../../../Engine/Content/EngineMaterials/Substrate/Glints2/dict_0001_0013.uasset" 8040
"../../../Engine/Content/EngineMaterials/Substrate/Glints2/dict_0001_0038.uasset" 8041
"../../../Engine/Content/EngineMaterials/Substrate/Glints2/dict_0001_0066.uasset" 8042
"../../../Engine/Content/EngineMaterials/Substrate/Glints2/dict_0001_0068.uasset" 8043
"../../../Engine/Content/EngineMaterials/Substrate/Glints2/dict_0001_0067.uasset" 8044
"../../../Engine/Content/EngineMaterials/Substrate/Glints2/dict_0001_0072.uasset" 8045
"../../../Engine/Content/EngineMaterials/Substrate/Glints2/dict_0001_0071.uasset" 8046
"../../../Engine/Content/EngineMaterials/Substrate/Glints2/dict_0001_0024.uasset" 8047
"../../../Engine/Content/EngineMaterials/Substrate/Glints2/dict_0001_0049.uasset" 8048
"../../../Engine/Content/EngineMaterials/Substrate/Glints2/dict_0001_0073.uasset" 8049
"../../../Engine/Content/EngineMaterials/Substrate/Glints2/dict_0001_0082.uasset" 8050
"../../../Engine/Content/EngineMaterials/Substrate/Glints2/dict_0001_0080.uasset" 8051
"../../../Engine/Content/EngineMaterials/Substrate/Glints2/dict_0001_0077.uasset" 8052
"../../../Engine/Content/EngineMaterials/Substrate/Glints2/dict_0001_0075.uasset" 8053
"../../../Engine/Content/EngineMaterials/Substrate/Glints2/dict_0001_0074.uasset" 8054
"../../../Engine/Content/EngineMaterials/Substrate/Glints2/dict_0001_0081.uasset" 8055
"../../../Engine/Content/EngineMaterials/Substrate/Glints2/dict_0001_0079.uasset" 8056
"../../../Engine/Content/EngineMaterials/Substrate/Glints2/dict_0001_0078.uasset" 8057
"../../../Engine/Content/EngineMaterials/Substrate/Glints2/dict_0001_0055.uasset" 8058
"../../../Engine/Content/EngineMaterials/Substrate/Glints2/dict_0001_0085.uasset" 8059
"../../../Engine/Content/EngineMaterials/Substrate/Glints2/dict_0001_0090.uasset" 8060
"../../../Engine/Content/EngineMaterials/Substrate/Glints2/dict_0001_0089.uasset" 8061
"../../../Engine/Content/EngineMaterials/Substrate/Glints2/dict_0001_0087.uasset" 8062
"../../../Engine/Content/EngineMaterials/Substrate/Glints2/dict_0001_0088.uasset" 8063
"../../../Engine/Content/EngineMaterials/Substrate/Glints2/dict_0001_0086.uasset" 8064
"../../../Engine/Content/EngineMaterials/Substrate/Glints2/dict_0001_0056.uasset" 8065
"../../../Engine/Content/EngineMaterials/Substrate/Glints2/dict_0001_0083.uasset" 8066
"../../../Engine/Content/EngineMaterials/Substrate/Glints2/dict_0001_0084.uasset" 8067
"../../../Engine/Content/EngineMaterials/Substrate/Glints2/dict_0001_0076.uasset" 8068
"E:/unreal projects/MyProject/DerivedDataCache/VT/TEXTURE_7C16439390E24F1F9468894FB4D4BC55_VTCHUNK44B429B40BB45A070EB17C1259C28734996A2F49" 8069
"E:/unreal projects/MyProject/DerivedDataCache/VT/TEXTURE_7C16439390E24F1F9468894FB4D4BC55_VTCHUNK967C747FFC357A828288FA05D93CD5DCECDA891B" 8070
"/Engine/EngineMaterials/Substrate/Glints2/dict_0001_0028" 8071
"/Engine/EngineMaterials/Substrate/Glints2/dict_0001_0083" 8072
"/Engine/EngineMaterials/Substrate/Glints2/dict_0001_0074" 8073
"/Engine/EngineMaterials/Substrate/Glints2/dict_0001_0088" 8074
"/Engine/EngineMaterials/Substrate/Glints2/dict_0001_0038" 8075
"/Engine/EngineMaterials/Substrate/Glints2/dict_0001_0082" 8076
"/Engine/EngineMaterials/Substrate/Glints2/dict_0001_0081" 8077
"/Engine/EngineMaterials/Substrate/Glints2/dict_0001_0073" 8078
"/Engine/EngineMaterials/Substrate/Glints2/dict_0001_0087" 8079
"/Engine/EngineMaterials/Substrate/Glints2/dict_0001_0072" 8080
"/Engine/EngineMaterials/Substrate/Glints2/dict_0001_0080" 8081
"/Engine/EngineMaterials/Substrate/Glints2/dict_0001_0079" 8082
"/Engine/EngineMaterials/Substrate/Glints2/dict_0001_0024" 8083
"/Engine/EngineMaterials/Substrate/Glints2/dict_0001_0071" 8084
"/Engine/EngineMaterials/Substrate/Glints2/dict_0001_0067" 8085
"/Engine/EngineMaterials/Substrate/Glints2/dict_0001_0070" 8086
"/Engine/EngineMaterials/Substrate/Glints2/dict_0001_0066" 8087
"/Engine/EngineMaterials/Substrate/Glints2/dict_0001_0049" 8088
"/Engine/EngineMaterials/Substrate/Glints2/dict_0001_0056" 8089
"/Engine/EngineMaterials/Substrate/Glints2/dict_0001_0069" 8090
"/Engine/EngineMaterials/Substrate/Glints2/dict_0001_0090" 8091
"/Engine/EngineMaterials/Substrate/Glints2/dict_0001_0089" 8092
"/Engine/EngineMaterials/Substrate/Glints2/dict_0001_0086" 8093
"/Engine/EngineMaterials/Substrate/Glints2/dict_0001_0085" 8094
"/Engine/EngineMaterials/Substrate/Glints2/dict_0001_0055" 8095
"/Engine/EngineMaterials/Substrate/Glints2/dict_0001_0078" 8096
"/Engine/EngineMaterials/Substrate/Glints2/dict_0001_0013" 8097
"/Engine/EngineMaterials/Substrate/Glints2/dict_0001_0077" 8098
"/Engine/EngineMaterials/Substrate/Glints2/dict_0001_0076" 8099
"/Engine/EngineMaterials/Substrate/Glints2/dict_0001_0075" 8100
"/Engine/EngineMaterials/Substrate/Glints2/dict_0001_0084" 8101
"E:/unreal projects/MyProject/DerivedDataCache/VT/TEXTURE_7C16439390E24F1F9468894FB4D4BC55_VTCHUNK02D4C3BCAD7DFA48AB32B8281FB06B8B83DB6275" 8102
"/Engine/EngineMaterials/Substrate/Glints2/dict_0001_0068" 8103
"../../../Engine/Content/EngineMaterials/Substrate/Glints2/dict_0001_0096.uasset" 8104
"../../../Engine/Content/EngineMaterials/Substrate/Glints2/dict_0001_0094.uasset" 8105
"../../../Engine/Content/EngineMaterials/Substrate/Glints2/dict_0001_0091.uasset" 8106
"../../../Engine/Content/EngineMaterials/Substrate/Glints2/dict_0001_0101.uasset" 8107
"../../../Engine/Content/EngineMaterials/Substrate/Glints2/dict_0001_0100.uasset" 8108
"../../../Engine/Content/EngineMaterials/Substrate/Glints2/dict_0001_0095.uasset" 8109
"/Engine/EngineMaterials/Substrate/Glints2/dict_0001_0096" 8110
"../../../Engine/Content/EngineMaterials/Substrate/Glints2/dict_0001_0092.uasset" 8111
"../../../Engine/Content/EngineMaterials/Substrate/Glints2/dict_0001_0099.uasset" 8112
"../../../Engine/Content/EngineMaterials/Substrate/Glints2/dict_0001_0098.uasset" 8113
"../../../Engine/Content/EngineMaterials/Substrate/Glints2/dict_0001_0097.uasset" 8114
"../../../Engine/Content/EngineMaterials/Substrate/Glints2/dict_0001_0093.uasset" 8115
"/Engine/EngineMaterials/Substrate/Glints2/dict_0001_0094" 8116
"/Engine/EngineMaterials/Substrate/Glints2/dict_0001_0091" 8117
"../../../Engine/Content/EngineMaterials/Substrate/Glints2/dict_0001_0102.uasset" 8118
"/Engine/EngineMaterials/Substrate/Glints2/dict_0001_0101" 8119
"../../../Engine/Content/EngineMaterials/Substrate/Glints2/dict_0001_0105.uasset" 8120
"../../../Engine/Content/EngineMaterials/Substrate/Glints2/dict_0001_0104.uasset" 8121
"../../../Engine/Content/EngineMaterials/Substrate/Glints2/dict_0001_0103.uasset" 8122
"../../../Engine/Content/EngineMaterials/Substrate/Glints2/dict_0001_0111.uasset" 8123
"../../../Engine/Content/EngineMaterials/Substrate/Glints2/dict_0001_0107.uasset" 8124
"/Engine/EngineMaterials/Substrate/Glints2/dict_0001_0100" 8125
"../../../Engine/Content/EngineMaterials/Substrate/Glints2/dict_0001_0106.uasset" 8126
"../../../Engine/Content/EngineMaterials/Substrate/Glints2/dict_0001_0113.uasset" 8127
"../../../Engine/Content/EngineMaterials/Substrate/Glints2/dict_0001_0109.uasset" 8128
"/Engine/EngineMaterials/Substrate/Glints2/dict_0001_0099" 8129
"/Engine/EngineMaterials/Substrate/Glints2/dict_0001_0098" 8130
"../../../Engine/Content/EngineMaterials/Substrate/Glints2/dict_0001_0114.uasset" 8131
"../../../Engine/Content/EngineMaterials/Substrate/Glints2/dict_0001_0115.uasset" 8132
"../../../Engine/Content/EngineMaterials/Substrate/Glints2/dict_0001_0120.uasset" 8133
"../../../Engine/Content/EngineMaterials/Substrate/Glints2/dict_0001_0110.uasset" 8134
"/Engine/EngineMaterials/Substrate/Glints2/dict_0001_0097" 8135
"../../../Engine/Content/EngineMaterials/Substrate/Glints2/dict_0001_0112.uasset" 8136
"../../../Engine/Content/EngineMaterials/Substrate/Glints2/dict_0001_0118.uasset" 8137
"../../../Engine/Content/EngineMaterials/Substrate/Glints2/dict_0001_0119.uasset" 8138
"../../../Engine/Content/EngineMaterials/Substrate/Glints2/dict_0001_0117.uasset" 8139
"/Engine/EngineMaterials/Substrate/Glints2/dict_0001_0095" 8140
"../../../Engine/Content/EngineMaterials/Substrate/Glints2/dict_0001_0116.uasset" 8141
"../../../Engine/Content/EngineMaterials/Substrate/Glints2/dict_0001_0122.uasset" 8142
"/Engine/EngineMaterials/Substrate/Glints2/dict_0001_0093" 8143
"../../../Engine/Content/EngineMaterials/Substrate/Glints2/dict_0001_0124.uasset" 8144
"../../../Engine/Content/EngineMaterials/Substrate/Glints2/dict_0001_0123.uasset" 8145
"../../../Engine/Content/EngineMaterials/Substrate/Glints2/dict_0001_0121.uasset" 8146
"../../../Engine/Content/EngineMaterials/Substrate/Glints2/dict_0001_0108.uasset" 8147
"/Engine/EngineMaterials/Substrate/Glints2/dict_0001_0092" 8148
"../../../Engine/Content/EngineMaterials/Substrate/Glints2/dict_0001_0125.uasset" 8149
"E:/unreal projects/MyProject/DerivedDataCache/VT/TEXTURE_7C16439390E24F1F9468894FB4D4BC55_VTCHUNKC0393DE8C5B4673D99D1BECB92AA8C1F72FEB491" 8150
"/Engine/EngineMaterials/Substrate/Glints2/dict_0001_0122" 8151
"/Engine/EngineMaterials/Substrate/Glints2/dict_0001_0121" 8152
"/Engine/EngineMaterials/Substrate/Glints2/dict_0001_0120" 8153
"../../../Engine/Content/EngineMaterials/Substrate/Glints2/dict_0001_0130.uasset" 8154
"../../../Engine/Content/EngineMaterials/Substrate/Glints2/dict_0001_0131.uasset" 8155
"../../../Engine/Content/EngineMaterials/Substrate/Glints2/dict_0001_0129.uasset" 8156
"../../../Engine/Content/EngineMaterials/Substrate/Glints2/dict_0001_0126.uasset" 8157
"../../../Engine/Content/EngineMaterials/Substrate/Glints2/dict_0001_0128.uasset" 8158
"/Engine/EngineMaterials/Substrate/Glints2/dict_0001_0119" 8159
"/Engine/EngineMaterials/Substrate/Glints2/dict_0001_0118" 8160
"E:/unreal projects/MyProject/DerivedDataCache/VT/TEXTURE_7C16439390E24F1F9468894FB4D4BC55_VTCHUNK2A5F9F60441DA258D18B46D59C64D5BAD50E8EE3" 8161
"../../../Engine/Content/EngineMaterials/Substrate/Glints2/dict_0001_0133.uasset" 8162
"/Engine/EngineMaterials/Substrate/Glints2/dict_0001_0117" 8163
"../../../Engine/Content/EngineMaterials/Substrate/Glints2/dict_0001_0132.uasset" 8164
"../../../Engine/Content/EngineMaterials/Substrate/Glints2/dict_0001_0127.uasset" 8165
"/Engine/EngineMaterials/Substrate/Glints2/dict_0001_0116" 8166
"/Engine/EngineMaterials/Substrate/Glints2/dict_0001_0115" 8167
"/Engine/EngineMaterials/Substrate/Glints2/dict_0001_0114" 8168
"/Engine/EngineMaterials/Substrate/Glints2/dict_0001_0113" 8169
"/Engine/EngineMaterials/Substrate/Glints2/dict_0001_0112" 8170
"/Engine/EngineMaterials/Substrate/Glints2/dict_0001_0111" 8171
"/Engine/EngineMaterials/Substrate/Glints2/dict_0001_0110" 8172
"/Engine/EngineMaterials/Substrate/Glints2/dict_0001_0109" 8173
"/Engine/EngineMaterials/Substrate/Glints2/dict_0001_0108" 8174
"/Engine/EngineMaterials/Substrate/Glints2/dict_0001_0107" 8175
"/Engine/EngineMaterials/Substrate/Glints2/dict_0001_0106" 8176
"/Engine/EngineMaterials/Substrate/Glints2/dict_0001_0105" 8177
"/Engine/EngineMaterials/Substrate/Glints2/dict_0001_0104" 8178
"/Engine/EngineMaterials/Substrate/Glints2/dict_0001_0103" 8179
"/Engine/EngineMaterials/Substrate/Glints2/dict_0001_0102" 8180
"/Engine/EngineMaterials/Substrate/Glints2/dict_0001_0125" 8181
"/Engine/EngineMaterials/Substrate/Glints2/dict_0001_0124" 8182
"/Engine/EngineMaterials/Substrate/Glints2/dict_0001_0123" 8183
"/Engine/EngineMaterials/Substrate/Glints2/dict_0001_0133" 8184
"../../../Engine/Content/EngineMaterials/Substrate/Glints2/dict_0001_0140.uasset" 8185
"../../../Engine/Content/EngineMaterials/Substrate/Glints2/dict_0001_0141.uasset" 8186
"../../../Engine/Content/EngineMaterials/Substrate/Glints2/dict_0001_0136.uasset" 8187
"../../../Engine/Content/EngineMaterials/Substrate/Glints2/dict_0001_0137.uasset" 8188
"../../../Engine/Content/EngineMaterials/Substrate/Glints2/dict_0001_0138.uasset" 8189
"../../../Engine/Content/EngineMaterials/Substrate/Glints2/dict_0001_0142.uasset" 8190
"/Engine/EngineMaterials/Substrate/Glints2/dict_0001_0132" 8191
"../../../Engine/Content/EngineMaterials/Substrate/Glints2/dict_0001_0139.uasset" 8192
"/Engine/EngineMaterials/Substrate/Glints2/dict_0001_0131" 8193
"../../../Engine/Content/EngineMaterials/Substrate/Glints2/dict_0001_0143.uasset" 8194
"/Engine/EngineMaterials/Substrate/Glints2/dict_0001_0130" 8195
"../../../Engine/Content/EngineMaterials/Substrate/Glints2/dict_0001_0148.uasset" 8196
"../../../Engine/Content/EngineMaterials/Substrate/Glints2/dict_0001_0149.uasset" 8197
"../../../Engine/Content/EngineMaterials/Substrate/Glints2/dict_0001_0147.uasset" 8198
"../../../Engine/Content/EngineMaterials/Substrate/Glints2/dict_0001_0150.uasset" 8199
"../../../Engine/Content/EngineMaterials/Substrate/Glints2/dict_0001_0153.uasset" 8200
"../../../Engine/Content/EngineMaterials/Substrate/Glints2/dict_0001_0134.uasset" 8201
"/Engine/EngineMaterials/Substrate/Glints2/dict_0001_0129" 8202
"../../../Engine/Content/EngineMaterials/Substrate/Glints2/dict_0001_0145.uasset" 8203
"../../../Engine/Content/EngineMaterials/Substrate/Glints2/dict_0001_0146.uasset" 8204
"../../../Engine/Content/EngineMaterials/Substrate/Glints2/dict_0001_0135.uasset" 8205
"/Engine/EngineMaterials/Substrate/Glints2/dict_0001_0128" 8206
"../../../Engine/Content/EngineMaterials/Substrate/Glints2/dict_0001_0144.uasset" 8207
"/Engine/EngineMaterials/Substrate/Glints2/dict_0001_0127" 8208
"/Engine/EngineMaterials/Substrate/Glints2/dict_0001_0126" 8209
"/Engine/EngineMaterials/Substrate/Glints2/dict_0001_0153" 8210
"/Engine/EngineMaterials/Substrate/Glints2/dict_0001_0150" 8211
"/Engine/EngineMaterials/Substrate/Glints2/dict_0001_0149" 8212
"/Engine/EngineMaterials/Substrate/Glints2/dict_0001_0148" 8213
"/Engine/EngineMaterials/Substrate/Glints2/dict_0001_0147" 8214
"../../../Engine/Content/EngineMaterials/Substrate/Glints2/dict_0001_0154.uasset" 8215
"../../../Engine/Content/EngineMaterials/Substrate/Glints2/dict_0001_0155.uasset" 8216
"/Engine/EngineMaterials/Substrate/Glints2/dict_0001_0146" 8217
"/Engine/EngineMaterials/Substrate/Glints2/dict_0001_0145" 8218
"../../../Engine/Content/EngineMaterials/Substrate/Glints2/dict_0001_0151.uasset" 8219
"../../../Engine/Content/EngineMaterials/Substrate/Glints2/dict_0001_0157.uasset" 8220
"../../../Engine/Content/EngineMaterials/Substrate/Glints2/dict_0001_0156.uasset" 8221
"../../../Engine/Content/EngineMaterials/Substrate/Glints2/dict_0001_0164.uasset" 8222
"/Engine/EngineMaterials/Substrate/Glints2/dict_0001_0144" 8223
"../../../Engine/Content/EngineMaterials/Substrate/Glints2/dict_0001_0160.uasset" 8224
"../../../Engine/Content/EngineMaterials/Substrate/Glints2/dict_0001_0159.uasset" 8225
"../../../Engine/Content/EngineMaterials/Substrate/Glints2/dict_0001_0161.uasset" 8226
"../../../Engine/Content/EngineMaterials/Substrate/Glints2/dict_0001_0162.uasset" 8227
"../../../Engine/Content/EngineMaterials/Substrate/Glints2/dict_0001_0152.uasset" 8228
"../../../Engine/Content/EngineMaterials/Substrate/Glints2/dict_0001_0163.uasset" 8229
"../../../Engine/Content/EngineMaterials/Substrate/Glints2/dict_0001_0165.uasset" 8230
"../../../Engine/Content/EngineMaterials/Substrate/Glints2/dict_0001_0158.uasset" 8231
"/Engine/EngineMaterials/Substrate/Glints2/dict_0001_0143" 8232
"/Engine/EngineMaterials/Substrate/Glints2/dict_0001_0142" 8233
"/Engine/EngineMaterials/Substrate/Glints2/dict_0001_0141" 8234
"/Engine/EngineMaterials/Substrate/Glints2/dict_0001_0140" 8235
"/Engine/EngineMaterials/Substrate/Glints2/dict_0001_0139" 8236
"/Engine/EngineMaterials/Substrate/Glints2/dict_0001_0138" 8237
"/Engine/EngineMaterials/Substrate/Glints2/dict_0001_0137" 8238
"/Engine/EngineMaterials/Substrate/Glints2/dict_0001_0136" 8239
"/Engine/EngineMaterials/Substrate/Glints2/dict_0001_0135" 8240
"/Engine/EngineMaterials/Substrate/Glints2/dict_0001_0134" 8241
"/Engine/EngineMaterials/Substrate/Glints2/dict_0001_0157" 8242
"/Engine/EngineMaterials/Substrate/Glints2/dict_0001_0156" 8243
"/Engine/EngineMaterials/Substrate/Glints2/dict_0001_0155" 8244
"/Engine/EngineMaterials/Substrate/Glints2/dict_0001_0154" 8245
"../../../Engine/Content/EngineMaterials/Substrate/Glints2/dict_0001_0166.uasset" 8246
"../../../Engine/Content/EngineMaterials/Substrate/Glints2/dict_0001_0174.uasset" 8247
"../../../Engine/Content/EngineMaterials/Substrate/Glints2/dict_0001_0173.uasset" 8248
"../../../Engine/Content/EngineMaterials/Substrate/Glints2/dict_0001_0171.uasset" 8249
"../../../Engine/Content/EngineMaterials/Substrate/Glints2/dict_0001_0172.uasset" 8250
"../../../Engine/Content/EngineMaterials/Substrate/Glints2/dict_0001_0169.uasset" 8251
"../../../Engine/Content/EngineMaterials/Substrate/Glints2/dict_0001_0175.uasset" 8252
"../../../Engine/Content/EngineMaterials/Substrate/Glints2/dict_0001_0168.uasset" 8253
"/Engine/EngineMaterials/Substrate/Glints2/dict_0001_0152" 8254
"../../../Engine/Content/EngineMaterials/Substrate/Glints2/dict_0001_0181.uasset" 8255
"../../../Engine/Content/EngineMaterials/Substrate/Glints2/dict_0001_0179.uasset" 8256
"../../../Engine/Content/EngineMaterials/Substrate/Glints2/dict_0001_0180.uasset" 8257
"../../../Engine/Content/EngineMaterials/Substrate/Glints2/dict_0001_0176.uasset" 8258
"../../../Engine/Content/EngineMaterials/Substrate/Glints2/dict_0001_0170.uasset" 8259
"../../../Engine/Content/EngineMaterials/Substrate/Glints2/dict_0001_0177.uasset" 8260
"/Engine/EngineMaterials/Substrate/Glints2/dict_0001_0151" 8261
"../../../Engine/Content/EngineMaterials/Substrate/Glints2/dict_0001_0183.uasset" 8262
"../../../Engine/Content/EngineMaterials/Substrate/Glints2/dict_0001_0178.uasset" 8263
"/Engine/EngineMaterials/Substrate/Glints2/dict_0001_0165" 8264
"/Engine/EngineMaterials/Substrate/Glints2/dict_0001_0164" 8265
"/Engine/EngineMaterials/Substrate/Glints2/dict_0001_0163" 8266
"../../../Engine/Content/EngineMaterials/Substrate/Glints2/dict_0001_0167.uasset" 8267
"/Engine/EngineMaterials/Substrate/Glints2/dict_0001_0162" 8268
"/Engine/EngineMaterials/Substrate/Glints2/dict_0001_0161" 8269
"/Engine/EngineMaterials/Substrate/Glints2/dict_0001_0160" 8270
"/Engine/EngineMaterials/Substrate/Glints2/dict_0001_0159" 8271
"/Engine/EngineMaterials/Substrate/Glints2/dict_0001_0158" 8272
"../../../Engine/Content/EngineMaterials/Substrate/Glints2/dict_0001_0182.uasset" 8273
"/Engine/EngineMaterials/Substrate/Glints2/dict_0001_0183" 8274
"../../../Engine/Content/EngineMaterials/Substrate/Glints2/dict_0001_0185.uasset" 8275
"../../../Engine/Content/EngineMaterials/Substrate/Glints2/dict_0001_0191.uasset" 8276
"../../../Engine/Content/EngineMaterials/Substrate/Glints2/dict_0001_0188.uasset" 8277
"../../../Engine/Content/EngineMaterials/Substrate/Glints2/dict_0001_0192.uasset" 8278
"../../../Engine/Content/EngineMaterials/Substrate/Glints2/dict_0001_0187.uasset" 8279
"../../../Engine/Content/EngineMaterials/Substrate/Glints2/dict_0001_0186.uasset" 8280
"/Engine/EngineMaterials/Substrate/Glints2/dict_0001_0182" 8281
"../../../Engine/Content/EngineMaterials/Substrate/Glints2/dict_0001_0190.uasset" 8282
"../../../Engine/Content/EngineMaterials/Substrate/Glints2/dict_0001_0197.uasset" 8283
"../../../Engine/Content/EngineMaterials/Substrate/Glints2/dict_0001_0189.uasset" 8284
"/Engine/EngineMaterials/Substrate/Glints2/dict_0001_0181" 8285
"/Engine/EngineMaterials/Substrate/Glints2/dict_0001_0180" 8286
"/Engine/EngineMaterials/Substrate/Glints2/dict_0001_0179" 8287
"/Engine/EngineMaterials/Substrate/Glints2/dict_0001_0178" 8288
"../../../Engine/Content/EngineMaterials/Substrate/Glints2/dict_0001_0195.uasset" 8289
"/Engine/EngineMaterials/Substrate/Glints2/dict_0001_0177" 8290
"../../../Engine/Content/EngineMaterials/Substrate/Glints2/dict_0001_0184.uasset" 8291
"../../../Engine/Content/EngineMaterials/Substrate/Glints2/dict_0001_0194.uasset" 8292
"../../../Engine/Content/EngineMaterials/Substrate/Glints2/dict_0001_0193.uasset" 8293
"/Engine/EngineMaterials/Substrate/Glints2/dict_0001_0176" 8294
"/Engine/EngineMaterials/Substrate/Glints2/dict_0001_0175" 8295
"/Engine/EngineMaterials/Substrate/Glints2/dict_0001_0174" 8296
"/Engine/EngineMaterials/Substrate/Glints2/dict_0001_0173" 8297
"/Engine/EngineMaterials/Substrate/Glints2/dict_0001_0172" 8298
"/Engine/EngineMaterials/Substrate/Glints2/dict_0001_0171" 8299
"/Engine/EngineMaterials/Substrate/Glints2/dict_0001_0170" 8300
"/Engine/EngineMaterials/Substrate/Glints2/dict_0001_0169" 8301
"/Engine/EngineMaterials/Substrate/Glints2/dict_0001_0168" 8302
"/Engine/EngineMaterials/Substrate/Glints2/dict_0001_0167" 8303
"/Engine/EngineMaterials/Substrate/Glints2/dict_0001_0166" 8304
"../../../Engine/Content/EngineMaterials/Substrate/Glints2/dict_0001_0196.uasset" 8305
"/Engine/EngineMaterials/Substrate/Glints2/dict_0001_0197" 8306
"/Engine/EngineMaterials/Substrate/Glints2/dict_0001_0196" 8307
"../../../Engine/Content/EngineMaterials/Substrate/Glints2/dict_0001_0205.uasset" 8308
"../../../Engine/Content/EngineMaterials/Substrate/Glints2/dict_0001_0200.uasset" 8309
"../../../Engine/Content/EngineMaterials/Substrate/Glints2/dict_0001_0201.uasset" 8310
"../../../Engine/Content/EngineMaterials/Substrate/Glints2/dict_0001_0203.uasset" 8311
"../../../Engine/Content/EngineMaterials/Substrate/Glints2/dict_0001_0204.uasset" 8312
"../../../Engine/Content/EngineMaterials/Substrate/Glints2/dict_0001_0198.uasset" 8313
"../../../Engine/Content/EngineMaterials/Substrate/Glints2/dict_0001_0199.uasset" 8314
"../../../Engine/Content/EngineMaterials/Substrate/Glints2/dict_0001_0210.uasset" 8315
"../../../Engine/Content/EngineMaterials/Substrate/Glints2/dict_0001_0207.uasset" 8316
"/Engine/EngineMaterials/Substrate/Glints2/dict_0001_0195" 8317
"../../../Engine/Content/EngineMaterials/Substrate/Glints2/dict_0001_0213.uasset" 8318
"../../../Engine/Content/EngineMaterials/Substrate/Glints2/dict_0001_0214.uasset" 8319
"../../../Engine/Content/EngineMaterials/Substrate/Glints2/dict_0001_0212.uasset" 8320
"/Engine/EngineMaterials/Substrate/Glints2/dict_0001_0194" 8321
"../../../Engine/Content/EngineMaterials/Substrate/Glints2/dict_0001_0215.uasset" 8322
"../../../Engine/Content/EngineMaterials/Substrate/Glints2/dict_0001_0211.uasset" 8323
"../../../Engine/Content/EngineMaterials/Substrate/Glints2/dict_0001_0208.uasset" 8324
"../../../Engine/Content/EngineMaterials/Substrate/Glints2/dict_0001_0209.uasset" 8325
"../../../Engine/Content/EngineMaterials/Substrate/Glints2/dict_0001_0202.uasset" 8326
"../../../Engine/Content/EngineMaterials/Substrate/Glints2/dict_0001_0206.uasset" 8327
"/Engine/EngineMaterials/Substrate/Glints2/dict_0001_0193" 8328
"/Engine/EngineMaterials/Substrate/Glints2/dict_0001_0192" 8329
"/Engine/EngineMaterials/Substrate/Glints2/dict_0001_0191" 8330
"/Engine/EngineMaterials/Substrate/Glints2/dict_0001_0190" 8331
"/Engine/EngineMaterials/Substrate/Glints2/dict_0001_0189" 8332
"/Engine/EngineMaterials/Substrate/Glints2/dict_0001_0188" 8333
"/Engine/EngineMaterials/Substrate/Glints2/dict_0001_0187" 8334
"/Engine/EngineMaterials/Substrate/Glints2/dict_0001_0186" 8335
"/Engine/EngineMaterials/Substrate/Glints2/dict_0001_0185" 8336
"/Engine/EngineMaterials/Substrate/Glints2/dict_0001_0184" 8337
"/Engine/EngineMaterials/Substrate/Glints2/dict_0001_0215" 8338
"/Engine/EngineMaterials/Substrate/Glints2/dict_0001_0214" 8339
"/Engine/EngineMaterials/Substrate/Glints2/dict_0001_0213" 8340
"../../../Engine/Content/EngineMaterials/Substrate/Glints2/dict_0001_0221.uasset" 8341
"../../../Engine/Content/EngineMaterials/Substrate/Glints2/dict_0001_0219.uasset" 8342
"../../../Engine/Content/EngineMaterials/Substrate/Glints2/dict_0001_0218.uasset" 8343
"../../../Engine/Content/EngineMaterials/Substrate/Glints2/dict_0001_0223.uasset" 8344
"../../../Engine/Content/EngineMaterials/Substrate/Glints2/dict_0001_0222.uasset" 8345
"../../../Engine/Content/EngineMaterials/Substrate/Glints2/dict_0001_0217.uasset" 8346
"../../../Engine/Content/EngineMaterials/Substrate/Glints2/dict_0001_0220.uasset" 8347
"../../../Engine/Content/EngineMaterials/Substrate/Glints2/dict_0001_0225.uasset" 8348
"/Engine/EngineMaterials/Substrate/Glints2/dict_0001_0212" 8349
"../../../Engine/Content/EngineMaterials/Substrate/Glints2/dict_0001_0228.uasset" 8350
"/Engine/EngineMaterials/Substrate/Glints2/dict_0001_0211" 8351
"../../../Engine/Content/EngineMaterials/Substrate/Glints2/dict_0001_0226.uasset" 8352
"../../../Engine/Content/EngineMaterials/Substrate/Glints2/dict_0001_0229.uasset" 8353
"../../../Engine/Content/EngineMaterials/Substrate/Glints2/dict_0001_0224.uasset" 8354
"../../../Engine/Content/EngineMaterials/Substrate/Glints2/dict_0001_0216.uasset" 8355
"/Engine/EngineMaterials/Substrate/Glints2/dict_0001_0210" 8356
"/Engine/EngineMaterials/Substrate/Glints2/dict_0001_0209" 8357
"/Engine/EngineMaterials/Substrate/Glints2/dict_0001_0208" 8358
"../../../Engine/Content/EngineMaterials/Substrate/Glints2/dict_0001_0227.uasset" 8359
"/Engine/EngineMaterials/Substrate/Glints2/dict_0001_0207" 8360
"/Engine/EngineMaterials/Substrate/Glints2/dict_0001_0206" 8361
"/Engine/EngineMaterials/Substrate/Glints2/dict_0001_0205" 8362
"/Engine/EngineMaterials/Substrate/Glints2/dict_0001_0204" 8363
"/Engine/EngineMaterials/Substrate/Glints2/dict_0001_0203" 8364
"/Engine/EngineMaterials/Substrate/Glints2/dict_0001_0202" 8365
"/Engine/EngineMaterials/Substrate/Glints2/dict_0001_0201" 8366
"/Engine/EngineMaterials/Substrate/Glints2/dict_0001_0200" 8367
"/Engine/EngineMaterials/Substrate/Glints2/dict_0001_0199" 8368
"/Engine/EngineMaterials/Substrate/Glints2/dict_0001_0198" 8369
"/Engine/EngineMaterials/Substrate/Glints2/dict_0001_0229" 8370
"/Engine/EngineMaterials/Substrate/Glints2/dict_0001_0228" 8371
"/Engine/EngineMaterials/Substrate/Glints2/dict_0001_0227" 8372
"/Engine/EngineMaterials/Substrate/Glints2/dict_0001_0226" 8373
"/Engine/EngineMaterials/Substrate/Glints2/dict_0001_0225" 8374
"/Engine/EngineMaterials/Substrate/Glints2/dict_0001_0224" 8375
"/Engine/EngineMaterials/Substrate/Glints2/dict_0001_0223" 8376
"/Engine/EngineMaterials/Substrate/Glints2/dict_0001_0222" 8377
"/Engine/EngineMaterials/Substrate/Glints2/dict_0001_0221" 8378
"/Engine/EngineMaterials/Substrate/Glints2/dict_0001_0220" 8379
"/Engine/EngineMaterials/Substrate/Glints2/dict_0001_0219" 8380
"/Engine/EngineMaterials/Substrate/Glints2/dict_0001_0218" 8381
"/Engine/EngineMaterials/Substrate/Glints2/dict_0001_0217" 8382
"/Engine/EngineMaterials/Substrate/Glints2/dict_0001_0216" 8383
"../../../Engine/Content/EngineMaterials/Substrate/Glints2/dict_0001_0233.uasset" 8384
"../../../Engine/Content/EngineMaterials/Substrate/Glints2/dict_0001_0230.uasset" 8385
"../../../Engine/Content/EngineMaterials/Substrate/Glints2/dict_0001_0234.uasset" 8386
"../../../Engine/Content/EngineMaterials/Substrate/Glints2/dict_0001_0235.uasset" 8387
"../../../Engine/Content/EngineMaterials/Substrate/Glints2/dict_0001_0231.uasset" 8388
"../../../Engine/Content/EngineMaterials/Substrate/Glints2/dict_0001_0232.uasset" 8389
"../../../Engine/Content/EngineMaterials/Substrate/Glints2/dict_0001_0240.uasset" 8390
"../../../Engine/Content/EngineMaterials/Substrate/Glints2/dict_0001_0237.uasset" 8391
"../../../Engine/Content/EngineMaterials/Substrate/Glints2/dict_0001_0236.uasset" 8392
"../../../Engine/Content/EngineMaterials/Substrate/Glints2/dict_0001_0245.uasset" 8393
"../../../Engine/Content/EngineMaterials/Substrate/Glints2/dict_0001_0243.uasset" 8394
"../../../Engine/Content/EngineMaterials/Substrate/Glints2/dict_0001_0248.uasset" 8395
"../../../Engine/Content/EngineMaterials/Substrate/Glints2/dict_0001_0246.uasset" 8396
"../../../Engine/Content/EngineMaterials/Substrate/Glints2/dict_0001_0244.uasset" 8397
"../../../Engine/Content/EngineMaterials/Substrate/Glints2/dict_0001_0252.uasset" 8398
"../../../Engine/Content/EngineMaterials/Substrate/Glints2/dict_0001_0251.uasset" 8399
"../../../Engine/Content/EngineMaterials/Substrate/Glints2/dict_0002_0000.uasset" 8400
"../../../Engine/Content/EngineMaterials/Substrate/Glints2/dict_0001_0254.uasset" 8401
"../../../Engine/Content/EngineMaterials/Substrate/Glints2/dict_0001_0253.uasset" 8402
"../../../Engine/Content/EngineMaterials/Substrate/Glints2/dict_0001_0250.uasset" 8403
"../../../Engine/Content/EngineMaterials/Substrate/Glints2/dict_0001_0247.uasset" 8404
"../../../Engine/Content/EngineMaterials/Substrate/Glints2/dict_0001_0242.uasset" 8405
"../../../Engine/Content/EngineMaterials/Substrate/Glints2/dict_0001_0239.uasset" 8406
"/Engine/EngineMaterials/Substrate/Glints2/dict_0001_0247" 8407
"../../../Engine/Content/EngineMaterials/Substrate/Glints2/dict_0001_0241.uasset" 8408
"/Engine/EngineMaterials/Substrate/Glints2/dict_0002_0000" 8409
"/Engine/EngineMaterials/Substrate/Glints2/dict_0001_0246" 8410
"/Engine/EngineMaterials/Substrate/Glints2/dict_0001_0245" 8411
"/Engine/EngineMaterials/Substrate/Glints2/dict_0001_0244" 8412
"../../../Engine/Content/EngineMaterials/Substrate/Glints2/dict_0001_0255.uasset" 8413
"../../../Engine/Content/EngineMaterials/Substrate/Glints2/dict_0002_0005.uasset" 8414
"../../../Engine/Content/EngineMaterials/Substrate/Glints2/dict_0002_0004.uasset" 8415
"../../../Engine/Content/EngineMaterials/Substrate/Glints2/dict_0002_0003.uasset" 8416
"../../../Engine/Content/EngineMaterials/Substrate/Glints2/dict_0002_0001.uasset" 8417
"/Engine/EngineMaterials/Substrate/Glints2/dict_0001_0243" 8418
"../../../Engine/Content/EngineMaterials/Substrate/Glints2/dict_0001_0249.uasset" 8419
"../../../Engine/Content/EngineMaterials/Substrate/Glints2/dict_0002_0002.uasset" 8420
"/Engine/EngineMaterials/Substrate/Glints2/dict_0001_0242" 8421
"../../../Engine/Content/EngineMaterials/Substrate/Glints2/dict_0001_0238.uasset" 8422
"/Engine/EngineMaterials/Substrate/Glints2/dict_0001_0240" 8423
"/Engine/EngineMaterials/Substrate/Glints2/dict_0001_0237" 8424
"/Engine/EngineMaterials/Substrate/Glints2/dict_0001_0236" 8425
"/Engine/EngineMaterials/Substrate/Glints2/dict_0001_0235" 8426
"/Engine/EngineMaterials/Substrate/Glints2/dict_0001_0234" 8427
"/Engine/EngineMaterials/Substrate/Glints2/dict_0001_0233" 8428
"/Engine/EngineMaterials/Substrate/Glints2/dict_0001_0254" 8429
"/Engine/EngineMaterials/Substrate/Glints2/dict_0001_0253" 8430
"/Engine/EngineMaterials/Substrate/Glints2/dict_0001_0252" 8431
"/Engine/EngineMaterials/Substrate/Glints2/dict_0001_0251" 8432
"/Engine/EngineMaterials/Substrate/Glints2/dict_0001_0232" 8433
"/Engine/EngineMaterials/Substrate/Glints2/dict_0001_0250" 8434
"/Engine/EngineMaterials/Substrate/Glints2/dict_0001_0231" 8435
"/Engine/EngineMaterials/Substrate/Glints2/dict_0001_0248" 8436
"/Engine/EngineMaterials/Substrate/Glints2/dict_0001_0230" 8437
"/Engine/EngineMaterials/Substrate/Glints2/dict_0002_0005" 8438
"/Engine/EngineMaterials/Substrate/Glints2/dict_0002_0004" 8439
"/Engine/EngineMaterials/Substrate/Glints2/dict_0002_0003" 8440
"/Engine/EngineMaterials/Substrate/Glints2/dict_0002_0002" 8441
"/Engine/EngineMaterials/Substrate/Glints2/dict_0002_0001" 8442
"/Engine/EngineMaterials/Substrate/Glints2/dict_0001_0241" 8443
"/Engine/EngineMaterials/Substrate/Glints2/dict_0001_0239" 8444
"/Engine/EngineMaterials/Substrate/Glints2/dict_0001_0238" 8445
"../../../Engine/Content/EngineMaterials/Substrate/Glints2/dict_0002_0010.uasset" 8446
"../../../Engine/Content/EngineMaterials/Substrate/Glints2/dict_0002_0007.uasset" 8447
"../../../Engine/Content/EngineMaterials/Substrate/Glints2/dict_0002_0011.uasset" 8448
"../../../Engine/Content/EngineMaterials/Substrate/Glints2/dict_0002_0008.uasset" 8449
"/Engine/EngineMaterials/Substrate/Glints2/dict_0001_0255" 8450
"../../../Engine/Content/EngineMaterials/Substrate/Glints2/dict_0002_0012.uasset" 8451
"../../../Engine/Content/EngineMaterials/Substrate/Glints2/dict_0002_0009.uasset" 8452
"../../../Engine/Content/EngineMaterials/Substrate/Glints2/dict_0002_0022.uasset" 8453
"../../../Engine/Content/EngineMaterials/Substrate/Glints2/dict_0002_0021.uasset" 8454
"../../../Engine/Content/EngineMaterials/Substrate/Glints2/dict_0002_0019.uasset" 8455
"/Engine/EngineMaterials/Substrate/Glints2/dict_0001_0249" 8456
"../../../Engine/Content/EngineMaterials/Substrate/Glints2/dict_0002_0014.uasset" 8457
"../../../Engine/Content/EngineMaterials/Substrate/Glints2/dict_0002_0013.uasset" 8458
"/Engine/EngineMaterials/Substrate/Glints2/dict_0002_0022" 8459
"../../../Engine/Content/EngineMaterials/Substrate/Glints2/dict_0002_0023.uasset" 8460
"../../../Engine/Content/EngineMaterials/Substrate/Glints2/dict_0002_0024.uasset" 8461
"../../../Engine/Content/EngineMaterials/Substrate/Glints2/dict_0002_0026.uasset" 8462
"../../../Engine/Content/EngineMaterials/Substrate/Glints2/dict_0002_0025.uasset" 8463
"../../../Engine/Content/EngineMaterials/Substrate/Glints2/dict_0002_0006.uasset" 8464
"../../../Engine/Content/EngineMaterials/Substrate/Glints2/dict_0002_0027.uasset" 8465
"../../../Engine/Content/EngineMaterials/Substrate/Glints2/dict_0002_0020.uasset" 8466
"/Engine/EngineMaterials/Substrate/Glints2/dict_0002_0021" 8467
"/Engine/EngineMaterials/Substrate/Glints2/dict_0002_0019" 8468
"/Engine/EngineMaterials/Substrate/Glints2/dict_0002_0014" 8469
"../../../Engine/Content/EngineMaterials/Substrate/Glints2/dict_0002_0032.uasset" 8470
"../../../Engine/Content/EngineMaterials/Substrate/Glints2/dict_0002_0030.uasset" 8471
"../../../Engine/Content/EngineMaterials/Substrate/Glints2/dict_0002_0029.uasset" 8472
"../../../Engine/Content/EngineMaterials/Substrate/Glints2/dict_0002_0034.uasset" 8473
"/Engine/EngineMaterials/Substrate/Glints2/dict_0002_0012" 8474
"../../../Engine/Content/EngineMaterials/Substrate/Glints2/dict_0002_0028.uasset" 8475
"../../../Engine/Content/EngineMaterials/Substrate/Glints2/dict_0002_0017.uasset" 8476
"../../../Engine/Content/EngineMaterials/Substrate/Glints2/dict_0002_0031.uasset" 8477
"/Engine/EngineMaterials/Substrate/Glints2/dict_0002_0011" 8478
"../../../Engine/Content/EngineMaterials/Substrate/Glints2/dict_0002_0037.uasset" 8479
"../../../Engine/Content/EngineMaterials/Substrate/Glints2/dict_0002_0015.uasset" 8480
"../../../Engine/Content/EngineMaterials/Substrate/Glints2/dict_0002_0036.uasset" 8481
"../../../Engine/Content/EngineMaterials/Substrate/Glints2/dict_0002_0033.uasset" 8482
"/Engine/EngineMaterials/Substrate/Glints2/dict_0002_0010" 8483
"/Engine/EngineMaterials/Substrate/Glints2/dict_0002_0009" 8484
"/Engine/EngineMaterials/Substrate/Glints2/dict_0002_0008" 8485
"/Engine/EngineMaterials/Substrate/Glints2/dict_0002_0007" 8486
"/Engine/EngineMaterials/Substrate/Glints2/dict_0002_0037" 8487
"/Engine/EngineMaterials/Substrate/Glints2/dict_0002_0036" 8488
"../../../Engine/Content/EngineMaterials/Substrate/Glints2/dict_0002_0035.uasset" 8489
"../../../Engine/Content/EngineMaterials/Substrate/Glints2/dict_0002_0044.uasset" 8490
"../../../Engine/Content/EngineMaterials/Substrate/Glints2/dict_0002_0040.uasset" 8491
"../../../Engine/Content/EngineMaterials/Substrate/Glints2/dict_0002_0039.uasset" 8492
"../../../Engine/Content/EngineMaterials/Substrate/Glints2/dict_0002_0041.uasset" 8493
"../../../Engine/Content/EngineMaterials/Substrate/Glints2/dict_0002_0045.uasset" 8494
"../../../Engine/Content/EngineMaterials/Substrate/Glints2/dict_0002_0042.uasset" 8495
"../../../Engine/Content/EngineMaterials/Substrate/Glints2/dict_0002_0043.uasset" 8496
"../../../Engine/Content/EngineMaterials/Substrate/Glints2/dict_0002_0046.uasset" 8497
"../../../Engine/Content/EngineMaterials/Substrate/Glints2/dict_0002_0038.uasset" 8498
"../../../Engine/Content/EngineMaterials/Substrate/Glints2/dict_0002_0016.uasset" 8499
"../../../Engine/Content/EngineMaterials/Substrate/Glints2/dict_0002_0018.uasset" 8500
"/Engine/EngineMaterials/Substrate/Glints2/dict_0002_0034" 8501
"/Engine/EngineMaterials/Substrate/Glints2/dict_0002_0027" 8502
"/Engine/EngineMaterials/Substrate/Glints2/dict_0002_0033" 8503
"/Engine/EngineMaterials/Substrate/Glints2/dict_0002_0026" 8504
"/Engine/EngineMaterials/Substrate/Glints2/dict_0002_0025" 8505
"/Engine/EngineMaterials/Substrate/Glints2/dict_0002_0024" 8506
"/Engine/EngineMaterials/Substrate/Glints2/dict_0002_0023" 8507
"/Engine/EngineMaterials/Substrate/Glints2/dict_0002_0032" 8508
"/Engine/EngineMaterials/Substrate/Glints2/dict_0002_0020" 8509
"/Engine/EngineMaterials/Substrate/Glints2/dict_0002_0031" 8510
"/Engine/EngineMaterials/Substrate/Glints2/dict_0002_0030" 8511
"/Engine/EngineMaterials/Substrate/Glints2/dict_0002_0017" 8512
"/Engine/EngineMaterials/Substrate/Glints2/dict_0002_0015" 8513
"/Engine/EngineMaterials/Substrate/Glints2/dict_0002_0029" 8514
"../../../Engine/Content/EngineMaterials/Substrate/Glints2/dict_0002_0047.uasset" 8515
"/Engine/EngineMaterials/Substrate/Glints2/dict_0002_0013" 8516
"/Engine/EngineMaterials/Substrate/Glints2/dict_0002_0028" 8517
"/Engine/EngineMaterials/Substrate/Glints2/dict_0002_0006" 8518
"/Engine/EngineMaterials/Substrate/Glints2/dict_0002_0035" 8519
"/Engine/EngineMaterials/Substrate/Glints2/dict_0002_0047" 8520
"/Engine/EngineMaterials/Substrate/Glints2/dict_0002_0046" 8521
"../../../Engine/Content/EngineMaterials/Substrate/Glints2/dict_0002_0055.uasset" 8522
"../../../Engine/Content/EngineMaterials/Substrate/Glints2/dict_0002_0050.uasset" 8523
"../../../Engine/Content/EngineMaterials/Substrate/Glints2/dict_0002_0052.uasset" 8524
"../../../Engine/Content/EngineMaterials/Substrate/Glints2/dict_0002_0049.uasset" 8525
"../../../Engine/Content/EngineMaterials/Substrate/Glints2/dict_0002_0053.uasset" 8526
"../../../Engine/Content/EngineMaterials/Substrate/Glints2/dict_0002_0054.uasset" 8527
"/Engine/EngineMaterials/Substrate/Glints2/dict_0002_0045" 8528
"../../../Engine/Content/EngineMaterials/Substrate/Glints2/dict_0002_0064.uasset" 8529
"../../../Engine/Content/EngineMaterials/Substrate/Glints2/dict_0002_0061.uasset" 8530
"../../../Engine/Content/EngineMaterials/Substrate/Glints2/dict_0002_0063.uasset" 8531
"../../../Engine/Content/EngineMaterials/Substrate/Glints2/dict_0002_0051.uasset" 8532
"../../../Engine/Content/EngineMaterials/Substrate/Glints2/dict_0002_0062.uasset" 8533
"../../../Engine/Content/EngineMaterials/Substrate/Glints2/dict_0002_0060.uasset" 8534
"/Engine/EngineMaterials/Substrate/Glints2/dict_0002_0018" 8535
"../../../Engine/Content/EngineMaterials/Substrate/Glints2/dict_0002_0056.uasset" 8536
"../../../Engine/Content/EngineMaterials/Substrate/Glints2/dict_0002_0059.uasset" 8537
"../../../Engine/Content/EngineMaterials/Substrate/Glints2/dict_0002_0048.uasset" 8538
"/Engine/EngineMaterials/Substrate/Glints2/dict_0002_0016" 8539
"../../../Engine/Content/EngineMaterials/Substrate/Glints2/dict_0002_0057.uasset" 8540
"/Engine/EngineMaterials/Substrate/Glints2/dict_0002_0044" 8541
"/Engine/EngineMaterials/Substrate/Glints2/dict_0002_0043" 8542
"/Engine/EngineMaterials/Substrate/Glints2/dict_0002_0042" 8543
"/Engine/EngineMaterials/Substrate/Glints2/dict_0002_0041" 8544
"/Engine/EngineMaterials/Substrate/Glints2/dict_0002_0040" 8545
"../../../Engine/Content/EngineMaterials/Substrate/Glints2/dict_0002_0065.uasset" 8546
"/Engine/EngineMaterials/Substrate/Glints2/dict_0002_0039" 8547
"../../../Engine/Content/EngineMaterials/Substrate/Glints2/dict_0002_0066.uasset" 8548
"/Engine/EngineMaterials/Substrate/Glints2/dict_0002_0038" 8549
"/Engine/EngineMaterials/Substrate/Glints2/dict_0002_0066" 8550
"../../../Engine/Content/EngineMaterials/Substrate/Glints2/dict_0002_0058.uasset" 8551
"../../../Engine/Content/EngineMaterials/Substrate/Glints2/dict_0002_0068.uasset" 8552
"../../../Engine/Content/EngineMaterials/Substrate/Glints2/dict_0002_0070.uasset" 8553
"../../../Engine/Content/EngineMaterials/Substrate/Glints2/dict_0002_0074.uasset" 8554
"../../../Engine/Content/EngineMaterials/Substrate/Glints2/dict_0002_0075.uasset" 8555
"../../../Engine/Content/EngineMaterials/Substrate/Glints2/dict_0002_0073.uasset" 8556
"../../../Engine/Content/EngineMaterials/Substrate/Glints2/dict_0002_0072.uasset" 8557
"../../../Engine/Content/EngineMaterials/Substrate/Glints2/dict_0002_0071.uasset" 8558
"/Engine/EngineMaterials/Substrate/Glints2/dict_0002_0065" 8559
"/Engine/EngineMaterials/Substrate/Glints2/dict_0002_0064" 8560
"/Engine/EngineMaterials/Substrate/Glints2/dict_0002_0063" 8561
"/Engine/EngineMaterials/Substrate/Glints2/dict_0002_0062" 8562
"../../../Engine/Content/EngineMaterials/Substrate/Glints2/dict_0002_0069.uasset" 8563
"/Engine/EngineMaterials/Substrate/Glints2/dict_0002_0061" 8564
"/Engine/EngineMaterials/Substrate/Glints2/dict_0002_0060" 8565
"../../../Engine/Content/EngineMaterials/Substrate/Glints2/dict_0002_0067.uasset" 8566
"../../../Engine/Content/EngineMaterials/Substrate/Glints2/dict_0002_0079.uasset" 8567
"../../../Engine/Content/EngineMaterials/Substrate/Glints2/dict_0002_0076.uasset" 8568
"../../../Engine/Content/EngineMaterials/Substrate/Glints2/dict_0002_0077.uasset" 8569
"../../../Engine/Content/EngineMaterials/Substrate/Glints2/dict_0002_0078.uasset" 8570
"/Engine/EngineMaterials/Substrate/Glints2/dict_0002_0059" 8571
"/Engine/EngineMaterials/Substrate/Glints2/dict_0002_0057" 8572
"/Engine/EngineMaterials/Substrate/Glints2/dict_0002_0056" 8573
"/Engine/EngineMaterials/Substrate/Glints2/dict_0002_0055" 8574
"/Engine/EngineMaterials/Substrate/Glints2/dict_0002_0054" 8575
"/Engine/EngineMaterials/Substrate/Glints2/dict_0002_0053" 8576
"/Engine/EngineMaterials/Substrate/Glints2/dict_0002_0052" 8577
"/Engine/EngineMaterials/Substrate/Glints2/dict_0002_0051" 8578
"/Engine/EngineMaterials/Substrate/Glints2/dict_0002_0050" 8579
"/Engine/EngineMaterials/Substrate/Glints2/dict_0002_0049" 8580
"/Engine/EngineMaterials/Substrate/Glints2/dict_0002_0048" 8581
"/Engine/EngineMaterials/Substrate/Glints2/dict_0002_0079" 8582
"/Engine/EngineMaterials/Substrate/Glints2/dict_0002_0058" 8583
"/Engine/EngineMaterials/Substrate/Glints2/dict_0002_0078" 8584
"/Engine/EngineMaterials/Substrate/Glints2/dict_0002_0077" 8585
"/Engine/EngineMaterials/Substrate/Glints2/dict_0002_0076" 8586
"../../../Engine/Content/EngineMaterials/Substrate/Glints2/dict_0002_0080.uasset" 8587
"../../../Engine/Content/EngineMaterials/Substrate/Glints2/dict_0002_0082.uasset" 8588
"../../../Engine/Content/EngineMaterials/Substrate/Glints2/dict_0002_0081.uasset" 8589
"../../../Engine/Content/EngineMaterials/Substrate/Glints2/dict_0002_0084.uasset" 8590
"../../../Engine/Content/EngineMaterials/Substrate/Glints2/dict_0002_0083.uasset" 8591
"/Engine/EngineMaterials/Substrate/Glints2/dict_0002_0075" 8592
"../../../Engine/Content/EngineMaterials/Substrate/Glints2/dict_0002_0085.uasset" 8593
"/Engine/EngineMaterials/Substrate/Glints2/dict_0002_0074" 8594
"/Engine/EngineMaterials/Substrate/Glints2/dict_0002_0073" 8595
"/Engine/EngineMaterials/Substrate/Glints2/dict_0002_0072" 8596
"/Engine/EngineMaterials/Substrate/Glints2/dict_0002_0071" 8597
"../../../Engine/Content/EngineMaterials/Substrate/Glints2/dict_0002_0091.uasset" 8598
"../../../Engine/Content/EngineMaterials/Substrate/Glints2/dict_0002_0096.uasset" 8599
"../../../Engine/Content/EngineMaterials/Substrate/Glints2/dict_0002_0094.uasset" 8600
"../../../Engine/Content/EngineMaterials/Substrate/Glints2/dict_0002_0095.uasset" 8601
"../../../Engine/Content/EngineMaterials/Substrate/Glints2/dict_0002_0087.uasset" 8602
"../../../Engine/Content/EngineMaterials/Substrate/Glints2/dict_0002_0093.uasset" 8603
"/Engine/EngineMaterials/Substrate/Glints2/dict_0002_0070" 8604
"../../../Engine/Content/EngineMaterials/Substrate/Glints2/dict_0002_0090.uasset" 8605
"../../../Engine/Content/EngineMaterials/Substrate/Glints2/dict_0002_0088.uasset" 8606
"/Engine/EngineMaterials/Substrate/Glints2/dict_0002_0069" 8607
"../../../Engine/Content/EngineMaterials/Substrate/Glints2/dict_0002_0092.uasset" 8608
"../../../Engine/Content/EngineMaterials/Substrate/Glints2/dict_0002_0097.uasset" 8609
"/Engine/EngineMaterials/Substrate/Glints2/dict_0002_0068" 8610
"../../../Engine/Content/EngineMaterials/Substrate/Glints2/dict_0002_0089.uasset" 8611
"/Engine/EngineMaterials/Substrate/Glints2/dict_0002_0067" 8612
"/Engine/EngineMaterials/Substrate/Glints2/dict_0002_0097" 8613
"../../../Engine/Content/EngineMaterials/Substrate/Glints2/dict_0002_0102.uasset" 8614
"../../../Engine/Content/EngineMaterials/Substrate/Glints2/dict_0002_0099.uasset" 8615
"../../../Engine/Content/EngineMaterials/Substrate/Glints2/dict_0002_0101.uasset" 8616
"../../../Engine/Content/EngineMaterials/Substrate/Glints2/dict_0002_0103.uasset" 8617
"../../../Engine/Content/EngineMaterials/Substrate/Glints2/dict_0002_0086.uasset" 8618
"../../../Engine/Content/EngineMaterials/Substrate/Glints2/dict_0002_0106.uasset" 8619
"/Engine/EngineMaterials/Substrate/Glints2/dict_0002_0096" 8620
"../../../Engine/Content/EngineMaterials/Substrate/Glints2/dict_0002_0104.uasset" 8621
"../../../Engine/Content/EngineMaterials/Substrate/Glints2/dict_0002_0098.uasset" 8622
"/Engine/EngineMaterials/Substrate/Glints2/dict_0002_0095" 8623
"../../../Engine/Content/EngineMaterials/Substrate/Glints2/dict_0002_0111.uasset" 8624
"../../../Engine/Content/EngineMaterials/Substrate/Glints2/dict_0002_0109.uasset" 8625
"../../../Engine/Content/EngineMaterials/Substrate/Glints2/dict_0002_0108.uasset" 8626
"../../../Engine/Content/EngineMaterials/Substrate/Glints2/dict_0002_0100.uasset" 8627
"../../../Engine/Content/EngineMaterials/Substrate/Glints2/dict_0002_0110.uasset" 8628
"../../../Engine/Content/EngineMaterials/Substrate/Glints2/dict_0002_0105.uasset" 8629
"/Engine/EngineMaterials/Substrate/Glints2/dict_0002_0094" 8630
"/Engine/EngineMaterials/Substrate/Glints2/dict_0002_0093" 8631
"/Engine/EngineMaterials/Substrate/Glints2/dict_0002_0092" 8632
"/Engine/EngineMaterials/Substrate/Glints2/dict_0002_0091" 8633
"/Engine/EngineMaterials/Substrate/Glints2/dict_0002_0090" 8634
"/Engine/EngineMaterials/Substrate/Glints2/dict_0002_0089" 8635
"/Engine/EngineMaterials/Substrate/Glints2/dict_0002_0088" 8636
"../../../Engine/Content/EngineMaterials/Substrate/Glints2/dict_0002_0107.uasset" 8637
"/Engine/EngineMaterials/Substrate/Glints2/dict_0002_0087" 8638
"/Engine/EngineMaterials/Substrate/Glints2/dict_0002_0085" 8639
"/Engine/EngineMaterials/Substrate/Glints2/dict_0002_0084" 8640
"/Engine/EngineMaterials/Substrate/Glints2/dict_0002_0083" 8641
"/Engine/EngineMaterials/Substrate/Glints2/dict_0002_0082" 8642
"/Engine/EngineMaterials/Substrate/Glints2/dict_0002_0081" 8643
"/Engine/EngineMaterials/Substrate/Glints2/dict_0002_0080" 8644
"/Engine/EngineMaterials/Substrate/Glints2/dict_0002_0111" 8645
"/Engine/EngineMaterials/Substrate/Glints2/dict_0002_0110" 8646
"../../../Engine/Content/EngineMaterials/Substrate/Glints2/dict_0002_0121.uasset" 8647
"../../../Engine/Content/EngineMaterials/Substrate/Glints2/dict_0002_0117.uasset" 8648
"../../../Engine/Content/EngineMaterials/Substrate/Glints2/dict_0002_0119.uasset" 8649
"../../../Engine/Content/EngineMaterials/Substrate/Glints2/dict_0002_0116.uasset" 8650
"../../../Engine/Content/EngineMaterials/Substrate/Glints2/dict_0002_0113.uasset" 8651
"../../../Engine/Content/EngineMaterials/Substrate/Glints2/dict_0002_0118.uasset" 8652
"../../../Engine/Content/EngineMaterials/Substrate/Glints2/dict_0002_0122.uasset" 8653
"/Engine/EngineMaterials/Substrate/Glints2/dict_0002_0109" 8654
"../../../Engine/Content/EngineMaterials/Substrate/Glints2/dict_0002_0115.uasset" 8655
"/Engine/EngineMaterials/Substrate/Glints2/dict_0002_0108" 8656
"/Engine/EngineMaterials/Substrate/Glints2/dict_0002_0086" 8657
"/Engine/EngineMaterials/Substrate/Glints2/dict_0002_0107" 8658
"/Engine/EngineMaterials/Substrate/Glints2/dict_0002_0106" 8659
"../../../Engine/Content/EngineMaterials/Substrate/Glints2/dict_0002_0120.uasset" 8660
"/Engine/EngineMaterials/Substrate/Glints2/dict_0002_0105" 8661
"../../../Engine/Content/EngineMaterials/Substrate/Glints2/dict_0002_0112.uasset" 8662
"/Engine/EngineMaterials/Substrate/Glints2/dict_0002_0104" 8663
"../../../Engine/Content/EngineMaterials/Substrate/Glints2/dict_0002_0126.uasset" 8664
"/Engine/EngineMaterials/Substrate/Glints2/dict_0002_0103" 8665
"../../../Engine/Content/EngineMaterials/Substrate/Glints2/dict_0002_0127.uasset" 8666
"../../../Engine/Content/EngineMaterials/Substrate/Glints2/dict_0002_0114.uasset" 8667
"../../../Engine/Content/EngineMaterials/Substrate/Glints2/dict_0002_0128.uasset" 8668
"/Engine/EngineMaterials/Substrate/Glints2/dict_0002_0102" 8669
"../../../Engine/Content/EngineMaterials/Substrate/Glints2/dict_0002_0123.uasset" 8670
"/Engine/EngineMaterials/Substrate/Glints2/dict_0002_0101" 8671
"../../../Engine/Content/EngineMaterials/Substrate/Glints2/dict_0002_0125.uasset" 8672
"../../../Engine/Content/EngineMaterials/Substrate/Glints2/dict_0002_0124.uasset" 8673
"/Engine/EngineMaterials/Substrate/Glints2/dict_0002_0100" 8674
"/Engine/EngineMaterials/Substrate/Glints2/dict_0002_0099" 8675
"/Engine/EngineMaterials/Substrate/Glints2/dict_0002_0098" 8676
"/Engine/EngineMaterials/Substrate/Glints2/dict_0002_0128" 8677
"/Engine/EngineMaterials/Substrate/Glints2/dict_0002_0127" 8678
"../../../Engine/Content/EngineMaterials/Substrate/Glints2/dict_0002_0138.uasset" 8679
"../../../Engine/Content/EngineMaterials/Substrate/Glints2/dict_0002_0133.uasset" 8680
"../../../Engine/Content/EngineMaterials/Substrate/Glints2/dict_0002_0134.uasset" 8681
"/Engine/EngineMaterials/Substrate/Glints2/dict_0002_0126" 8682
"../../../Engine/Content/EngineMaterials/Substrate/Glints2/dict_0002_0130.uasset" 8683
"../../../Engine/Content/EngineMaterials/Substrate/Glints2/dict_0002_0142.uasset" 8684
"../../../Engine/Content/EngineMaterials/Substrate/Glints2/dict_0002_0143.uasset" 8685
"../../../Engine/Content/EngineMaterials/Substrate/Glints2/dict_0002_0140.uasset" 8686
"../../../Engine/Content/EngineMaterials/Substrate/Glints2/dict_0002_0132.uasset" 8687
"../../../Engine/Content/EngineMaterials/Substrate/Glints2/dict_0002_0139.uasset" 8688
"../../../Engine/Content/EngineMaterials/Substrate/Glints2/dict_0002_0129.uasset" 8689
"../../../Engine/Content/EngineMaterials/Substrate/Glints2/dict_0002_0131.uasset" 8690
"/Engine/EngineMaterials/Substrate/Glints2/dict_0002_0125" 8691
"/Engine/EngineMaterials/Substrate/Glints2/dict_0002_0124" 8692
"/Engine/EngineMaterials/Substrate/Glints2/dict_0002_0123" 8693
"/Engine/EngineMaterials/Substrate/Glints2/dict_0002_0122" 8694
"/Engine/EngineMaterials/Substrate/Glints2/dict_0002_0121" 8695
"../../../Engine/Content/EngineMaterials/Substrate/Glints2/dict_0002_0141.uasset" 8696
"../../../Engine/Content/EngineMaterials/Substrate/Glints2/dict_0002_0136.uasset" 8697
"/Engine/EngineMaterials/Substrate/Glints2/dict_0002_0120" 8698
"/Engine/EngineMaterials/Substrate/Glints2/dict_0002_0119" 8699
"../../../Engine/Content/EngineMaterials/Substrate/Glints2/dict_0002_0135.uasset" 8700
"../../../Engine/Content/EngineMaterials/Substrate/Glints2/dict_0002_0137.uasset" 8701
"/Engine/EngineMaterials/Substrate/Glints2/dict_0002_0118" 8702
"/Engine/EngineMaterials/Substrate/Glints2/dict_0002_0117" 8703
"/Engine/EngineMaterials/Substrate/Glints2/dict_0002_0116" 8704
"/Engine/EngineMaterials/Substrate/Glints2/dict_0002_0115" 8705
"/Engine/EngineMaterials/Substrate/Glints2/dict_0002_0114" 8706
"/Engine/EngineMaterials/Substrate/Glints2/dict_0002_0113" 8707
"/Engine/EngineMaterials/Substrate/Glints2/dict_0002_0112" 8708
"/Engine/EngineMaterials/Substrate/Glints2/dict_0002_0143" 8709
"/Engine/EngineMaterials/Substrate/Glints2/dict_0002_0142" 8710
"/Engine/EngineMaterials/Substrate/Glints2/dict_0002_0141" 8711
"../../../Engine/Content/EngineMaterials/Substrate/Glints2/dict_0002_0145.uasset" 8712
"../../../Engine/Content/EngineMaterials/Substrate/Glints2/dict_0002_0147.uasset" 8713
"../../../Engine/Content/EngineMaterials/Substrate/Glints2/dict_0002_0153.uasset" 8714
"../../../Engine/Content/EngineMaterials/Substrate/Glints2/dict_0002_0154.uasset" 8715
"../../../Engine/Content/EngineMaterials/Substrate/Glints2/dict_0002_0146.uasset" 8716
"/Engine/EngineMaterials/Substrate/Glints2/dict_0002_0140" 8717
"/Engine/EngineMaterials/Substrate/Glints2/dict_0002_0139" 8718
"../../../Engine/Content/EngineMaterials/Substrate/Glints2/dict_0002_0159.uasset" 8719
"../../../Engine/Content/EngineMaterials/Substrate/Glints2/dict_0002_0156.uasset" 8720
"../../../Engine/Content/EngineMaterials/Substrate/Glints2/dict_0002_0155.uasset" 8721
"../../../Engine/Content/EngineMaterials/Substrate/Glints2/dict_0002_0157.uasset" 8722
"/Engine/EngineMaterials/Substrate/Glints2/dict_0002_0138" 8723
"../../../Engine/Content/EngineMaterials/Substrate/Glints2/dict_0002_0150.uasset" 8724
"../../../Engine/Content/EngineMaterials/Substrate/Glints2/dict_0002_0144.uasset" 8725
"/Engine/EngineMaterials/Substrate/Glints2/dict_0002_0137" 8726
"../../../Engine/Content/EngineMaterials/Substrate/Glints2/dict_0002_0158.uasset" 8727
"/Engine/EngineMaterials/Substrate/Glints2/dict_0002_0136" 8728
"/Engine/EngineMaterials/Substrate/Glints2/dict_0002_0135" 8729
"/Engine/EngineMaterials/Substrate/Glints2/dict_0002_0134" 8730
"../../../Engine/Content/EngineMaterials/Substrate/Glints2/dict_0002_0152.uasset" 8731
"../../../Engine/Content/EngineMaterials/Substrate/Glints2/dict_0002_0151.uasset" 8732
"../../../Engine/Content/EngineMaterials/Substrate/Glints2/dict_0002_0148.uasset" 8733
"../../../Engine/Content/EngineMaterials/Substrate/Glints2/dict_0002_0149.uasset" 8734
"/Engine/EngineMaterials/Substrate/Glints2/dict_0002_0133" 8735
"/Engine/EngineMaterials/Substrate/Glints2/dict_0002_0132" 8736
"/Engine/EngineMaterials/Substrate/Glints2/dict_0002_0131" 8737
"/Engine/EngineMaterials/Substrate/Glints2/dict_0002_0130" 8738
"/Engine/EngineMaterials/Substrate/Glints2/dict_0002_0129" 8739
"/Engine/EngineMaterials/Substrate/Glints2/dict_0002_0159" 8740
"/Engine/EngineMaterials/Substrate/Glints2/dict_0002_0158" 8741
"/Engine/EngineMaterials/Substrate/Glints2/dict_0002_0157" 8742
"../../../Engine/Content/EngineMaterials/Substrate/Glints2/dict_0002_0163.uasset" 8743
"../../../Engine/Content/EngineMaterials/Substrate/Glints2/dict_0002_0162.uasset" 8744
"../../../Engine/Content/EngineMaterials/Substrate/Glints2/dict_0002_0169.uasset" 8745
"../../../Engine/Content/EngineMaterials/Substrate/Glints2/dict_0002_0164.uasset" 8746
"/Engine/EngineMaterials/Substrate/Glints2/dict_0002_0156" 8747
"../../../Engine/Content/EngineMaterials/Substrate/Glints2/dict_0002_0165.uasset" 8748
"/Engine/EngineMaterials/Substrate/Glints2/dict_0002_0155" 8749
"/Engine/EngineMaterials/Substrate/Glints2/dict_0002_0154" 8750
"../../../Engine/Content/EngineMaterials/Substrate/Glints2/dict_0002_0167.uasset" 8751
"../../../Engine/Content/EngineMaterials/Substrate/Glints2/dict_0002_0160.uasset" 8752
"../../../Engine/Content/EngineMaterials/Substrate/Glints2/dict_0002_0175.uasset" 8753
"../../../Engine/Content/EngineMaterials/Substrate/Glints2/dict_0002_0173.uasset" 8754
"../../../Engine/Content/EngineMaterials/Substrate/Glints2/dict_0002_0161.uasset" 8755
"../../../Engine/Content/EngineMaterials/Substrate/Glints2/dict_0002_0168.uasset" 8756
"/Engine/EngineMaterials/Substrate/Glints2/dict_0002_0153" 8757
"../../../Engine/Content/EngineMaterials/Substrate/Glints2/dict_0002_0171.uasset" 8758
"../../../Engine/Content/EngineMaterials/Substrate/Glints2/dict_0002_0174.uasset" 8759
"../../../Engine/Content/EngineMaterials/Substrate/Glints2/dict_0002_0166.uasset" 8760
"/Engine/EngineMaterials/Substrate/Glints2/dict_0002_0152" 8761
"../../../Engine/Content/EngineMaterials/Substrate/Glints2/dict_0002_0172.uasset" 8762
"../../../Engine/Content/EngineMaterials/Substrate/Glints2/dict_0002_0170.uasset" 8763
"/Engine/EngineMaterials/Substrate/Glints2/dict_0002_0151" 8764
"/Engine/EngineMaterials/Substrate/Glints2/dict_0002_0150" 8765
"/Engine/EngineMaterials/Substrate/Glints2/dict_0002_0149" 8766
"/Engine/EngineMaterials/Substrate/Glints2/dict_0002_0148" 8767
"/Engine/EngineMaterials/Substrate/Glints2/dict_0002_0147" 8768
"/Engine/EngineMaterials/Substrate/Glints2/dict_0002_0146" 8769
"/Engine/EngineMaterials/Substrate/Glints2/dict_0002_0145" 8770
"/Engine/EngineMaterials/Substrate/Glints2/dict_0002_0144" 8771
"/Engine/EngineMaterials/Substrate/Glints2/dict_0002_0160" 8772
"/Engine/EngineMaterials/Substrate/Glints2/dict_0002_0175" 8773
"../../../Engine/Content/EngineMaterials/Substrate/Glints2/dict_0002_0181.uasset" 8774
"../../../Engine/Content/EngineMaterials/Substrate/Glints2/dict_0002_0179.uasset" 8775
"../../../Engine/Content/EngineMaterials/Substrate/Glints2/dict_0002_0180.uasset" 8776
"../../../Engine/Content/EngineMaterials/Substrate/Glints2/dict_0002_0176.uasset" 8777
"../../../Engine/Content/EngineMaterials/Substrate/Glints2/dict_0002_0177.uasset" 8778
"/Engine/EngineMaterials/Substrate/Glints2/dict_0002_0174" 8779
"/Engine/EngineMaterials/Substrate/Glints2/dict_0002_0173" 8780
"../../../Engine/Content/EngineMaterials/Substrate/Glints2/dict_0002_0183.uasset" 8781
"../../../Engine/Content/EngineMaterials/Substrate/Glints2/dict_0002_0178.uasset" 8782
"../../../Engine/Content/EngineMaterials/Substrate/Glints2/dict_0002_0182.uasset" 8783
"../../../Engine/Content/EngineMaterials/Substrate/Glints2/dict_0002_0186.uasset" 8784
"../../../Engine/Content/EngineMaterials/Substrate/Glints2/dict_0002_0184.uasset" 8785
"/Engine/EngineMaterials/Substrate/Glints2/dict_0002_0172" 8786
"../../../Engine/Content/EngineMaterials/Substrate/Glints2/dict_0002_0185.uasset" 8787
"../../../Engine/Content/EngineMaterials/Substrate/Glints2/dict_0002_0187.uasset" 8788
"/Engine/EngineMaterials/Substrate/Glints2/dict_0002_0171" 8789
"/Engine/EngineMaterials/Substrate/Glints2/dict_0002_0170" 8790
"/Engine/EngineMaterials/Substrate/Glints2/dict_0002_0169" 8791
"../../../Engine/Content/EngineMaterials/Substrate/Glints2/dict_0002_0190.uasset" 8792
"/Engine/EngineMaterials/Substrate/Glints2/dict_0002_0168" 8793
"/Engine/EngineMaterials/Substrate/Glints2/dict_0002_0167" 8794
"/Engine/EngineMaterials/Substrate/Glints2/dict_0002_0166" 8795
"../../../Engine/Content/EngineMaterials/Substrate/Glints2/dict_0002_0189.uasset" 8796
"../../../Engine/Content/EngineMaterials/Substrate/Glints2/dict_0002_0188.uasset" 8797
"../../../Engine/Content/EngineMaterials/Substrate/Glints2/dict_0002_0191.uasset" 8798
"/Engine/EngineMaterials/Substrate/Glints2/dict_0002_0165" 8799
"/Engine/EngineMaterials/Substrate/Glints2/dict_0002_0164" 8800
"/Engine/EngineMaterials/Substrate/Glints2/dict_0002_0163" 8801
"/Engine/EngineMaterials/Substrate/Glints2/dict_0002_0162" 8802
"/Engine/EngineMaterials/Substrate/Glints2/dict_0002_0161" 8803
"/Engine/EngineMaterials/Substrate/Glints2/dict_0002_0191" 8804
"/Engine/EngineMaterials/Substrate/Glints2/dict_0002_0190" 8805
"/Engine/EngineMaterials/Substrate/Glints2/dict_0002_0189" 8806
"/Engine/EngineMaterials/Substrate/Glints2/dict_0002_0188" 8807
"../../../Engine/Content/EngineMaterials/Substrate/Glints2/dict_0002_0194.uasset" 8808
"../../../Engine/Content/EngineMaterials/Substrate/Glints2/dict_0002_0195.uasset" 8809
"../../../Engine/Content/EngineMaterials/Substrate/Glints2/dict_0002_0192.uasset" 8810
"../../../Engine/Content/EngineMaterials/Substrate/Glints2/dict_0002_0193.uasset" 8811
"/Engine/EngineMaterials/Substrate/Glints2/dict_0002_0187" 8812
"/Engine/EngineMaterials/Substrate/Glints2/dict_0002_0186" 8813
"../../../Engine/Content/EngineMaterials/Substrate/Glints2/dict_0002_0196.uasset" 8814
"../../../Engine/Content/EngineMaterials/Substrate/Glints2/dict_0002_0198.uasset" 8815
"/Engine/EngineMaterials/Substrate/Glints2/dict_0002_0185" 8816
"../../../Engine/Content/EngineMaterials/Substrate/Glints2/dict_0002_0199.uasset" 8817
"../../../Engine/Content/EngineMaterials/Substrate/Glints2/dict_0002_0197.uasset" 8818
"../../../Engine/Content/EngineMaterials/Substrate/Glints2/dict_0002_0201.uasset" 8819
"../../../Engine/Content/EngineMaterials/Substrate/Glints2/dict_0002_0200.uasset" 8820
"../../../Engine/Content/EngineMaterials/Substrate/Glints2/dict_0002_0205.uasset" 8821
"../../../Engine/Content/EngineMaterials/Substrate/Glints2/dict_0002_0204.uasset" 8822
"../../../Engine/Content/EngineMaterials/Substrate/Glints2/dict_0002_0203.uasset" 8823
"../../../Engine/Content/EngineMaterials/Substrate/Glints2/dict_0002_0202.uasset" 8824
"/Engine/EngineMaterials/Substrate/Glints2/dict_0002_0184" 8825
"/Engine/EngineMaterials/Substrate/Glints2/dict_0002_0183" 8826
"/Engine/EngineMaterials/Substrate/Glints2/dict_0002_0182" 8827
"../../../Engine/Content/EngineMaterials/Substrate/Glints2/dict_0002_0206.uasset" 8828
"/Engine/EngineMaterials/Substrate/Glints2/dict_0002_0181" 8829
"/Engine/EngineMaterials/Substrate/Glints2/dict_0002_0180" 8830
"/Engine/EngineMaterials/Substrate/Glints2/dict_0002_0179" 8831
"../../../Engine/Content/EngineMaterials/Substrate/Glints2/dict_0002_0207.uasset" 8832
"/Engine/EngineMaterials/Substrate/Glints2/dict_0002_0178" 8833
"/Engine/EngineMaterials/Substrate/Glints2/dict_0002_0177" 8834
"/Engine/EngineMaterials/Substrate/Glints2/dict_0002_0176" 8835
"/Engine/EngineMaterials/Substrate/Glints2/dict_0002_0207" 8836
"/Engine/EngineMaterials/Substrate/Glints2/dict_0002_0206" 8837
"../../../Engine/Content/EngineMaterials/Substrate/Glints2/dict_0002_0209.uasset" 8838
"../../../Engine/Content/EngineMaterials/Substrate/Glints2/dict_0002_0213.uasset" 8839
"../../../Engine/Content/EngineMaterials/Substrate/Glints2/dict_0002_0208.uasset" 8840
"../../../Engine/Content/EngineMaterials/Substrate/Glints2/dict_0002_0219.uasset" 8841
"../../../Engine/Content/EngineMaterials/Substrate/Glints2/dict_0002_0212.uasset" 8842
"../../../Engine/Content/EngineMaterials/Substrate/Glints2/dict_0002_0220.uasset" 8843
"../../../Engine/Content/EngineMaterials/Substrate/Glints2/dict_0002_0217.uasset" 8844
"../../../Engine/Content/EngineMaterials/Substrate/Glints2/dict_0002_0210.uasset" 8845
"../../../Engine/Content/EngineMaterials/Substrate/Glints2/dict_0002_0221.uasset" 8846
"/Engine/EngineMaterials/Substrate/Glints2/dict_0002_0205" 8847
"/Engine/EngineMaterials/Substrate/Glints2/dict_0002_0204" 8848
"../../../Engine/Content/EngineMaterials/Substrate/Glints2/dict_0002_0215.uasset" 8849
"../../../Engine/Content/EngineMaterials/Substrate/Glints2/dict_0002_0216.uasset" 8850
"/Engine/EngineMaterials/Substrate/Glints2/dict_0002_0203" 8851
"../../../Engine/Content/EngineMaterials/Substrate/Glints2/dict_0002_0222.uasset" 8852
"/Engine/EngineMaterials/Substrate/Glints2/dict_0002_0202" 8853
"/Engine/EngineMaterials/Substrate/Glints2/dict_0002_0201" 8854
"../../../Engine/Content/EngineMaterials/Substrate/Glints2/dict_0002_0223.uasset" 8855
"/Engine/EngineMaterials/Substrate/Glints2/dict_0002_0200" 8856
"../../../Engine/Content/EngineMaterials/Substrate/Glints2/dict_0002_0218.uasset" 8857
"../../../Engine/Content/EngineMaterials/Substrate/Glints2/dict_0002_0214.uasset" 8858
"../../../Engine/Content/EngineMaterials/Substrate/Glints2/dict_0002_0211.uasset" 8859
"/Engine/EngineMaterials/Substrate/Glints2/dict_0002_0199" 8860
"/Engine/EngineMaterials/Substrate/Glints2/dict_0002_0198" 8861
"/Engine/EngineMaterials/Substrate/Glints2/dict_0002_0197" 8862
"/Engine/EngineMaterials/Substrate/Glints2/dict_0002_0196" 8863
"/Engine/EngineMaterials/Substrate/Glints2/dict_0002_0195" 8864
"/Engine/EngineMaterials/Substrate/Glints2/dict_0002_0194" 8865
"/Engine/EngineMaterials/Substrate/Glints2/dict_0002_0193" 8866
"/Engine/EngineMaterials/Substrate/Glints2/dict_0002_0192" 8867
"/Engine/EngineMaterials/Substrate/Glints2/dict_0002_0223" 8868
"/Engine/EngineMaterials/Substrate/Glints2/dict_0002_0222" 8869
"/Engine/EngineMaterials/Substrate/Glints2/dict_0002_0221" 8870
"/Engine/EngineMaterials/Substrate/Glints2/dict_0002_0220" 8871
"/Engine/EngineMaterials/Substrate/Glints2/dict_0002_0219" 8872
"/Engine/EngineMaterials/Substrate/Glints2/dict_0002_0218" 8873
"/Engine/EngineMaterials/Substrate/Glints2/dict_0002_0217" 8874
"/Engine/EngineMaterials/Substrate/Glints2/dict_0002_0216" 8875
"/Engine/EngineMaterials/Substrate/Glints2/dict_0002_0215" 8876
"/Engine/EngineMaterials/Substrate/Glints2/dict_0002_0214" 8877
"/Engine/EngineMaterials/Substrate/Glints2/dict_0002_0213" 8878
"/Engine/EngineMaterials/Substrate/Glints2/dict_0002_0212" 8879
"/Engine/EngineMaterials/Substrate/Glints2/dict_0002_0211" 8880
"/Engine/EngineMaterials/Substrate/Glints2/dict_0002_0210" 8881
"../../../Engine/Content/EngineMaterials/Substrate/Glints2/dict_0002_0227.uasset" 8882
"../../../Engine/Content/EngineMaterials/Substrate/Glints2/dict_0002_0226.uasset" 8883
"../../../Engine/Content/EngineMaterials/Substrate/Glints2/dict_0002_0228.uasset" 8884
"/Engine/EngineMaterials/Substrate/Glints2/dict_0002_0209" 8885
"../../../Engine/Content/EngineMaterials/Substrate/Glints2/dict_0002_0229.uasset" 8886
"/Engine/EngineMaterials/Substrate/Glints2/dict_0002_0208" 8887
"/Engine/EngineMaterials/Substrate/Glints2/dict_0002_0229" 8888
"/Engine/EngineMaterials/Substrate/Glints2/dict_0002_0228" 8889
"../../../Engine/Content/EngineMaterials/Substrate/Glints2/dict_0002_0225.uasset" 8890
"/Engine/EngineMaterials/Substrate/Glints2/dict_0002_0227" 8891
"../../../Engine/Content/EngineMaterials/Substrate/Glints2/dict_0002_0231.uasset" 8892
"/Engine/EngineMaterials/Substrate/Glints2/dict_0002_0226" 8893
"/Engine/EngineMaterials/Substrate/Glints2/dict_0002_0231" 8894
"/Engine/EngineMaterials/Substrate/Glints2/dict_0002_0225" 8895
"../../../Engine/Content/EngineMaterials/Substrate/Glints2/dict_0002_0238.uasset" 8896
"../../../Engine/Content/EngineMaterials/Substrate/Glints2/dict_0002_0232.uasset" 8897
"../../../Engine/Content/EngineMaterials/Substrate/Glints2/dict_0002_0235.uasset" 8898
"/Engine/EngineMaterials/Substrate/Glints2/dict_0002_0238" 8899
"../../../Engine/Content/EngineMaterials/Substrate/Glints2/dict_0002_0233.uasset" 8900
"/Engine/EngineMaterials/Substrate/Glints2/dict_0002_0235" 8901
"../../../Engine/Content/EngineMaterials/Substrate/Glints2/dict_0002_0240.uasset" 8902
"/Engine/EngineMaterials/Substrate/Glints2/dict_0002_0232" 8903
"/Engine/EngineMaterials/Substrate/Glints2/dict_0002_0233" 8904
"/Engine/EngineMaterials/Substrate/Glints2/dict_0002_0240" 8905
"../../../Engine/Content/EngineMaterials/Substrate/Glints2/dict_0002_0242.uasset" 8906
"/Engine/EngineMaterials/Substrate/Glints2/dict_0002_0242" 8907
"../../../Engine/Content/EngineMaterials/Substrate/Glints2/dict_0002_0239.uasset" 8908
"/Engine/EngineMaterials/Substrate/Glints2/dict_0002_0239" 8909
"../../../Engine/Content/EngineMaterials/Substrate/Glints2/dict_0002_0244.uasset" 8910
"../../../Engine/Content/EngineMaterials/Substrate/Glints2/dict_0002_0246.uasset" 8911
"../../../Engine/Content/EngineMaterials/Substrate/Glints2/dict_0002_0247.uasset" 8912
"../../../Engine/Content/EngineMaterials/Substrate/Glints2/dict_0002_0224.uasset" 8913
"../../../Engine/Content/EngineMaterials/Substrate/Glints2/dict_0002_0236.uasset" 8914
"../../../Engine/Content/EngineMaterials/Substrate/Glints2/dict_0002_0230.uasset" 8915
"../../../Engine/Content/EngineMaterials/Substrate/Glints2/dict_0002_0249.uasset" 8916
"../../../Engine/Content/EngineMaterials/Substrate/Glints2/dict_0002_0243.uasset" 8917
"../../../Engine/Content/EngineMaterials/Substrate/Glints2/dict_0002_0234.uasset" 8918
"../../../Engine/Content/EngineMaterials/Substrate/Glints2/dict_0002_0250.uasset" 8919
"../../../Engine/Content/EngineMaterials/Substrate/Glints2/dict_0002_0245.uasset" 8920
"../../../Engine/Content/EngineMaterials/Substrate/Glints2/dict_0002_0241.uasset" 8921
"../../../Engine/Content/EngineMaterials/Substrate/Glints2/dict_0002_0253.uasset" 8922
"../../../Engine/Content/EngineMaterials/Substrate/Glints2/dict_0003_0005.uasset" 8923
"../../../Engine/Content/EngineMaterials/Substrate/Glints2/dict_0002_0251.uasset" 8924
"../../../Engine/Content/EngineMaterials/Substrate/Glints2/dict_0003_0000.uasset" 8925
"../../../Engine/Content/EngineMaterials/Substrate/Glints2/dict_0003_0006.uasset" 8926
"../../../Engine/Content/EngineMaterials/Substrate/Glints2/dict_0003_0007.uasset" 8927
"../../../Engine/Content/EngineMaterials/Substrate/Glints2/dict_0003_0001.uasset" 8928
"/Engine/EngineMaterials/Substrate/Glints2/dict_0002_0250" 8929
"../../../Engine/Content/EngineMaterials/Substrate/Glints2/dict_0002_0237.uasset" 8930
"/Engine/EngineMaterials/Substrate/Glints2/dict_0002_0249" 8931
"../../../Engine/Content/EngineMaterials/Substrate/Glints2/dict_0002_0252.uasset" 8932
"../../../Engine/Content/EngineMaterials/Substrate/Glints2/dict_0002_0248.uasset" 8933
"/Engine/EngineMaterials/Substrate/Glints2/dict_0002_0236" 8934
"/Engine/EngineMaterials/Substrate/Glints2/dict_0002_0247" 8935
"/Engine/EngineMaterials/Substrate/Glints2/dict_0002_0246" 8936
"/Engine/EngineMaterials/Substrate/Glints2/dict_0002_0234" 8937
"../../../Engine/Content/EngineMaterials/Substrate/Glints2/dict_0002_0254.uasset" 8938
"../../../Engine/Content/EngineMaterials/Substrate/Glints2/dict_0003_0012.uasset" 8939
"../../../Engine/Content/EngineMaterials/Substrate/Glints2/dict_0003_0004.uasset" 8940
"../../../Engine/Content/EngineMaterials/Substrate/Glints2/dict_0003_0008.uasset" 8941
"../../../Engine/Content/EngineMaterials/Substrate/Glints2/dict_0003_0010.uasset" 8942
"../../../Engine/Content/EngineMaterials/Substrate/Glints2/dict_0003_0002.uasset" 8943
"../../../Engine/Content/EngineMaterials/Substrate/Glints2/dict_0003_0011.uasset" 8944
"../../../Engine/Content/EngineMaterials/Substrate/Glints2/dict_0002_0255.uasset" 8945
"../../../Engine/Content/EngineMaterials/Substrate/Glints2/dict_0003_0003.uasset" 8946
"/Engine/EngineMaterials/Substrate/Glints2/dict_0002_0245" 8947
"/Engine/EngineMaterials/Substrate/Glints2/dict_0002_0244" 8948
"/Engine/EngineMaterials/Substrate/Glints2/dict_0002_0243" 8949
"/Engine/EngineMaterials/Substrate/Glints2/dict_0002_0230" 8950
"/Engine/EngineMaterials/Substrate/Glints2/dict_0003_0001" 8951
"/Engine/EngineMaterials/Substrate/Glints2/dict_0003_0000" 8952
"/Engine/EngineMaterials/Substrate/Glints2/dict_0002_0241" 8953
"/Engine/EngineMaterials/Substrate/Glints2/dict_0002_0224" 8954
"/Engine/EngineMaterials/Substrate/Glints2/dict_0003_0012" 8955
"/Engine/EngineMaterials/Substrate/Glints2/dict_0002_0255" 8956
"/Engine/EngineMaterials/Substrate/Glints2/dict_0003_0008" 8957
"/Engine/EngineMaterials/Substrate/Glints2/dict_0002_0254" 8958
"/Engine/EngineMaterials/Substrate/Glints2/dict_0002_0253" 8959
"/Engine/EngineMaterials/Substrate/Glints2/dict_0002_0252" 8960
"/Engine/EngineMaterials/Substrate/Glints2/dict_0002_0251" 8961
"/Engine/EngineMaterials/Substrate/Glints2/dict_0002_0237" 8962
"/Engine/EngineMaterials/Substrate/Glints2/dict_0003_0007" 8963
"/Engine/EngineMaterials/Substrate/Glints2/dict_0002_0248" 8964
"/Engine/EngineMaterials/Substrate/Glints2/dict_0003_0010" 8965
"/Engine/EngineMaterials/Substrate/Glints2/dict_0003_0006" 8966
"/Engine/EngineMaterials/Substrate/Glints2/dict_0003_0005" 8967
"../../../Engine/Content/EngineMaterials/Substrate/Glints2/dict_0003_0017.uasset" 8968
"/Engine/EngineMaterials/Substrate/Glints2/dict_0003_0011" 8969
"../../../Engine/Content/EngineMaterials/Substrate/Glints2/dict_0003_0021.uasset" 8970
"../../../Engine/Content/EngineMaterials/Substrate/Glints2/dict_0003_0018.uasset" 8971
"../../../Engine/Content/EngineMaterials/Substrate/Glints2/dict_0003_0022.uasset" 8972
"../../../Engine/Content/EngineMaterials/Substrate/Glints2/dict_0003_0025.uasset" 8973
"/Engine/EngineMaterials/Substrate/Glints2/dict_0003_0003" 8974
"/Engine/EngineMaterials/Substrate/Glints2/dict_0003_0002" 8975
"/Engine/EngineMaterials/Substrate/Glints2/dict_0003_0004" 8976
"../../../Engine/Content/EngineMaterials/Substrate/Glints2/dict_0003_0016.uasset" 8977
"/Engine/EngineMaterials/Substrate/Glints2/dict_0003_0025" 8978
"/Engine/EngineMaterials/Substrate/Glints2/dict_0003_0022" 8979
"/Engine/EngineMaterials/Substrate/Glints2/dict_0003_0021" 8980
"/Engine/EngineMaterials/Substrate/Glints2/dict_0003_0018" 8981
"/Engine/EngineMaterials/Substrate/Glints2/dict_0003_0017" 8982
"/Engine/EngineMaterials/Substrate/Glints2/dict_0003_0016" 8983
"../../../Engine/Content/EngineMaterials/Substrate/Glints2/dict_0003_0026.uasset" 8984
"../../../Engine/Content/EngineMaterials/Substrate/Glints2/dict_0003_0009.uasset" 8985
"../../../Engine/Content/EngineMaterials/Substrate/Glints2/dict_0003_0015.uasset" 8986
"../../../Engine/Content/EngineMaterials/Substrate/Glints2/dict_0003_0027.uasset" 8987
"../../../Engine/Content/EngineMaterials/Substrate/Glints2/dict_0003_0024.uasset" 8988
"../../../Engine/Content/EngineMaterials/Substrate/Glints2/dict_0003_0020.uasset" 8989
"../../../Engine/Content/EngineMaterials/Substrate/Glints2/dict_0003_0013.uasset" 8990
"../../../Engine/Content/EngineMaterials/Substrate/Glints2/dict_0003_0023.uasset" 8991
"../../../Engine/Content/EngineMaterials/Substrate/Glints2/dict_0003_0030.uasset" 8992
"/Engine/EngineMaterials/Substrate/Glints2/dict_0003_0026" 8993
"/Engine/EngineMaterials/Substrate/Glints2/dict_0003_0024" 8994
"../../../Engine/Content/EngineMaterials/Substrate/Glints2/dict_0003_0019.uasset" 8995
"../../../Engine/Content/EngineMaterials/Substrate/Glints2/dict_0003_0014.uasset" 8996
"/Engine/EngineMaterials/Substrate/Glints2/dict_0003_0023" 8997
"../../../Engine/Content/EngineMaterials/Substrate/Glints2/dict_0003_0037.uasset" 8998
"../../../Engine/Content/EngineMaterials/Substrate/Glints2/dict_0003_0032.uasset" 8999
"../../../Engine/Content/EngineMaterials/Substrate/Glints2/dict_0003_0039.uasset" 9000
"../../../Engine/Content/EngineMaterials/Substrate/Glints2/dict_0003_0028.uasset" 9001
"../../../Engine/Content/EngineMaterials/Substrate/Glints2/dict_0003_0034.uasset" 9002
"/Engine/EngineMaterials/Substrate/Glints2/dict_0003_0020" 9003
"../../../Engine/Content/EngineMaterials/Substrate/Glints2/dict_0003_0043.uasset" 9004
"../../../Engine/Content/EngineMaterials/Substrate/Glints2/dict_0003_0045.uasset" 9005
"../../../Engine/Content/EngineMaterials/Substrate/Glints2/dict_0003_0040.uasset" 9006
"../../../Engine/Content/EngineMaterials/Substrate/Glints2/dict_0003_0031.uasset" 9007
"../../../Engine/Content/EngineMaterials/Substrate/Glints2/dict_0003_0036.uasset" 9008
"../../../Engine/Content/EngineMaterials/Substrate/Glints2/dict_0003_0033.uasset" 9009
"../../../Engine/Content/EngineMaterials/Substrate/Glints2/dict_0003_0029.uasset" 9010
"../../../Engine/Content/EngineMaterials/Substrate/Glints2/dict_0003_0035.uasset" 9011
"/Engine/EngineMaterials/Substrate/Glints2/dict_0003_0030" 9012
"../../../Engine/Content/EngineMaterials/Substrate/Glints2/dict_0003_0047.uasset" 9013
"../../../Engine/Content/EngineMaterials/Substrate/Glints2/dict_0003_0046.uasset" 9014
"/Engine/EngineMaterials/Substrate/Glints2/dict_0003_0015" 9015
"../../../Engine/Content/EngineMaterials/Substrate/Glints2/dict_0003_0041.uasset" 9016
"/Engine/EngineMaterials/Substrate/Glints2/dict_0003_0027" 9017
"/Engine/EngineMaterials/Substrate/Glints2/dict_0003_0013" 9018
"/Engine/EngineMaterials/Substrate/Glints2/dict_0003_0009" 9019
"../../../Engine/Content/EngineMaterials/Substrate/Glints2/dict_0003_0038.uasset" 9020
"../../../Engine/Content/EngineMaterials/Substrate/Glints2/dict_0003_0048.uasset" 9021
"../../../Engine/Content/EngineMaterials/Substrate/Glints2/dict_0003_0049.uasset" 9022
"/Engine/EngineMaterials/Substrate/Glints2/dict_0003_0043" 9023
"/Engine/EngineMaterials/Substrate/Glints2/dict_0003_0041" 9024
"/Engine/EngineMaterials/Substrate/Glints2/dict_0003_0040" 9025
"../../../Engine/Content/EngineMaterials/Substrate/Glints2/dict_0003_0044.uasset" 9026
"/Engine/EngineMaterials/Substrate/Glints2/dict_0003_0039" 9027
"../../../Engine/Content/EngineMaterials/Substrate/Glints2/dict_0003_0042.uasset" 9028
"/Engine/EngineMaterials/Substrate/Glints2/dict_0003_0038" 9029
"/Engine/EngineMaterials/Substrate/Glints2/dict_0003_0037" 9030
"../../../Engine/Content/EngineMaterials/Substrate/Glints2/dict_0003_0054.uasset" 9031
"../../../Engine/Content/EngineMaterials/Substrate/Glints2/dict_0003_0052.uasset" 9032
"../../../Engine/Content/EngineMaterials/Substrate/Glints2/dict_0003_0051.uasset" 9033
"/Engine/EngineMaterials/Substrate/Glints2/dict_0003_0036" 9034
"../../../Engine/Content/EngineMaterials/Substrate/Glints2/dict_0003_0053.uasset" 9035
"../../../Engine/Content/EngineMaterials/Substrate/Glints2/dict_0003_0055.uasset" 9036
"/Engine/EngineMaterials/Substrate/Glints2/dict_0003_0035" 9037
"../../../Engine/Content/EngineMaterials/Substrate/Glints2/dict_0003_0056.uasset" 9038
"/Engine/EngineMaterials/Substrate/Glints2/dict_0003_0034" 9039
"../../../Engine/Content/EngineMaterials/Substrate/Glints2/dict_0003_0057.uasset" 9040
"../../../Engine/Content/EngineMaterials/Substrate/Glints2/dict_0003_0050.uasset" 9041
"../../../Engine/Content/EngineMaterials/Substrate/Glints2/dict_0003_0058.uasset" 9042
"/Engine/EngineMaterials/Substrate/Glints2/dict_0003_0048" 9043
"/Engine/EngineMaterials/Substrate/Glints2/dict_0003_0047" 9044
"/Engine/EngineMaterials/Substrate/Glints2/dict_0003_0033" 9045
"/Engine/EngineMaterials/Substrate/Glints2/dict_0003_0032" 9046
"/Engine/EngineMaterials/Substrate/Glints2/dict_0003_0031" 9047
"/Engine/EngineMaterials/Substrate/Glints2/dict_0003_0019" 9048
"/Engine/EngineMaterials/Substrate/Glints2/dict_0003_0046" 9049
"/Engine/EngineMaterials/Substrate/Glints2/dict_0003_0045" 9050
"/Engine/EngineMaterials/Substrate/Glints2/dict_0003_0029" 9051
"/Engine/EngineMaterials/Substrate/Glints2/dict_0003_0028" 9052
"/Engine/EngineMaterials/Substrate/Glints2/dict_0003_0014" 9053
"/Engine/EngineMaterials/Substrate/Glints2/dict_0003_0042" 9054
"/Engine/EngineMaterials/Substrate/Glints2/dict_0003_0058" 9055
"/Engine/EngineMaterials/Substrate/Glints2/dict_0003_0049" 9056
"/Engine/EngineMaterials/Substrate/Glints2/dict_0003_0057" 9057
"/Engine/EngineMaterials/Substrate/Glints2/dict_0003_0056" 9058
"../../../Engine/Content/EngineMaterials/Substrate/Glints2/dict_0003_0070.uasset" 9059
"../../../Engine/Content/EngineMaterials/Substrate/Glints2/dict_0003_0063.uasset" 9060
"../../../Engine/Content/EngineMaterials/Substrate/Glints2/dict_0003_0068.uasset" 9061
"../../../Engine/Content/EngineMaterials/Substrate/Glints2/dict_0003_0069.uasset" 9062
"../../../Engine/Content/EngineMaterials/Substrate/Glints2/dict_0003_0061.uasset" 9063
"/Engine/EngineMaterials/Substrate/Glints2/dict_0003_0055" 9064
"../../../Engine/Content/EngineMaterials/Substrate/Glints2/dict_0003_0066.uasset" 9065
"/Engine/EngineMaterials/Substrate/Glints2/dict_0003_0054" 9066
"../../../Engine/Content/EngineMaterials/Substrate/Glints2/dict_0003_0062.uasset" 9067
"/Engine/EngineMaterials/Substrate/Glints2/dict_0003_0044" 9068
"../../../Engine/Content/EngineMaterials/Substrate/Glints2/dict_0003_0071.uasset" 9069
"../../../Engine/Content/EngineMaterials/Substrate/Glints2/dict_0003_0074.uasset" 9070
"../../../Engine/Content/EngineMaterials/Substrate/Glints2/dict_0003_0075.uasset" 9071
"../../../Engine/Content/EngineMaterials/Substrate/Glints2/dict_0003_0064.uasset" 9072
"../../../Engine/Content/EngineMaterials/Substrate/Glints2/dict_0003_0059.uasset" 9073
"../../../Engine/Content/EngineMaterials/Substrate/Glints2/dict_0003_0076.uasset" 9074
"../../../Engine/Content/EngineMaterials/Substrate/Glints2/dict_0003_0060.uasset" 9075
"/Engine/EngineMaterials/Substrate/Glints2/dict_0003_0053" 9076
"../../../Engine/Content/EngineMaterials/Substrate/Glints2/dict_0003_0067.uasset" 9077
"../../../Engine/Content/EngineMaterials/Substrate/Glints2/dict_0003_0077.uasset" 9078
"../../../Engine/Content/EngineMaterials/Substrate/Glints2/dict_0003_0073.uasset" 9079
"/Engine/EngineMaterials/Substrate/Glints2/dict_0003_0052" 9080
"../../../Engine/Content/EngineMaterials/Substrate/Glints2/dict_0003_0078.uasset" 9081
"/Engine/EngineMaterials/Substrate/Glints2/dict_0003_0051" 9082
"/Engine/EngineMaterials/Substrate/Glints2/dict_0003_0050" 9083
"/Engine/EngineMaterials/Substrate/Glints2/dict_0003_0078" 9084
"/Engine/EngineMaterials/Substrate/Glints2/dict_0003_0077" 9085
"/Engine/EngineMaterials/Substrate/Glints2/dict_0003_0076" 9086
"/Engine/EngineMaterials/Substrate/Glints2/dict_0003_0075" 9087
"/Engine/EngineMaterials/Substrate/Glints2/dict_0003_0074" 9088
"/Engine/EngineMaterials/Substrate/Glints2/dict_0003_0073" 9089
"../../../Engine/Content/EngineMaterials/Substrate/Glints2/dict_0003_0072.uasset" 9090
"../../../Engine/Content/EngineMaterials/Substrate/Glints2/dict_0003_0087.uasset" 9091
"../../../Engine/Content/EngineMaterials/Substrate/Glints2/dict_0003_0084.uasset" 9092
"../../../Engine/Content/EngineMaterials/Substrate/Glints2/dict_0003_0085.uasset" 9093
"../../../Engine/Content/EngineMaterials/Substrate/Glints2/dict_0003_0090.uasset" 9094
"../../../Engine/Content/EngineMaterials/Substrate/Glints2/dict_0003_0081.uasset" 9095
"../../../Engine/Content/EngineMaterials/Substrate/Glints2/dict_0003_0086.uasset" 9096
"../../../Engine/Content/EngineMaterials/Substrate/Glints2/dict_0003_0080.uasset" 9097
"../../../Engine/Content/EngineMaterials/Substrate/Glints2/dict_0003_0065.uasset" 9098
"/Engine/EngineMaterials/Substrate/Glints2/dict_0003_0071" 9099
"/Engine/EngineMaterials/Substrate/Glints2/dict_0003_0070" 9100
"../../../Engine/Content/EngineMaterials/Substrate/Glints2/dict_0003_0083.uasset" 9101
"/Engine/EngineMaterials/Substrate/Glints2/dict_0003_0069" 9102
"/Engine/EngineMaterials/Substrate/Glints2/dict_0003_0068" 9103
"/Engine/EngineMaterials/Substrate/Glints2/dict_0003_0067" 9104
"../../../Engine/Content/EngineMaterials/Substrate/Glints2/dict_0003_0082.uasset" 9105
"../../../Engine/Content/EngineMaterials/Substrate/Glints2/dict_0003_0079.uasset" 9106
"/Engine/EngineMaterials/Substrate/Glints2/dict_0003_0066" 9107
"/Engine/EngineMaterials/Substrate/Glints2/dict_0003_0064" 9108
"/Engine/EngineMaterials/Substrate/Glints2/dict_0003_0063" 9109
"../../../Engine/Content/EngineMaterials/Substrate/Glints2/dict_0003_0088.uasset" 9110
"/Engine/EngineMaterials/Substrate/Glints2/dict_0003_0062" 9111
"/Engine/EngineMaterials/Substrate/Glints2/dict_0003_0061" 9112
"/Engine/EngineMaterials/Substrate/Glints2/dict_0003_0060" 9113
"/Engine/EngineMaterials/Substrate/Glints2/dict_0003_0059" 9114
"/Engine/EngineMaterials/Substrate/Glints2/dict_0003_0090" 9115
"../../../Engine/Content/EngineMaterials/Substrate/Glints2/dict_0003_0089.uasset" 9116
"/Engine/EngineMaterials/Substrate/Glints2/dict_0003_0088" 9117
"/Engine/EngineMaterials/Substrate/Glints2/dict_0003_0072" 9118
"/Engine/EngineMaterials/Substrate/Glints2/dict_0003_0087" 9119
"../../../Engine/Content/EngineMaterials/Substrate/Glints2/dict_0003_0100.uasset" 9120
"../../../Engine/Content/EngineMaterials/Substrate/Glints2/dict_0003_0096.uasset" 9121
"../../../Engine/Content/EngineMaterials/Substrate/Glints2/dict_0003_0099.uasset" 9122
"../../../Engine/Content/EngineMaterials/Substrate/Glints2/dict_0003_0091.uasset" 9123
"../../../Engine/Content/EngineMaterials/Substrate/Glints2/dict_0003_0097.uasset" 9124
"../../../Engine/Content/EngineMaterials/Substrate/Glints2/dict_0003_0101.uasset" 9125
"/Engine/EngineMaterials/Substrate/Glints2/dict_0003_0086" 9126
"../../../Engine/Content/EngineMaterials/Substrate/Glints2/dict_0003_0092.uasset" 9127
"../../../Engine/Content/EngineMaterials/Substrate/Glints2/dict_0003_0093.uasset" 9128
"/Engine/EngineMaterials/Substrate/Glints2/dict_0003_0085" 9129
"/Engine/EngineMaterials/Substrate/Glints2/dict_0003_0065" 9130
"/Engine/EngineMaterials/Substrate/Glints2/dict_0003_0084" 9131
"/Engine/EngineMaterials/Substrate/Glints2/dict_0003_0083" 9132
"../../../Engine/Content/EngineMaterials/Substrate/Glints2/dict_0003_0094.uasset" 9133
"../../../Engine/Content/EngineMaterials/Substrate/Glints2/dict_0003_0108.uasset" 9134
"../../../Engine/Content/EngineMaterials/Substrate/Glints2/dict_0003_0105.uasset" 9135
"../../../Engine/Content/EngineMaterials/Substrate/Glints2/dict_0003_0106.uasset" 9136
"../../../Engine/Content/EngineMaterials/Substrate/Glints2/dict_0003_0102.uasset" 9137
"../../../Engine/Content/EngineMaterials/Substrate/Glints2/dict_0003_0107.uasset" 9138
"../../../Engine/Content/EngineMaterials/Substrate/Glints2/dict_0003_0103.uasset" 9139
"/Engine/EngineMaterials/Substrate/Glints2/dict_0003_0082" 9140
"/Engine/EngineMaterials/Substrate/Glints2/dict_0003_0081" 9141
"../../../Engine/Content/EngineMaterials/Substrate/Glints2/dict_0003_0104.uasset" 9142
"/Engine/EngineMaterials/Substrate/Glints2/dict_0003_0080" 9143
"/Engine/EngineMaterials/Substrate/Glints2/dict_0003_0079" 9144
"../../../Engine/Content/EngineMaterials/Substrate/Glints2/dict_0003_0095.uasset" 9145
"/Engine/EngineMaterials/Substrate/Glints2/dict_0003_0108" 9146
"/Engine/EngineMaterials/Substrate/Glints2/dict_0003_0107" 9147
"/Engine/EngineMaterials/Substrate/Glints2/dict_0003_0106" 9148
"/Engine/EngineMaterials/Substrate/Glints2/dict_0003_0105" 9149
"/Engine/EngineMaterials/Substrate/Glints2/dict_0003_0104" 9150
"../../../Engine/Content/EngineMaterials/Substrate/Glints2/dict_0003_0098.uasset" 9151
"../../../Engine/Content/EngineMaterials/Substrate/Glints2/dict_0003_0113.uasset" 9152
"../../../Engine/Content/EngineMaterials/Substrate/Glints2/dict_0003_0116.uasset" 9153
"../../../Engine/Content/EngineMaterials/Substrate/Glints2/dict_0003_0111.uasset" 9154
"../../../Engine/Content/EngineMaterials/Substrate/Glints2/dict_0003_0120.uasset" 9155
"../../../Engine/Content/EngineMaterials/Substrate/Glints2/dict_0003_0114.uasset" 9156
"../../../Engine/Content/EngineMaterials/Substrate/Glints2/dict_0003_0110.uasset" 9157
"/Engine/EngineMaterials/Substrate/Glints2/dict_0003_0103" 9158
"../../../Engine/Content/EngineMaterials/Substrate/Glints2/dict_0003_0112.uasset" 9159
"../../../Engine/Content/EngineMaterials/Substrate/Glints2/dict_0003_0118.uasset" 9160
"../../../Engine/Content/EngineMaterials/Substrate/Glints2/dict_0003_0109.uasset" 9161
"../../../Engine/Content/EngineMaterials/Substrate/Glints2/dict_0003_0117.uasset" 9162
"/Engine/EngineMaterials/Substrate/Glints2/dict_0003_0089" 9163
"../../../Engine/Content/EngineMaterials/Substrate/Glints2/dict_0003_0121.uasset" 9164
"../../../Engine/Content/EngineMaterials/Substrate/Glints2/dict_0003_0119.uasset" 9165
"/Engine/EngineMaterials/Substrate/Glints2/dict_0003_0102" 9166
"/Engine/EngineMaterials/Substrate/Glints2/dict_0003_0101" 9167
"/Engine/EngineMaterials/Substrate/Glints2/dict_0003_0100" 9168
"/Engine/EngineMaterials/Substrate/Glints2/dict_0003_0099" 9169
"/Engine/EngineMaterials/Substrate/Glints2/dict_0003_0097" 9170
"/Engine/EngineMaterials/Substrate/Glints2/dict_0003_0096" 9171
"/Engine/EngineMaterials/Substrate/Glints2/dict_0003_0095" 9172
"../../../Engine/Content/EngineMaterials/Substrate/Glints2/dict_0003_0115.uasset" 9173
"/Engine/EngineMaterials/Substrate/Glints2/dict_0003_0094" 9174
"/Engine/EngineMaterials/Substrate/Glints2/dict_0003_0093" 9175
"/Engine/EngineMaterials/Substrate/Glints2/dict_0003_0092" 9176
"/Engine/EngineMaterials/Substrate/Glints2/dict_0003_0091" 9177
"/Engine/EngineMaterials/Substrate/Glints2/dict_0003_0121" 9178
"/Engine/EngineMaterials/Substrate/Glints2/dict_0003_0120" 9179
"/Engine/EngineMaterials/Substrate/Glints2/dict_0003_0119" 9180
"../../../Engine/Content/EngineMaterials/Substrate/Glints2/dict_0003_0130.uasset" 9181
"../../../Engine/Content/EngineMaterials/Substrate/Glints2/dict_0003_0127.uasset" 9182
"../../../Engine/Content/EngineMaterials/Substrate/Glints2/dict_0003_0124.uasset" 9183
"../../../Engine/Content/EngineMaterials/Substrate/Glints2/dict_0003_0126.uasset" 9184
"../../../Engine/Content/EngineMaterials/Substrate/Glints2/dict_0003_0132.uasset" 9185
"../../../Engine/Content/EngineMaterials/Substrate/Glints2/dict_0003_0123.uasset" 9186
"../../../Engine/Content/EngineMaterials/Substrate/Glints2/dict_0003_0125.uasset" 9187
"../../../Engine/Content/EngineMaterials/Substrate/Glints2/dict_0003_0129.uasset" 9188
"../../../Engine/Content/EngineMaterials/Substrate/Glints2/dict_0003_0133.uasset" 9189
"../../../Engine/Content/EngineMaterials/Substrate/Glints2/dict_0003_0122.uasset" 9190
"/Engine/EngineMaterials/Substrate/Glints2/dict_0003_0118" 9191
"../../../Engine/Content/EngineMaterials/Substrate/Glints2/dict_0003_0131.uasset" 9192
"../../../Engine/Content/EngineMaterials/Substrate/Glints2/dict_0003_0134.uasset" 9193
"/Engine/EngineMaterials/Substrate/Glints2/dict_0003_0117" 9194
"/Engine/EngineMaterials/Substrate/Glints2/dict_0003_0098" 9195
"/Engine/EngineMaterials/Substrate/Glints2/dict_0003_0116" 9196
"../../../Engine/Content/EngineMaterials/Substrate/Glints2/dict_0003_0128.uasset" 9197
"/Engine/EngineMaterials/Substrate/Glints2/dict_0003_0115" 9198
"/Engine/EngineMaterials/Substrate/Glints2/dict_0003_0114" 9199
"../../../Engine/Content/EngineMaterials/Substrate/Glints2/dict_0003_0137.uasset" 9200
"../../../Engine/Content/EngineMaterials/Substrate/Glints2/dict_0003_0139.uasset" 9201
"../../../Engine/Content/EngineMaterials/Substrate/Glints2/dict_0003_0138.uasset" 9202
"../../../Engine/Content/EngineMaterials/Substrate/Glints2/dict_0003_0136.uasset" 9203
"../../../Engine/Content/EngineMaterials/Substrate/Glints2/dict_0003_0135.uasset" 9204
"/Engine/EngineMaterials/Substrate/Glints2/dict_0003_0113" 9205
"/Engine/EngineMaterials/Substrate/Glints2/dict_0003_0112" 9206
"/Engine/EngineMaterials/Substrate/Glints2/dict_0003_0111" 9207
"/Engine/EngineMaterials/Substrate/Glints2/dict_0003_0110" 9208
"/Engine/EngineMaterials/Substrate/Glints2/dict_0003_0109" 9209
"/Engine/EngineMaterials/Substrate/Glints2/dict_0003_0139" 9210
"/Engine/EngineMaterials/Substrate/Glints2/dict_0003_0138" 9211
"/Engine/EngineMaterials/Substrate/Glints2/dict_0003_0137" 9212
"/Engine/EngineMaterials/Substrate/Glints2/dict_0003_0136" 9213
"../../../Engine/Content/EngineMaterials/Substrate/Glints2/dict_0003_0146.uasset" 9214
"../../../Engine/Content/EngineMaterials/Substrate/Glints2/dict_0003_0150.uasset" 9215
"../../../Engine/Content/EngineMaterials/Substrate/Glints2/dict_0003_0141.uasset" 9216
"../../../Engine/Content/EngineMaterials/Substrate/Glints2/dict_0003_0140.uasset" 9217
"../../../Engine/Content/EngineMaterials/Substrate/Glints2/dict_0003_0153.uasset" 9218
"../../../Engine/Content/EngineMaterials/Substrate/Glints2/dict_0003_0144.uasset" 9219
"../../../Engine/Content/EngineMaterials/Substrate/Glints2/dict_0003_0147.uasset" 9220
"../../../Engine/Content/EngineMaterials/Substrate/Glints2/dict_0003_0145.uasset" 9221
"../../../Engine/Content/EngineMaterials/Substrate/Glints2/dict_0003_0148.uasset" 9222
"../../../Engine/Content/EngineMaterials/Substrate/Glints2/dict_0003_0152.uasset" 9223
"../../../Engine/Content/EngineMaterials/Substrate/Glints2/dict_0003_0142.uasset" 9224
"/Engine/EngineMaterials/Substrate/Glints2/dict_0003_0135" 9225
"/Engine/EngineMaterials/Substrate/Glints2/dict_0003_0134" 9226
"/Engine/EngineMaterials/Substrate/Glints2/dict_0003_0133" 9227
"../../../Engine/Content/EngineMaterials/Substrate/Glints2/dict_0003_0143.uasset" 9228
"../../../Engine/Content/EngineMaterials/Substrate/Glints2/dict_0003_0151.uasset" 9229
"/Engine/EngineMaterials/Substrate/Glints2/dict_0003_0132" 9230
"/Engine/EngineMaterials/Substrate/Glints2/dict_0003_0131" 9231
"/Engine/EngineMaterials/Substrate/Glints2/dict_0003_0130" 9232
"/Engine/EngineMaterials/Substrate/Glints2/dict_0003_0129" 9233
"/Engine/EngineMaterials/Substrate/Glints2/dict_0003_0128" 9234
"/Engine/EngineMaterials/Substrate/Glints2/dict_0003_0127" 9235
"/Engine/EngineMaterials/Substrate/Glints2/dict_0003_0126" 9236
"/Engine/EngineMaterials/Substrate/Glints2/dict_0003_0125" 9237
"/Engine/EngineMaterials/Substrate/Glints2/dict_0003_0124" 9238
"/Engine/EngineMaterials/Substrate/Glints2/dict_0003_0123" 9239
"/Engine/EngineMaterials/Substrate/Glints2/dict_0003_0122" 9240
"/Engine/EngineMaterials/Substrate/Glints2/dict_0003_0153" 9241
"../../../Engine/Content/EngineMaterials/Substrate/Glints2/dict_0003_0149.uasset" 9242
"/Engine/EngineMaterials/Substrate/Glints2/dict_0003_0152" 9243
"/Engine/EngineMaterials/Substrate/Glints2/dict_0003_0151" 9244
"/Engine/EngineMaterials/Substrate/Glints2/dict_0003_0150" 9245
"../../../Engine/Content/EngineMaterials/Substrate/Glints2/dict_0003_0165.uasset" 9246
"../../../Engine/Content/EngineMaterials/Substrate/Glints2/dict_0003_0163.uasset" 9247
"../../../Engine/Content/EngineMaterials/Substrate/Glints2/dict_0003_0156.uasset" 9248
"../../../Engine/Content/EngineMaterials/Substrate/Glints2/dict_0003_0164.uasset" 9249
"../../../Engine/Content/EngineMaterials/Substrate/Glints2/dict_0003_0158.uasset" 9250
"../../../Engine/Content/EngineMaterials/Substrate/Glints2/dict_0003_0161.uasset" 9251
"/Engine/EngineMaterials/Substrate/Glints2/dict_0003_0148" 9252
"../../../Engine/Content/EngineMaterials/Substrate/Glints2/dict_0003_0160.uasset" 9253
"/Engine/EngineMaterials/Substrate/Glints2/dict_0003_0147" 9254
"../../../Engine/Content/EngineMaterials/Substrate/Glints2/dict_0003_0168.uasset" 9255
"../../../Engine/Content/EngineMaterials/Substrate/Glints2/dict_0003_0171.uasset" 9256
"../../../Engine/Content/EngineMaterials/Substrate/Glints2/dict_0003_0170.uasset" 9257
"../../../Engine/Content/EngineMaterials/Substrate/Glints2/dict_0003_0154.uasset" 9258
"../../../Engine/Content/EngineMaterials/Substrate/Glints2/dict_0003_0155.uasset" 9259
"../../../Engine/Content/EngineMaterials/Substrate/Glints2/dict_0003_0162.uasset" 9260
"../../../Engine/Content/EngineMaterials/Substrate/Glints2/dict_0003_0167.uasset" 9261
"../../../Engine/Content/EngineMaterials/Substrate/Glints2/dict_0003_0159.uasset" 9262
"/Engine/EngineMaterials/Substrate/Glints2/dict_0003_0146" 9263
"/Engine/EngineMaterials/Substrate/Glints2/dict_0003_0145" 9264
"/Engine/EngineMaterials/Substrate/Glints2/dict_0003_0144" 9265
"/Engine/EngineMaterials/Substrate/Glints2/dict_0003_0143" 9266
"/Engine/EngineMaterials/Substrate/Glints2/dict_0003_0142" 9267
"../../../Engine/Content/EngineMaterials/Substrate/Glints2/dict_0003_0169.uasset" 9268
"/Engine/EngineMaterials/Substrate/Glints2/dict_0003_0141" 9269
"/Engine/EngineMaterials/Substrate/Glints2/dict_0003_0140" 9270
"/Engine/EngineMaterials/Substrate/Glints2/dict_0003_0171" 9271
"/Engine/EngineMaterials/Substrate/Glints2/dict_0003_0170" 9272
"/Engine/EngineMaterials/Substrate/Glints2/dict_0003_0169" 9273
"../../../Engine/Content/EngineMaterials/Substrate/Glints2/dict_0003_0157.uasset" 9274
"/Engine/EngineMaterials/Substrate/Glints2/dict_0003_0168" 9275
"/Engine/EngineMaterials/Substrate/Glints2/dict_0003_0167" 9276
"/Engine/EngineMaterials/Substrate/Glints2/dict_0003_0165" 9277
"/Engine/EngineMaterials/Substrate/Glints2/dict_0003_0164" 9278
"/Engine/EngineMaterials/Substrate/Glints2/dict_0003_0163" 9279
"/Engine/EngineMaterials/Substrate/Glints2/dict_0003_0149" 9280
"/Engine/EngineMaterials/Substrate/Glints2/dict_0003_0162" 9281
"../../../Engine/Content/EngineMaterials/Substrate/Glints2/dict_0003_0179.uasset" 9282
"/Engine/EngineMaterials/Substrate/Glints2/dict_0003_0161" 9283
"../../../Engine/Content/EngineMaterials/Substrate/Glints2/dict_0003_0172.uasset" 9284
"../../../Engine/Content/EngineMaterials/Substrate/Glints2/dict_0003_0177.uasset" 9285
"../../../Engine/Content/EngineMaterials/Substrate/Glints2/dict_0003_0176.uasset" 9286
"../../../Engine/Content/EngineMaterials/Substrate/Glints2/dict_0003_0173.uasset" 9287
"../../../Engine/Content/EngineMaterials/Substrate/Glints2/dict_0003_0175.uasset" 9288
"../../../Engine/Content/EngineMaterials/Substrate/Glints2/dict_0003_0166.uasset" 9289
"/Engine/EngineMaterials/Substrate/Glints2/dict_0003_0160" 9290
"/Engine/EngineMaterials/Substrate/Glints2/dict_0003_0159" 9291
"/Engine/EngineMaterials/Substrate/Glints2/dict_0003_0158" 9292
"/Engine/EngineMaterials/Substrate/Glints2/dict_0003_0156" 9293
"/Engine/EngineMaterials/Substrate/Glints2/dict_0003_0155" 9294
"/Engine/EngineMaterials/Substrate/Glints2/dict_0003_0154" 9295
"../../../Engine/Content/EngineMaterials/Substrate/Glints2/dict_0003_0184.uasset" 9296
"../../../Engine/Content/EngineMaterials/Substrate/Glints2/dict_0003_0174.uasset" 9297
"../../../Engine/Content/EngineMaterials/Substrate/Glints2/dict_0003_0181.uasset" 9298
"../../../Engine/Content/EngineMaterials/Substrate/Glints2/dict_0003_0178.uasset" 9299
"../../../Engine/Content/EngineMaterials/Substrate/Glints2/dict_0003_0180.uasset" 9300
"../../../Engine/Content/EngineMaterials/Substrate/Glints2/dict_0003_0183.uasset" 9301
"../../../Engine/Content/EngineMaterials/Substrate/Glints2/dict_0003_0182.uasset" 9302
"/Engine/EngineMaterials/Substrate/Glints2/dict_0003_0184" 9303
"/Engine/EngineMaterials/Substrate/Glints2/dict_0003_0166" 9304
"/Engine/EngineMaterials/Substrate/Glints2/dict_0003_0183" 9305
"/Engine/EngineMaterials/Substrate/Glints2/dict_0003_0181" 9306
"/Engine/EngineMaterials/Substrate/Glints2/dict_0003_0180" 9307
"../../../Engine/Content/EngineMaterials/Substrate/Glints2/dict_0003_0192.uasset" 9308
"../../../Engine/Content/EngineMaterials/Substrate/Glints2/dict_0003_0189.uasset" 9309
"../../../Engine/Content/EngineMaterials/Substrate/Glints2/dict_0003_0186.uasset" 9310
"../../../Engine/Content/EngineMaterials/Substrate/Glints2/dict_0003_0190.uasset" 9311
"../../../Engine/Content/EngineMaterials/Substrate/Glints2/dict_0003_0195.uasset" 9312
"../../../Engine/Content/EngineMaterials/Substrate/Glints2/dict_0003_0194.uasset" 9313
"../../../Engine/Content/EngineMaterials/Substrate/Glints2/dict_0003_0193.uasset" 9314
"../../../Engine/Content/EngineMaterials/Substrate/Glints2/dict_0003_0187.uasset" 9315
"/Engine/EngineMaterials/Substrate/Glints2/dict_0003_0179" 9316
"../../../Engine/Content/EngineMaterials/Substrate/Glints2/dict_0003_0197.uasset" 9317
"/Engine/EngineMaterials/Substrate/Glints2/dict_0003_0178" 9318
"/Engine/EngineMaterials/Substrate/Glints2/dict_0003_0157" 9319
"/Engine/EngineMaterials/Substrate/Glints2/dict_0003_0177" 9320
"/Engine/EngineMaterials/Substrate/Glints2/dict_0003_0176" 9321
"/Engine/EngineMaterials/Substrate/Glints2/dict_0003_0175" 9322
"/Engine/EngineMaterials/Substrate/Glints2/dict_0003_0174" 9323
"/Engine/EngineMaterials/Substrate/Glints2/dict_0003_0173" 9324
"/Engine/EngineMaterials/Substrate/Glints2/dict_0003_0172" 9325
"/Engine/EngineMaterials/Substrate/Glints2/dict_0003_0197" 9326
"/Engine/EngineMaterials/Substrate/Glints2/dict_0003_0182" 9327
"/Engine/EngineMaterials/Substrate/Glints2/dict_0003_0195" 9328
"../../../Engine/Content/EngineMaterials/Substrate/Glints2/dict_0003_0199.uasset" 9329
"../../../Engine/Content/EngineMaterials/Substrate/Glints2/dict_0003_0205.uasset" 9330
"../../../Engine/Content/EngineMaterials/Substrate/Glints2/dict_0003_0203.uasset" 9331
"../../../Engine/Content/EngineMaterials/Substrate/Glints2/dict_0003_0188.uasset" 9332
"../../../Engine/Content/EngineMaterials/Substrate/Glints2/dict_0003_0201.uasset" 9333
"../../../Engine/Content/EngineMaterials/Substrate/Glints2/dict_0003_0191.uasset" 9334
"../../../Engine/Content/EngineMaterials/Substrate/Glints2/dict_0003_0185.uasset" 9335
"../../../Engine/Content/EngineMaterials/Substrate/Glints2/dict_0003_0200.uasset" 9336
"/Engine/EngineMaterials/Substrate/Glints2/dict_0003_0194" 9337
"/Engine/EngineMaterials/Substrate/Glints2/dict_0003_0193" 9338
"../../../Engine/Content/EngineMaterials/Substrate/Glints2/dict_0003_0206.uasset" 9339
"/Engine/EngineMaterials/Substrate/Glints2/dict_0003_0192" 9340
"../../../Engine/Content/EngineMaterials/Substrate/Glints2/dict_0003_0204.uasset" 9341
"../../../Engine/Content/EngineMaterials/Substrate/Glints2/dict_0003_0208.uasset" 9342
"/Engine/EngineMaterials/Substrate/Glints2/dict_0003_0190" 9343
"../../../Engine/Content/EngineMaterials/Substrate/Glints2/dict_0003_0207.uasset" 9344
"/Engine/EngineMaterials/Substrate/Glints2/dict_0003_0189" 9345
"../../../Engine/Content/EngineMaterials/Substrate/Glints2/dict_0003_0202.uasset" 9346
"/Engine/EngineMaterials/Substrate/Glints2/dict_0003_0187" 9347
"../../../Engine/Content/EngineMaterials/Substrate/Glints2/dict_0003_0209.uasset" 9348
"../../../Engine/Content/EngineMaterials/Substrate/Glints2/dict_0003_0213.uasset" 9349
"../../../Engine/Content/EngineMaterials/Substrate/Glints2/dict_0003_0214.uasset" 9350
"../../../Engine/Content/EngineMaterials/Substrate/Glints2/dict_0003_0211.uasset" 9351
"../../../Engine/Content/EngineMaterials/Substrate/Glints2/dict_0003_0210.uasset" 9352
"../../../Engine/Content/EngineMaterials/Substrate/Glints2/dict_0003_0212.uasset" 9353
"../../../Engine/Content/EngineMaterials/Substrate/Glints2/dict_0003_0215.uasset" 9354
"/Engine/EngineMaterials/Substrate/Glints2/dict_0003_0186" 9355
"/Engine/EngineMaterials/Substrate/Glints2/dict_0003_0201" 9356
"/Engine/EngineMaterials/Substrate/Glints2/dict_0003_0215" 9357
"/Engine/EngineMaterials/Substrate/Glints2/dict_0003_0200" 9358
"/Engine/EngineMaterials/Substrate/Glints2/dict_0003_0199" 9359
"/Engine/EngineMaterials/Substrate/Glints2/dict_0003_0214" 9360
"../../../Engine/Content/EngineMaterials/Substrate/Glints2/dict_0003_0219.uasset" 9361
"../../../Engine/Content/EngineMaterials/Substrate/Glints2/dict_0003_0220.uasset" 9362
"../../../Engine/Content/EngineMaterials/Substrate/Glints2/dict_0003_0225.uasset" 9363
"../../../Engine/Content/EngineMaterials/Substrate/Glints2/dict_0003_0223.uasset" 9364
"../../../Engine/Content/EngineMaterials/Substrate/Glints2/dict_0003_0217.uasset" 9365
"../../../Engine/Content/EngineMaterials/Substrate/Glints2/dict_0003_0222.uasset" 9366
"../../../Engine/Content/EngineMaterials/Substrate/Glints2/dict_0003_0218.uasset" 9367
"../../../Engine/Content/EngineMaterials/Substrate/Glints2/dict_0003_0216.uasset" 9368
"/Engine/EngineMaterials/Substrate/Glints2/dict_0003_0213" 9369
"/Engine/EngineMaterials/Substrate/Glints2/dict_0003_0212" 9370
"../../../Engine/Content/EngineMaterials/Substrate/Glints2/dict_0003_0221.uasset" 9371
"/Engine/EngineMaterials/Substrate/Glints2/dict_0003_0191" 9372
"/Engine/EngineMaterials/Substrate/Glints2/dict_0003_0211" 9373
"/Engine/EngineMaterials/Substrate/Glints2/dict_0003_0210" 9374
"/Engine/EngineMaterials/Substrate/Glints2/dict_0003_0209" 9375
"../../../Engine/Content/EngineMaterials/Substrate/Glints2/dict_0003_0196.uasset" 9376
"/Engine/EngineMaterials/Substrate/Glints2/dict_0003_0188" 9377
"../../../Engine/Content/EngineMaterials/Substrate/Glints2/dict_0003_0198.uasset" 9378
"/Engine/EngineMaterials/Substrate/Glints2/dict_0003_0208" 9379
"/Engine/EngineMaterials/Substrate/Glints2/dict_0003_0207" 9380
"../../../Engine/Content/EngineMaterials/Substrate/Glints2/dict_0003_0224.uasset" 9381
"/Engine/EngineMaterials/Substrate/Glints2/dict_0003_0206" 9382
"/Engine/EngineMaterials/Substrate/Glints2/dict_0003_0205" 9383
"/Engine/EngineMaterials/Substrate/Glints2/dict_0003_0204" 9384
"/Engine/EngineMaterials/Substrate/Glints2/dict_0003_0185" 9385
"/Engine/EngineMaterials/Substrate/Glints2/dict_0003_0203" 9386
"/Engine/EngineMaterials/Substrate/Glints2/dict_0003_0202" 9387
"/Engine/EngineMaterials/Substrate/Glints2/dict_0003_0198" 9388
"/Engine/EngineMaterials/Substrate/Glints2/dict_0003_0225" 9389
"/Engine/EngineMaterials/Substrate/Glints2/dict_0003_0196" 9390
"/Engine/EngineMaterials/Substrate/Glints2/dict_0003_0224" 9391
"/Engine/EngineMaterials/Substrate/Glints2/dict_0003_0223" 9392
"/Engine/EngineMaterials/Substrate/Glints2/dict_0003_0222" 9393
"/Engine/EngineMaterials/Substrate/Glints2/dict_0003_0221" 9394
"/Engine/EngineMaterials/Substrate/Glints2/dict_0003_0220" 9395
"/Engine/EngineMaterials/Substrate/Glints2/dict_0003_0219" 9396
"../../../Engine/Content/EngineMaterials/Substrate/Glints2/dict_0003_0239.uasset" 9397
"../../../Engine/Content/EngineMaterials/Substrate/Glints2/dict_0003_0238.uasset" 9398
"../../../Engine/Content/EngineMaterials/Substrate/Glints2/dict_0003_0232.uasset" 9399
"../../../Engine/Content/EngineMaterials/Substrate/Glints2/dict_0003_0229.uasset" 9400
"../../../Engine/Content/EngineMaterials/Substrate/Glints2/dict_0003_0231.uasset" 9401
"../../../Engine/Content/EngineMaterials/Substrate/Glints2/dict_0003_0226.uasset" 9402
"../../../Engine/Content/EngineMaterials/Substrate/Glints2/dict_0003_0235.uasset" 9403
"../../../Engine/Content/EngineMaterials/Substrate/Glints2/dict_0003_0236.uasset" 9404
"../../../Engine/Content/EngineMaterials/Substrate/Glints2/dict_0003_0228.uasset" 9405
"/Engine/EngineMaterials/Substrate/Glints2/dict_0003_0218" 9406
"../../../Engine/Content/EngineMaterials/Substrate/Glints2/dict_0003_0230.uasset" 9407
"../../../Engine/Content/EngineMaterials/Substrate/Glints2/dict_0003_0233.uasset" 9408
"../../../Engine/Content/EngineMaterials/Substrate/Glints2/dict_0003_0237.uasset" 9409
"../../../Engine/Content/EngineMaterials/Substrate/Glints2/dict_0003_0227.uasset" 9410
"/Engine/EngineMaterials/Substrate/Glints2/dict_0003_0217" 9411
"/Engine/EngineMaterials/Substrate/Glints2/dict_0003_0216" 9412
"/Engine/EngineMaterials/Substrate/Glints2/dict_0003_0239" 9413
"/Engine/EngineMaterials/Substrate/Glints2/dict_0003_0238" 9414
"/Engine/EngineMaterials/Substrate/Glints2/dict_0003_0237" 9415
"/Engine/EngineMaterials/Substrate/Glints2/dict_0003_0236" 9416
"../../../Engine/Content/EngineMaterials/Substrate/Glints2/dict_0003_0240.uasset" 9417
"../../../Engine/Content/EngineMaterials/Substrate/Glints2/dict_0003_0242.uasset" 9418
"../../../Engine/Content/EngineMaterials/Substrate/Glints2/dict_0003_0244.uasset" 9419
"../../../Engine/Content/EngineMaterials/Substrate/Glints2/dict_0003_0243.uasset" 9420
"../../../Engine/Content/EngineMaterials/Substrate/Glints2/dict_0003_0245.uasset" 9421
"../../../Engine/Content/EngineMaterials/Substrate/Glints2/dict_0003_0241.uasset" 9422
"../../../Engine/Content/EngineMaterials/Substrate/Glints2/dict_0003_0249.uasset" 9423
"../../../Engine/Content/EngineMaterials/Substrate/Glints2/dict_0003_0250.uasset" 9424
"../../../Engine/Content/EngineMaterials/Substrate/Glints2/dict_0003_0254.uasset" 9425
"../../../Engine/Content/EngineMaterials/Substrate/Glints2/dict_0003_0253.uasset" 9426
"../../../Engine/Content/EngineMaterials/Substrate/Glints2/dict_0003_0234.uasset" 9427
"../../../Engine/Content/EngineMaterials/Substrate/Glints2/dict_0003_0252.uasset" 9428
"/Engine/EngineMaterials/Substrate/Glints2/dict_0003_0235" 9429
"../../../Engine/Content/EngineMaterials/Substrate/Glints2/dict_0003_0248.uasset" 9430
"../../../Engine/Content/EngineMaterials/Substrate/Glints2/dict_0003_0255.uasset" 9431
"../../../Engine/Content/EngineMaterials/Substrate/Glints2/dict_0003_0251.uasset" 9432
"../../../Engine/Content/EngineMaterials/Substrate/Glints2/dict_0003_0247.uasset" 9433
"../../../Engine/Content/EngineMaterials/Substrate/Glints2/dict_0003_0246.uasset" 9434
"/Engine/EngineMaterials/Substrate/Glints2/dict_0003_0233" 9435
"/Engine/EngineMaterials/Substrate/Glints2/dict_0003_0232" 9436
"/Engine/EngineMaterials/Substrate/Glints2/dict_0003_0231" 9437
"../../../Engine/Content/EngineMaterials/Substrate/Glints2/dict_0004_0001.uasset" 9438
"/Engine/EngineMaterials/Substrate/Glints2/dict_0003_0230" 9439
"/Engine/EngineMaterials/Substrate/Glints2/dict_0003_0229" 9440
"/Engine/EngineMaterials/Substrate/Glints2/dict_0003_0228" 9441
"/Engine/EngineMaterials/Substrate/Glints2/dict_0003_0227" 9442
"/Engine/EngineMaterials/Substrate/Glints2/dict_0003_0226" 9443
"/Engine/EngineMaterials/Substrate/Glints2/dict_0003_0245" 9444
"/Engine/EngineMaterials/Substrate/Glints2/dict_0003_0244" 9445
"../../../Engine/Content/EngineMaterials/Substrate/Glints2/dict_0004_0000.uasset" 9446
"../../../Engine/Content/EngineMaterials/Substrate/Glints2/dict_0004_0011.uasset" 9447
"../../../Engine/Content/EngineMaterials/Substrate/Glints2/dict_0004_0008.uasset" 9448
"../../../Engine/Content/EngineMaterials/Substrate/Glints2/dict_0004_0007.uasset" 9449
"../../../Engine/Content/EngineMaterials/Substrate/Glints2/dict_0004_0014.uasset" 9450
"../../../Engine/Content/EngineMaterials/Substrate/Glints2/dict_0004_0006.uasset" 9451
"../../../Engine/Content/EngineMaterials/Substrate/Glints2/dict_0004_0010.uasset" 9452
"/Engine/EngineMaterials/Substrate/Glints2/dict_0003_0243" 9453
"../../../Engine/Content/EngineMaterials/Substrate/Glints2/dict_0004_0013.uasset" 9454
"../../../Engine/Content/EngineMaterials/Substrate/Glints2/dict_0004_0012.uasset" 9455
"/Engine/EngineMaterials/Substrate/Glints2/dict_0003_0242" 9456
"/Engine/EngineMaterials/Substrate/Glints2/dict_0004_0001" 9457
"/Engine/EngineMaterials/Substrate/Glints2/dict_0003_0241" 9458
"/Engine/EngineMaterials/Substrate/Glints2/dict_0003_0255" 9459
"/Engine/EngineMaterials/Substrate/Glints2/dict_0003_0240" 9460
"/Engine/EngineMaterials/Substrate/Glints2/dict_0003_0254" 9461
"/Engine/EngineMaterials/Substrate/Glints2/dict_0003_0253" 9462
"../../../Engine/Content/EngineMaterials/Substrate/Glints2/dict_0004_0004.uasset" 9463
"/Engine/EngineMaterials/Substrate/Glints2/dict_0003_0252" 9464
"/Engine/EngineMaterials/Substrate/Glints2/dict_0003_0251" 9465
"/Engine/EngineMaterials/Substrate/Glints2/dict_0003_0250" 9466
"/Engine/EngineMaterials/Substrate/Glints2/dict_0003_0249" 9467
"../../../Engine/Content/EngineMaterials/Substrate/Glints2/dict_0004_0003.uasset" 9468
"/Engine/EngineMaterials/Substrate/Glints2/dict_0003_0248" 9469
"../../../Engine/Content/EngineMaterials/Substrate/Glints2/dict_0004_0009.uasset" 9470
"../../../Engine/Content/EngineMaterials/Substrate/Glints2/dict_0004_0005.uasset" 9471
"../../../Engine/Content/EngineMaterials/Substrate/Glints2/dict_0004_0002.uasset" 9472
"/Engine/EngineMaterials/Substrate/Glints2/dict_0003_0234" 9473
"/Engine/EngineMaterials/Substrate/Glints2/dict_0003_0247" 9474
"/Engine/EngineMaterials/Substrate/Glints2/dict_0003_0246" 9475
"/Engine/EngineMaterials/Substrate/Glints2/dict_0004_0000" 9476
"/Engine/EngineMaterials/Substrate/Glints2/dict_0004_0014" 9477
"/Engine/EngineMaterials/Substrate/Glints2/dict_0004_0013" 9478
"/Engine/EngineMaterials/Substrate/Glints2/dict_0004_0012" 9479
"/Engine/EngineMaterials/Substrate/Glints2/dict_0004_0011" 9480
"/Engine/EngineMaterials/Substrate/Glints2/dict_0004_0010" 9481
"/Engine/EngineMaterials/Substrate/Glints2/dict_0004_0009" 9482
"/Engine/EngineMaterials/Substrate/Glints2/dict_0004_0008" 9483
"/Engine/EngineMaterials/Substrate/Glints2/dict_0004_0007" 9484
"/Engine/EngineMaterials/Substrate/Glints2/dict_0004_0006" 9485
"/Engine/EngineMaterials/Substrate/Glints2/dict_0004_0005" 9486
"/Engine/EngineMaterials/Substrate/Glints2/dict_0004_0004" 9487
"/Engine/EngineMaterials/Substrate/Glints2/dict_0004_0003" 9488
"/Engine/EngineMaterials/Substrate/Glints2/dict_0004_0002" 9489
"../../../Engine/Content/EngineMaterials/Substrate/Glints2/dict_0004_0017.uasset" 9490
"../../../Engine/Content/EngineMaterials/Substrate/Glints2/dict_0004_0020.uasset" 9491
"../../../Engine/Content/EngineMaterials/Substrate/Glints2/dict_0004_0025.uasset" 9492
"../../../Engine/Content/EngineMaterials/Substrate/Glints2/dict_0004_0016.uasset" 9493
"../../../Engine/Content/EngineMaterials/Substrate/Glints2/dict_0004_0026.uasset" 9494
"../../../Engine/Content/EngineMaterials/Substrate/Glints2/dict_0004_0018.uasset" 9495
"../../../Engine/Content/EngineMaterials/Substrate/Glints2/dict_0004_0024.uasset" 9496
"../../../Engine/Content/EngineMaterials/Substrate/Glints2/dict_0004_0019.uasset" 9497
"/Engine/EngineMaterials/Substrate/Glints2/dict_0004_0026" 9498
"../../../Engine/Content/EngineMaterials/Substrate/Glints2/dict_0004_0022.uasset" 9499
"../../../Engine/Content/EngineMaterials/Substrate/Glints2/dict_0004_0015.uasset" 9500
"/Engine/EngineMaterials/Substrate/Glints2/dict_0004_0025" 9501
"../../../Engine/Content/EngineMaterials/Substrate/Glints2/dict_0004_0031.uasset" 9502
"../../../Engine/Content/EngineMaterials/Substrate/Glints2/dict_0004_0030.uasset" 9503
"../../../Engine/Content/EngineMaterials/Substrate/Glints2/dict_0004_0028.uasset" 9504
"/Engine/EngineMaterials/Substrate/Glints2/dict_0004_0024" 9505
"/Engine/EngineMaterials/Substrate/Glints2/dict_0004_0020" 9506
"../../../Engine/Content/EngineMaterials/Substrate/Glints2/dict_0004_0029.uasset" 9507
"../../../Engine/Content/EngineMaterials/Substrate/Glints2/dict_0004_0027.uasset" 9508
"/Engine/EngineMaterials/Substrate/Glints2/dict_0004_0019" 9509
"/Engine/EngineMaterials/Substrate/Glints2/dict_0004_0018" 9510
"/Engine/EngineMaterials/Substrate/Glints2/dict_0004_0017" 9511
"/Engine/EngineMaterials/Substrate/Glints2/dict_0004_0016" 9512
"/Engine/EngineMaterials/Substrate/Glints2/dict_0004_0031" 9513
"../../../Engine/Content/EngineMaterials/Substrate/Glints2/dict_0004_0032.uasset" 9514
"/Engine/EngineMaterials/Substrate/Glints2/dict_0004_0030" 9515
"../../../Engine/Content/EngineMaterials/Substrate/Glints2/dict_0004_0037.uasset" 9516
"../../../Engine/Content/EngineMaterials/Substrate/Glints2/dict_0004_0021.uasset" 9517
"../../../Engine/Content/EngineMaterials/Substrate/Glints2/dict_0004_0034.uasset" 9518
"../../../Engine/Content/EngineMaterials/Substrate/Glints2/dict_0004_0041.uasset" 9519
"../../../Engine/Content/EngineMaterials/Substrate/Glints2/dict_0004_0040.uasset" 9520
"../../../Engine/Content/EngineMaterials/Substrate/Glints2/dict_0004_0036.uasset" 9521
"/Engine/EngineMaterials/Substrate/Glints2/dict_0004_0029" 9522
"../../../Engine/Content/EngineMaterials/Substrate/Glints2/dict_0004_0039.uasset" 9523
"../../../Engine/Content/EngineMaterials/Substrate/Glints2/dict_0004_0035.uasset" 9524
"/Engine/EngineMaterials/Substrate/Glints2/dict_0004_0028" 9525
"../../../Engine/Content/EngineMaterials/Substrate/Glints2/dict_0004_0044.uasset" 9526
"../../../Engine/Content/EngineMaterials/Substrate/Glints2/dict_0004_0050.uasset" 9527
"../../../Engine/Content/EngineMaterials/Substrate/Glints2/dict_0004_0042.uasset" 9528
"../../../Engine/Content/EngineMaterials/Substrate/Glints2/dict_0004_0045.uasset" 9529
"../../../Engine/Content/EngineMaterials/Substrate/Glints2/dict_0004_0023.uasset" 9530
"../../../Engine/Content/EngineMaterials/Substrate/Glints2/dict_0004_0043.uasset" 9531
"../../../Engine/Content/EngineMaterials/Substrate/Glints2/dict_0004_0048.uasset" 9532
"../../../Engine/Content/EngineMaterials/Substrate/Glints2/dict_0004_0046.uasset" 9533
"../../../Engine/Content/EngineMaterials/Substrate/Glints2/dict_0004_0033.uasset" 9534
"../../../Engine/Content/EngineMaterials/Substrate/Glints2/dict_0004_0038.uasset" 9535
"/Engine/EngineMaterials/Substrate/Glints2/dict_0004_0027" 9536
"../../../Engine/Content/EngineMaterials/Substrate/Glints2/dict_0004_0051.uasset" 9537
"../../../Engine/Content/EngineMaterials/Substrate/Glints2/dict_0004_0052.uasset" 9538
"/Engine/EngineMaterials/Substrate/Glints2/dict_0004_0022" 9539
"/Engine/EngineMaterials/Substrate/Glints2/dict_0004_0015" 9540
"../../../Engine/Content/EngineMaterials/Substrate/Glints2/dict_0004_0049.uasset" 9541
"../../../Engine/Content/EngineMaterials/Substrate/Glints2/dict_0004_0047.uasset" 9542
"../../../Engine/Content/EngineMaterials/Substrate/Glints2/dict_0004_0054.uasset" 9543
"/Engine/EngineMaterials/Substrate/Glints2/dict_0004_0032" 9544
"../../../Engine/Content/EngineMaterials/Substrate/Glints2/dict_0004_0053.uasset" 9545
"/Engine/EngineMaterials/Substrate/Glints2/dict_0004_0046" 9546
"/Engine/EngineMaterials/Substrate/Glints2/dict_0004_0054" 9547
"/Engine/EngineMaterials/Substrate/Glints2/dict_0004_0052" 9548
"/Engine/EngineMaterials/Substrate/Glints2/dict_0004_0045" 9549
"/Engine/EngineMaterials/Substrate/Glints2/dict_0004_0023" 9550
"/Engine/EngineMaterials/Substrate/Glints2/dict_0004_0021" 9551
"/Engine/EngineMaterials/Substrate/Glints2/dict_0004_0051" 9552
"../../../Engine/Content/EngineMaterials/Substrate/Glints2/dict_0004_0059.uasset" 9553
"../../../Engine/Content/EngineMaterials/Substrate/Glints2/dict_0004_0057.uasset" 9554
"../../../Engine/Content/EngineMaterials/Substrate/Glints2/dict_0004_0061.uasset" 9555
"../../../Engine/Content/EngineMaterials/Substrate/Glints2/dict_0004_0058.uasset" 9556
"../../../Engine/Content/EngineMaterials/Substrate/Glints2/dict_0004_0055.uasset" 9557
"/Engine/EngineMaterials/Substrate/Glints2/dict_0004_0044" 9558
"/Engine/EngineMaterials/Substrate/Glints2/dict_0004_0043" 9559
"/Engine/EngineMaterials/Substrate/Glints2/dict_0004_0050" 9560
"/Engine/EngineMaterials/Substrate/Glints2/dict_0004_0042" 9561
"../../../Engine/Content/EngineMaterials/Substrate/Glints2/dict_0004_0056.uasset" 9562
"/Engine/EngineMaterials/Substrate/Glints2/dict_0004_0041" 9563
"/Engine/EngineMaterials/Substrate/Glints2/dict_0004_0049" 9564
"/Engine/EngineMaterials/Substrate/Glints2/dict_0004_0048" 9565
"../../../Engine/Content/EngineMaterials/Substrate/Glints2/dict_0004_0060.uasset" 9566
"/Engine/EngineMaterials/Substrate/Glints2/dict_0004_0040" 9567
"/Engine/EngineMaterials/Substrate/Glints2/dict_0004_0039" 9568
"/Engine/EngineMaterials/Substrate/Glints2/dict_0004_0047" 9569
"/Engine/EngineMaterials/Substrate/Glints2/dict_0004_0038" 9570
"/Engine/EngineMaterials/Substrate/Glints2/dict_0004_0037" 9571
"/Engine/EngineMaterials/Substrate/Glints2/dict_0004_0036" 9572
"/Engine/EngineMaterials/Substrate/Glints2/dict_0004_0035" 9573
"/Engine/EngineMaterials/Substrate/Glints2/dict_0004_0034" 9574
"/Engine/EngineMaterials/Substrate/Glints2/dict_0004_0033" 9575
"/Engine/EngineMaterials/Substrate/Glints2/dict_0004_0061" 9576
"/Engine/EngineMaterials/Substrate/Glints2/dict_0004_0060" 9577
"/Engine/EngineMaterials/Substrate/Glints2/dict_0004_0059" 9578
"/Engine/EngineMaterials/Substrate/Glints2/dict_0004_0058" 9579
"/Engine/EngineMaterials/Substrate/Glints2/dict_0004_0057" 9580
"../../../Engine/Content/EngineMaterials/Substrate/Glints2/dict_0004_0068.uasset" 9581
"../../../Engine/Content/EngineMaterials/Substrate/Glints2/dict_0004_0064.uasset" 9582
"../../../Engine/Content/EngineMaterials/Substrate/Glints2/dict_0004_0067.uasset" 9583
"../../../Engine/Content/EngineMaterials/Substrate/Glints2/dict_0004_0066.uasset" 9584
"../../../Engine/Content/EngineMaterials/Substrate/Glints2/dict_0004_0070.uasset" 9585
"../../../Engine/Content/EngineMaterials/Substrate/Glints2/dict_0004_0072.uasset" 9586
"../../../Engine/Content/EngineMaterials/Substrate/Glints2/dict_0004_0065.uasset" 9587
"../../../Engine/Content/EngineMaterials/Substrate/Glints2/dict_0004_0063.uasset" 9588
"../../../Engine/Content/EngineMaterials/Substrate/Glints2/dict_0004_0075.uasset" 9589
"../../../Engine/Content/EngineMaterials/Substrate/Glints2/dict_0004_0062.uasset" 9590
"../../../Engine/Content/EngineMaterials/Substrate/Glints2/dict_0004_0071.uasset" 9591
"../../../Engine/Content/EngineMaterials/Substrate/Glints2/dict_0004_0073.uasset" 9592
"/Engine/EngineMaterials/Substrate/Glints2/dict_0004_0053" 9593
"/Engine/EngineMaterials/Substrate/Glints2/dict_0004_0056" 9594
"../../../Engine/Content/EngineMaterials/Substrate/Glints2/dict_0004_0076.uasset" 9595
"../../../Engine/Content/EngineMaterials/Substrate/Glints2/dict_0004_0077.uasset" 9596
"../../../Engine/Content/EngineMaterials/Substrate/Glints2/dict_0004_0078.uasset" 9597
"../../../Engine/Content/EngineMaterials/Substrate/Glints2/dict_0004_0081.uasset" 9598
"../../../Engine/Content/EngineMaterials/Substrate/Glints2/dict_0004_0084.uasset" 9599
"../../../Engine/Content/EngineMaterials/Substrate/Glints2/dict_0004_0079.uasset" 9600
"/Engine/EngineMaterials/Substrate/Glints2/dict_0004_0055" 9601
"../../../Engine/Content/EngineMaterials/Substrate/Glints2/dict_0004_0083.uasset" 9602
"/Engine/EngineMaterials/Substrate/Glints2/dict_0004_0084" 9603
"../../../Engine/Content/EngineMaterials/Substrate/Glints2/dict_0004_0080.uasset" 9604
"/Engine/EngineMaterials/Substrate/Glints2/dict_0004_0081" 9605
"/Engine/EngineMaterials/Substrate/Glints2/dict_0004_0079" 9606
"/Engine/EngineMaterials/Substrate/Glints2/dict_0004_0078" 9607
"/Engine/EngineMaterials/Substrate/Glints2/dict_0004_0077" 9608
"/Engine/EngineMaterials/Substrate/Glints2/dict_0004_0076" 9609
"/Engine/EngineMaterials/Substrate/Glints2/dict_0004_0075" 9610
"/Engine/EngineMaterials/Substrate/Glints2/dict_0004_0073" 9611
"/Engine/EngineMaterials/Substrate/Glints2/dict_0004_0072" 9612
"/Engine/EngineMaterials/Substrate/Glints2/dict_0004_0071" 9613
"/Engine/EngineMaterials/Substrate/Glints2/dict_0004_0070" 9614
"/Engine/EngineMaterials/Substrate/Glints2/dict_0004_0068" 9615
"/Engine/EngineMaterials/Substrate/Glints2/dict_0004_0067" 9616
"/Engine/EngineMaterials/Substrate/Glints2/dict_0004_0066" 9617
"/Engine/EngineMaterials/Substrate/Glints2/dict_0004_0065" 9618
"/Engine/EngineMaterials/Substrate/Glints2/dict_0004_0064" 9619
"/Engine/EngineMaterials/Substrate/Glints2/dict_0004_0063" 9620
"/Engine/EngineMaterials/Substrate/Glints2/dict_0004_0062" 9621
"/Engine/EngineMaterials/Substrate/Glints2/dict_0004_0083" 9622
"../../../Engine/Content/EngineMaterials/Substrate/Glints2/dict_0004_0082.uasset" 9623
"../../../Engine/Content/EngineMaterials/Substrate/Glints2/dict_0004_0087.uasset" 9624
"../../../Engine/Content/EngineMaterials/Substrate/Glints2/dict_0004_0092.uasset" 9625
"../../../Engine/Content/EngineMaterials/Substrate/Glints2/dict_0004_0089.uasset" 9626
"/Engine/EngineMaterials/Substrate/Glints2/dict_0004_0080" 9627
"/Engine/EngineMaterials/Substrate/Glints2/dict_0004_0092" 9628
"/Engine/EngineMaterials/Substrate/Glints2/dict_0004_0089" 9629
"/Engine/EngineMaterials/Substrate/Glints2/dict_0004_0082" 9630
"../../../Engine/Content/EngineMaterials/Substrate/Glints2/dict_0004_0091.uasset" 9631
"../../../Engine/Content/EngineMaterials/Substrate/Glints2/dict_0004_0090.uasset" 9632
"../../../Engine/Content/EngineMaterials/Substrate/Glints2/dict_0004_0088.uasset" 9633
"../../../Engine/Content/EngineMaterials/Substrate/Glints2/dict_0004_0086.uasset" 9634
"../../../Engine/Content/EngineMaterials/Substrate/Glints2/dict_0004_0093.uasset" 9635
"../../../Engine/Content/EngineMaterials/Substrate/Glints2/dict_0004_0095.uasset" 9636
"../../../Engine/Content/EngineMaterials/Substrate/Glints2/dict_0004_0097.uasset" 9637
"../../../Engine/Content/EngineMaterials/Substrate/Glints2/dict_0004_0085.uasset" 9638
"../../../Engine/Content/EngineMaterials/Substrate/Glints2/dict_0004_0100.uasset" 9639
"../../../Engine/Content/EngineMaterials/Substrate/Glints2/dict_0004_0099.uasset" 9640
"../../../Engine/Content/EngineMaterials/Substrate/Glints2/dict_0004_0096.uasset" 9641
"/Engine/EngineMaterials/Substrate/Glints2/dict_0004_0087" 9642
"../../../Engine/Content/EngineMaterials/Substrate/Glints2/dict_0004_0094.uasset" 9643
"../../../Engine/Content/EngineMaterials/Substrate/Glints2/dict_0004_0074.uasset" 9644
"../../../Engine/Content/EngineMaterials/Substrate/Glints2/dict_0004_0069.uasset" 9645
"/Engine/EngineMaterials/Substrate/Glints2/dict_0004_0085" 9646
"../../../Engine/Content/EngineMaterials/Substrate/Glints2/dict_0004_0102.uasset" 9647
"../../../Engine/Content/EngineMaterials/Substrate/Glints2/dict_0004_0103.uasset" 9648
"../../../Engine/Content/EngineMaterials/Substrate/Glints2/dict_0004_0101.uasset" 9649
"../../../Engine/Content/EngineMaterials/Substrate/Glints2/dict_0004_0098.uasset" 9650
"../../../Engine/Content/EngineMaterials/Substrate/Glints2/dict_0004_0108.uasset" 9651
"../../../Engine/Content/EngineMaterials/Substrate/Glints2/dict_0004_0111.uasset" 9652
"../../../Engine/Content/EngineMaterials/Substrate/Glints2/dict_0004_0110.uasset" 9653
"../../../Engine/Content/EngineMaterials/Substrate/Glints2/dict_0004_0109.uasset" 9654
"../../../Engine/Content/EngineMaterials/Substrate/Glints2/dict_0004_0104.uasset" 9655
"/Engine/EngineMaterials/Substrate/Glints2/dict_0004_0093" 9656
"/Engine/EngineMaterials/Substrate/Glints2/dict_0004_0091" 9657
"/Engine/EngineMaterials/Substrate/Glints2/dict_0004_0090" 9658
"../../../Engine/Content/EngineMaterials/Substrate/Glints2/dict_0004_0107.uasset" 9659
"../../../Engine/Content/EngineMaterials/Substrate/Glints2/dict_0004_0106.uasset" 9660
"../../../Engine/Content/EngineMaterials/Substrate/Glints2/dict_0004_0117.uasset" 9661
"../../../Engine/Content/EngineMaterials/Substrate/Glints2/dict_0004_0116.uasset" 9662
"../../../Engine/Content/EngineMaterials/Substrate/Glints2/dict_0004_0112.uasset" 9663
"../../../Engine/Content/EngineMaterials/Substrate/Glints2/dict_0004_0105.uasset" 9664
"../../../Engine/Content/EngineMaterials/Substrate/Glints2/dict_0004_0114.uasset" 9665
"/Engine/EngineMaterials/Substrate/Glints2/dict_0004_0088" 9666
"/Engine/EngineMaterials/Substrate/Glints2/dict_0004_0069" 9667
"../../../Engine/Content/EngineMaterials/Substrate/Glints2/dict_0004_0115.uasset" 9668
"/Engine/EngineMaterials/Substrate/Glints2/dict_0004_0100" 9669
"/Engine/EngineMaterials/Substrate/Glints2/dict_0004_0086" 9670
"/Engine/EngineMaterials/Substrate/Glints2/dict_0004_0099" 9671
"/Engine/EngineMaterials/Substrate/Glints2/dict_0004_0097" 9672
"/Engine/EngineMaterials/Substrate/Glints2/dict_0004_0096" 9673
"/Engine/EngineMaterials/Substrate/Glints2/dict_0004_0095" 9674
"/Engine/EngineMaterials/Substrate/Glints2/dict_0004_0094" 9675
"../../../Engine/Content/EngineMaterials/Substrate/Glints2/dict_0004_0113.uasset" 9676
"/Engine/EngineMaterials/Substrate/Glints2/dict_0004_0117" 9677
"/Engine/EngineMaterials/Substrate/Glints2/dict_0004_0111" 9678
"/Engine/EngineMaterials/Substrate/Glints2/dict_0004_0116" 9679
"/Engine/EngineMaterials/Substrate/Glints2/dict_0004_0113" 9680
"/Engine/EngineMaterials/Substrate/Glints2/dict_0004_0115" 9681
"/Engine/EngineMaterials/Substrate/Glints2/dict_0004_0110" 9682
"/Engine/EngineMaterials/Substrate/Glints2/dict_0004_0112" 9683
"../../../Engine/Content/EngineMaterials/Substrate/Glints2/dict_0004_0124.uasset" 9684
"../../../Engine/Content/EngineMaterials/Substrate/Glints2/dict_0004_0129.uasset" 9685
"../../../Engine/Content/EngineMaterials/Substrate/Glints2/dict_0004_0121.uasset" 9686
"/Engine/EngineMaterials/Substrate/Glints2/dict_0004_0114" 9687
"../../../Engine/Content/EngineMaterials/Substrate/Glints2/dict_0004_0118.uasset" 9688
"../../../Engine/Content/EngineMaterials/Substrate/Glints2/dict_0004_0128.uasset" 9689
"/Engine/EngineMaterials/Substrate/Glints2/dict_0004_0109" 9690
"../../../Engine/Content/EngineMaterials/Substrate/Glints2/dict_0004_0120.uasset" 9691
"../../../Engine/Content/EngineMaterials/Substrate/Glints2/dict_0004_0126.uasset" 9692
"/Engine/EngineMaterials/Substrate/Glints2/dict_0004_0108" 9693
"/Engine/EngineMaterials/Substrate/Glints2/dict_0004_0107" 9694
"../../../Engine/Content/EngineMaterials/Substrate/Glints2/dict_0004_0123.uasset" 9695
"../../../Engine/Content/EngineMaterials/Substrate/Glints2/dict_0004_0127.uasset" 9696
"/Engine/EngineMaterials/Substrate/Glints2/dict_0004_0106" 9697
"/Engine/EngineMaterials/Substrate/Glints2/dict_0004_0105" 9698
"/Engine/EngineMaterials/Substrate/Glints2/dict_0004_0074" 9699
"/Engine/EngineMaterials/Substrate/Glints2/dict_0004_0104" 9700
"/Engine/EngineMaterials/Substrate/Glints2/dict_0004_0103" 9701
"/Engine/EngineMaterials/Substrate/Glints2/dict_0004_0102" 9702
"../../../Engine/Content/EngineMaterials/Substrate/Glints2/dict_0004_0119.uasset" 9703
"../../../Engine/Content/EngineMaterials/Substrate/Glints2/dict_0004_0122.uasset" 9704
"/Engine/EngineMaterials/Substrate/Glints2/dict_0004_0101" 9705
"/Engine/EngineMaterials/Substrate/Glints2/dict_0004_0098" 9706
"/Engine/EngineMaterials/Substrate/Glints2/dict_0004_0129" 9707
"../../../Engine/Content/EngineMaterials/Substrate/Glints2/dict_0004_0125.uasset" 9708
"/Engine/EngineMaterials/Substrate/Glints2/dict_0004_0128" 9709
"../../../Engine/Content/EngineMaterials/Substrate/Glints2/dict_0004_0130.uasset" 9710
"../../../Engine/Content/EngineMaterials/Substrate/Glints2/dict_0004_0137.uasset" 9711
"../../../Engine/Content/EngineMaterials/Substrate/Glints2/dict_0004_0139.uasset" 9712
"../../../Engine/Content/EngineMaterials/Substrate/Glints2/dict_0004_0134.uasset" 9713
"/Engine/EngineMaterials/Substrate/Glints2/dict_0004_0127" 9714
"../../../Engine/Content/EngineMaterials/Substrate/Glints2/dict_0004_0133.uasset" 9715
"../../../Engine/Content/EngineMaterials/Substrate/Glints2/dict_0004_0131.uasset" 9716
"../../../Engine/Content/EngineMaterials/Substrate/Glints2/dict_0004_0135.uasset" 9717
"../../../Engine/Content/EngineMaterials/Substrate/Glints2/dict_0004_0132.uasset" 9718
"../../../Engine/Content/EngineMaterials/Substrate/Glints2/dict_0004_0140.uasset" 9719
"../../../Engine/Content/EngineMaterials/Substrate/Glints2/dict_0004_0136.uasset" 9720
"/Engine/EngineMaterials/Substrate/Glints2/dict_0004_0126" 9721
"../../../Engine/Content/EngineMaterials/Substrate/Glints2/dict_0004_0141.uasset" 9722
"../../../Engine/Content/EngineMaterials/Substrate/Glints2/dict_0004_0145.uasset" 9723
"../../../Engine/Content/EngineMaterials/Substrate/Glints2/dict_0004_0143.uasset" 9724
"../../../Engine/Content/EngineMaterials/Substrate/Glints2/dict_0004_0148.uasset" 9725
"../../../Engine/Content/EngineMaterials/Substrate/Glints2/dict_0004_0142.uasset" 9726
"/Engine/EngineMaterials/Substrate/Glints2/dict_0004_0124" 9727
"../../../Engine/Content/EngineMaterials/Substrate/Glints2/dict_0004_0144.uasset" 9728
"/Engine/EngineMaterials/Substrate/Glints2/dict_0004_0123" 9729
"/Engine/EngineMaterials/Substrate/Glints2/dict_0004_0122" 9730
"../../../Engine/Content/EngineMaterials/Substrate/Glints2/dict_0004_0146.uasset" 9731
"../../../Engine/Content/EngineMaterials/Substrate/Glints2/dict_0004_0138.uasset" 9732
"/Engine/EngineMaterials/Substrate/Glints2/dict_0004_0121" 9733
"/Engine/EngineMaterials/Substrate/Glints2/dict_0004_0120" 9734
"../../../Engine/Content/EngineMaterials/Substrate/Glints2/dict_0004_0149.uasset" 9735
"/Engine/EngineMaterials/Substrate/Glints2/dict_0004_0119" 9736
"/Engine/EngineMaterials/Substrate/Glints2/dict_0004_0118" 9737
"/Engine/EngineMaterials/Substrate/Glints2/dict_0004_0130" 9738
"/Engine/EngineMaterials/Substrate/Glints2/dict_0004_0149" 9739
"/Engine/EngineMaterials/Substrate/Glints2/dict_0004_0148" 9740
"/Engine/EngineMaterials/Substrate/Glints2/dict_0004_0146" 9741
"/Engine/EngineMaterials/Substrate/Glints2/dict_0004_0145" 9742
"../../../Engine/Content/EngineMaterials/Substrate/Glints2/dict_0004_0147.uasset" 9743
"/Engine/EngineMaterials/Substrate/Glints2/dict_0004_0144" 9744
"../../../Engine/Content/EngineMaterials/Substrate/Glints2/dict_0004_0151.uasset" 9745
"../../../Engine/Content/EngineMaterials/Substrate/Glints2/dict_0004_0159.uasset" 9746
"../../../Engine/Content/EngineMaterials/Substrate/Glints2/dict_0004_0154.uasset" 9747
"../../../Engine/Content/EngineMaterials/Substrate/Glints2/dict_0004_0156.uasset" 9748
"../../../Engine/Content/EngineMaterials/Substrate/Glints2/dict_0004_0150.uasset" 9749
"../../../Engine/Content/EngineMaterials/Substrate/Glints2/dict_0004_0153.uasset" 9750
"../../../Engine/Content/EngineMaterials/Substrate/Glints2/dict_0004_0155.uasset" 9751
"/Engine/EngineMaterials/Substrate/Glints2/dict_0004_0143" 9752
"../../../Engine/Content/EngineMaterials/Substrate/Glints2/dict_0004_0152.uasset" 9753
"/Engine/EngineMaterials/Substrate/Glints2/dict_0004_0142" 9754
"/Engine/EngineMaterials/Substrate/Glints2/dict_0004_0141" 9755
"../../../Engine/Content/EngineMaterials/Substrate/Glints2/dict_0004_0160.uasset" 9756
"../../../Engine/Content/EngineMaterials/Substrate/Glints2/dict_0004_0158.uasset" 9757
"/Engine/EngineMaterials/Substrate/Glints2/dict_0004_0140" 9758
"/Engine/EngineMaterials/Substrate/Glints2/dict_0004_0139" 9759
"../../../Engine/Content/EngineMaterials/Substrate/Glints2/dict_0004_0157.uasset" 9760
"/Engine/EngineMaterials/Substrate/Glints2/dict_0004_0138" 9761
"/Engine/EngineMaterials/Substrate/Glints2/dict_0004_0137" 9762
"/Engine/EngineMaterials/Substrate/Glints2/dict_0004_0136" 9763
"/Engine/EngineMaterials/Substrate/Glints2/dict_0004_0135" 9764
"/Engine/EngineMaterials/Substrate/Glints2/dict_0004_0134" 9765
"/Engine/EngineMaterials/Substrate/Glints2/dict_0004_0133" 9766
"/Engine/EngineMaterials/Substrate/Glints2/dict_0004_0132" 9767
"/Engine/EngineMaterials/Substrate/Glints2/dict_0004_0125" 9768
"/Engine/EngineMaterials/Substrate/Glints2/dict_0004_0131" 9769
"/Engine/EngineMaterials/Substrate/Glints2/dict_0004_0160" 9770
"/Engine/EngineMaterials/Substrate/Glints2/dict_0004_0159" 9771
"/Engine/EngineMaterials/Substrate/Glints2/dict_0004_0158" 9772
"/Engine/EngineMaterials/Substrate/Glints2/dict_0004_0147" 9773
"../../../Engine/Content/EngineMaterials/Substrate/Glints2/dict_0004_0173.uasset" 9774
"../../../Engine/Content/EngineMaterials/Substrate/Glints2/dict_0004_0174.uasset" 9775
"../../../Engine/Content/EngineMaterials/Substrate/Glints2/dict_0004_0165.uasset" 9776
"../../../Engine/Content/EngineMaterials/Substrate/Glints2/dict_0004_0166.uasset" 9777
"../../../Engine/Content/EngineMaterials/Substrate/Glints2/dict_0004_0169.uasset" 9778
"../../../Engine/Content/EngineMaterials/Substrate/Glints2/dict_0004_0168.uasset" 9779
"../../../Engine/Content/EngineMaterials/Substrate/Glints2/dict_0004_0171.uasset" 9780
"../../../Engine/Content/EngineMaterials/Substrate/Glints2/dict_0004_0170.uasset" 9781
"../../../Engine/Content/EngineMaterials/Substrate/Glints2/dict_0004_0163.uasset" 9782
"../../../Engine/Content/EngineMaterials/Substrate/Glints2/dict_0004_0167.uasset" 9783
"../../../Engine/Content/EngineMaterials/Substrate/Glints2/dict_0004_0161.uasset" 9784
"../../../Engine/Content/EngineMaterials/Substrate/Glints2/dict_0004_0162.uasset" 9785
"/Engine/EngineMaterials/Substrate/Glints2/dict_0004_0157" 9786
"../../../Engine/Content/EngineMaterials/Substrate/Glints2/dict_0004_0172.uasset" 9787
"/Engine/EngineMaterials/Substrate/Glints2/dict_0004_0156" 9788
"/Engine/EngineMaterials/Substrate/Glints2/dict_0004_0155" 9789
"../../../Engine/Content/EngineMaterials/Substrate/Glints2/dict_0004_0177.uasset" 9790
"../../../Engine/Content/EngineMaterials/Substrate/Glints2/dict_0004_0180.uasset" 9791
"../../../Engine/Content/EngineMaterials/Substrate/Glints2/dict_0004_0179.uasset" 9792
"../../../Engine/Content/EngineMaterials/Substrate/Glints2/dict_0004_0175.uasset" 9793
"../../../Engine/Content/EngineMaterials/Substrate/Glints2/dict_0004_0164.uasset" 9794
"../../../Engine/Content/EngineMaterials/Substrate/Glints2/dict_0004_0178.uasset" 9795
"/Engine/EngineMaterials/Substrate/Glints2/dict_0004_0154" 9796
"../../../Engine/Content/EngineMaterials/Substrate/Glints2/dict_0004_0176.uasset" 9797
"/Engine/EngineMaterials/Substrate/Glints2/dict_0004_0153" 9798
"/Engine/EngineMaterials/Substrate/Glints2/dict_0004_0152" 9799
"/Engine/EngineMaterials/Substrate/Glints2/dict_0004_0151" 9800
"/Engine/EngineMaterials/Substrate/Glints2/dict_0004_0150" 9801
"/Engine/EngineMaterials/Substrate/Glints2/dict_0004_0180" 9802
"/Engine/EngineMaterials/Substrate/Glints2/dict_0004_0179" 9803
"/Engine/EngineMaterials/Substrate/Glints2/dict_0004_0178" 9804
"/Engine/EngineMaterials/Substrate/Glints2/dict_0004_0177" 9805
"/Engine/EngineMaterials/Substrate/Glints2/dict_0004_0176" 9806
"../../../Engine/Content/EngineMaterials/Substrate/Glints2/dict_0004_0189.uasset" 9807
"../../../Engine/Content/EngineMaterials/Substrate/Glints2/dict_0004_0188.uasset" 9808
"../../../Engine/Content/EngineMaterials/Substrate/Glints2/dict_0004_0184.uasset" 9809
"../../../Engine/Content/EngineMaterials/Substrate/Glints2/dict_0004_0181.uasset" 9810
"../../../Engine/Content/EngineMaterials/Substrate/Glints2/dict_0004_0187.uasset" 9811
"../../../Engine/Content/EngineMaterials/Substrate/Glints2/dict_0004_0186.uasset" 9812
"../../../Engine/Content/EngineMaterials/Substrate/Glints2/dict_0004_0185.uasset" 9813
"../../../Engine/Content/EngineMaterials/Substrate/Glints2/dict_0004_0190.uasset" 9814
"/Engine/EngineMaterials/Substrate/Glints2/dict_0004_0175" 9815
"/Engine/EngineMaterials/Substrate/Glints2/dict_0004_0174" 9816
"/Engine/EngineMaterials/Substrate/Glints2/dict_0004_0173" 9817
"/Engine/EngineMaterials/Substrate/Glints2/dict_0004_0172" 9818
"../../../Engine/Content/EngineMaterials/Substrate/Glints2/dict_0004_0183.uasset" 9819
"../../../Engine/Content/EngineMaterials/Substrate/Glints2/dict_0004_0182.uasset" 9820
"/Engine/EngineMaterials/Substrate/Glints2/dict_0004_0171" 9821
"/Engine/EngineMaterials/Substrate/Glints2/dict_0004_0170" 9822
"/Engine/EngineMaterials/Substrate/Glints2/dict_0004_0169" 9823
"/Engine/EngineMaterials/Substrate/Glints2/dict_0004_0168" 9824
"/Engine/EngineMaterials/Substrate/Glints2/dict_0004_0167" 9825
"/Engine/EngineMaterials/Substrate/Glints2/dict_0004_0166" 9826
"../../../Engine/Content/EngineMaterials/Substrate/Glints2/dict_0004_0191.uasset" 9827
"../../../Engine/Content/EngineMaterials/Substrate/Glints2/dict_0004_0192.uasset" 9828
"/Engine/EngineMaterials/Substrate/Glints2/dict_0004_0165" 9829
"/Engine/EngineMaterials/Substrate/Glints2/dict_0004_0164" 9830
"/Engine/EngineMaterials/Substrate/Glints2/dict_0004_0163" 9831
"/Engine/EngineMaterials/Substrate/Glints2/dict_0004_0162" 9832
"/Engine/EngineMaterials/Substrate/Glints2/dict_0004_0161" 9833
"/Engine/EngineMaterials/Substrate/Glints2/dict_0004_0192" 9834
"/Engine/EngineMaterials/Substrate/Glints2/dict_0004_0191" 9835
"/Engine/EngineMaterials/Substrate/Glints2/dict_0004_0190" 9836
"/Engine/EngineMaterials/Substrate/Glints2/dict_0004_0189" 9837
"/Engine/EngineMaterials/Substrate/Glints2/dict_0004_0188" 9838
"../../../Engine/Content/EngineMaterials/Substrate/Glints2/dict_0004_0203.uasset" 9839
"../../../Engine/Content/EngineMaterials/Substrate/Glints2/dict_0004_0202.uasset" 9840
"../../../Engine/Content/EngineMaterials/Substrate/Glints2/dict_0004_0200.uasset" 9841
"../../../Engine/Content/EngineMaterials/Substrate/Glints2/dict_0004_0198.uasset" 9842
"/Engine/EngineMaterials/Substrate/Glints2/dict_0004_0187" 9843
"../../../Engine/Content/EngineMaterials/Substrate/Glints2/dict_0004_0195.uasset" 9844
"../../../Engine/Content/EngineMaterials/Substrate/Glints2/dict_0004_0206.uasset" 9845
"../../../Engine/Content/EngineMaterials/Substrate/Glints2/dict_0004_0193.uasset" 9846
"../../../Engine/Content/EngineMaterials/Substrate/Glints2/dict_0004_0197.uasset" 9847
"/Engine/EngineMaterials/Substrate/Glints2/dict_0004_0186" 9848
"../../../Engine/Content/EngineMaterials/Substrate/Glints2/dict_0004_0199.uasset" 9849
"../../../Engine/Content/EngineMaterials/Substrate/Glints2/dict_0004_0196.uasset" 9850
"../../../Engine/Content/EngineMaterials/Substrate/Glints2/dict_0004_0194.uasset" 9851
"/Engine/EngineMaterials/Substrate/Glints2/dict_0004_0185" 9852
"/Engine/EngineMaterials/Substrate/Glints2/dict_0004_0184" 9853
"../../../Engine/Content/EngineMaterials/Substrate/Glints2/dict_0004_0204.uasset" 9854
"/Engine/EngineMaterials/Substrate/Glints2/dict_0004_0183" 9855
"../../../Engine/Content/EngineMaterials/Substrate/Glints2/dict_0004_0201.uasset" 9856
"../../../Engine/Content/EngineMaterials/Substrate/Glints2/dict_0004_0205.uasset" 9857
"../../../Engine/Content/EngineMaterials/Substrate/Glints2/dict_0004_0209.uasset" 9858
"../../../Engine/Content/EngineMaterials/Substrate/Glints2/dict_0004_0208.uasset" 9859
"../../../Engine/Content/EngineMaterials/Substrate/Glints2/dict_0004_0212.uasset" 9860
"../../../Engine/Content/EngineMaterials/Substrate/Glints2/dict_0004_0210.uasset" 9861
"../../../Engine/Content/EngineMaterials/Substrate/Glints2/dict_0004_0211.uasset" 9862
"/Engine/EngineMaterials/Substrate/Glints2/dict_0004_0182" 9863
"/Engine/EngineMaterials/Substrate/Glints2/dict_0004_0181" 9864
"/Engine/EngineMaterials/Substrate/Glints2/dict_0004_0212" 9865
"/Engine/EngineMaterials/Substrate/Glints2/dict_0004_0211" 9866
"/Engine/EngineMaterials/Substrate/Glints2/dict_0004_0210" 9867
"../../../Engine/Content/EngineMaterials/Substrate/Glints2/dict_0004_0207.uasset" 9868
"/Engine/EngineMaterials/Substrate/Glints2/dict_0004_0209" 9869
"../../../Engine/Content/EngineMaterials/Substrate/Glints2/dict_0004_0214.uasset" 9870
"../../../Engine/Content/EngineMaterials/Substrate/Glints2/dict_0004_0215.uasset" 9871
"../../../Engine/Content/EngineMaterials/Substrate/Glints2/dict_0004_0223.uasset" 9872
"../../../Engine/Content/EngineMaterials/Substrate/Glints2/dict_0004_0218.uasset" 9873
"../../../Engine/Content/EngineMaterials/Substrate/Glints2/dict_0004_0222.uasset" 9874
"../../../Engine/Content/EngineMaterials/Substrate/Glints2/dict_0004_0216.uasset" 9875
"../../../Engine/Content/EngineMaterials/Substrate/Glints2/dict_0004_0219.uasset" 9876
"/Engine/EngineMaterials/Substrate/Glints2/dict_0004_0208" 9877
"../../../Engine/Content/EngineMaterials/Substrate/Glints2/dict_0004_0217.uasset" 9878
"/Engine/EngineMaterials/Substrate/Glints2/dict_0004_0206" 9879
"/Engine/EngineMaterials/Substrate/Glints2/dict_0004_0205" 9880
"/Engine/EngineMaterials/Substrate/Glints2/dict_0004_0204" 9881
"/Engine/EngineMaterials/Substrate/Glints2/dict_0004_0203" 9882
"/Engine/EngineMaterials/Substrate/Glints2/dict_0004_0202" 9883
"/Engine/EngineMaterials/Substrate/Glints2/dict_0004_0201" 9884
"/Engine/EngineMaterials/Substrate/Glints2/dict_0004_0200" 9885
"/Engine/EngineMaterials/Substrate/Glints2/dict_0004_0199" 9886
"/Engine/EngineMaterials/Substrate/Glints2/dict_0004_0198" 9887
"/Engine/EngineMaterials/Substrate/Glints2/dict_0004_0197" 9888
"/Engine/EngineMaterials/Substrate/Glints2/dict_0004_0196" 9889
"/Engine/EngineMaterials/Substrate/Glints2/dict_0004_0195" 9890
"/Engine/EngineMaterials/Substrate/Glints2/dict_0004_0194" 9891
"/Engine/EngineMaterials/Substrate/Glints2/dict_0004_0193" 9892
"/Engine/EngineMaterials/Substrate/Glints2/dict_0004_0223" 9893
"/Engine/EngineMaterials/Substrate/Glints2/dict_0004_0222" 9894
"/Engine/EngineMaterials/Substrate/Glints2/dict_0004_0207" 9895
"/Engine/EngineMaterials/Substrate/Glints2/dict_0004_0219" 9896
"../../../Engine/Content/EngineMaterials/Substrate/Glints2/dict_0004_0220.uasset" 9897
"../../../Engine/Content/EngineMaterials/Substrate/Glints2/dict_0004_0221.uasset" 9898
"/Engine/EngineMaterials/Substrate/Glints2/dict_0004_0218" 9899
"/Engine/EngineMaterials/Substrate/Glints2/dict_0004_0217" 9900
"/Engine/EngineMaterials/Substrate/Glints2/dict_0004_0216" 9901
"/Engine/EngineMaterials/Substrate/Glints2/dict_0004_0215" 9902
"../../../Engine/Content/EngineMaterials/Substrate/Glints2/dict_0004_0224.uasset" 9903
"/Engine/EngineMaterials/Substrate/Glints2/dict_0004_0214" 9904
"/Engine/EngineMaterials/Substrate/Glints2/dict_0004_0224" 9905
"/Engine/EngineMaterials/Substrate/Glints2/dict_0004_0221" 9906
"../../../Engine/Content/EngineMaterials/Substrate/Glints2/dict_0004_0232.uasset" 9907
"../../../Engine/Content/EngineMaterials/Substrate/Glints2/dict_0004_0236.uasset" 9908
"../../../Engine/Content/EngineMaterials/Substrate/Glints2/dict_0004_0225.uasset" 9909
"../../../Engine/Content/EngineMaterials/Substrate/Glints2/dict_0004_0229.uasset" 9910
"../../../Engine/Content/EngineMaterials/Substrate/Glints2/dict_0004_0230.uasset" 9911
"../../../Engine/Content/EngineMaterials/Substrate/Glints2/dict_0004_0233.uasset" 9912
"../../../Engine/Content/EngineMaterials/Substrate/Glints2/dict_0004_0231.uasset" 9913
"../../../Engine/Content/EngineMaterials/Substrate/Glints2/dict_0004_0226.uasset" 9914
"/Engine/EngineMaterials/Substrate/Glints2/dict_0004_0220" 9915
"../../../Engine/Content/EngineMaterials/Substrate/Glints2/dict_0004_0213.uasset" 9916
"/Engine/EngineMaterials/Substrate/Glints2/dict_0004_0236" 9917
"/Engine/EngineMaterials/Substrate/Glints2/dict_0004_0233" 9918
"/Engine/EngineMaterials/Substrate/Glints2/dict_0004_0232" 9919
"../../../Engine/Content/EngineMaterials/Substrate/Glints2/dict_0004_0245.uasset" 9920
"../../../Engine/Content/EngineMaterials/Substrate/Glints2/dict_0004_0238.uasset" 9921
"../../../Engine/Content/EngineMaterials/Substrate/Glints2/dict_0004_0244.uasset" 9922
"../../../Engine/Content/EngineMaterials/Substrate/Glints2/dict_0004_0228.uasset" 9923
"../../../Engine/Content/EngineMaterials/Substrate/Glints2/dict_0004_0234.uasset" 9924
"../../../Engine/Content/EngineMaterials/Substrate/Glints2/dict_0004_0235.uasset" 9925
"/Engine/EngineMaterials/Substrate/Glints2/dict_0004_0231" 9926
"../../../Engine/Content/EngineMaterials/Substrate/Glints2/dict_0004_0240.uasset" 9927
"../../../Engine/Content/EngineMaterials/Substrate/Glints2/dict_0004_0227.uasset" 9928
"../../../Engine/Content/EngineMaterials/Substrate/Glints2/dict_0004_0243.uasset" 9929
"../../../Engine/Content/EngineMaterials/Substrate/Glints2/dict_0004_0239.uasset" 9930
"/Engine/EngineMaterials/Substrate/Glints2/dict_0004_0230" 9931
"/Engine/EngineMaterials/Substrate/Glints2/dict_0004_0229" 9932
"/Engine/EngineMaterials/Substrate/Glints2/dict_0004_0226" 9933
"../../../Engine/Content/EngineMaterials/Substrate/Glints2/dict_0004_0241.uasset" 9934
"../../../Engine/Content/EngineMaterials/Substrate/Glints2/dict_0004_0237.uasset" 9935
"/Engine/EngineMaterials/Substrate/Glints2/dict_0004_0225" 9936
"/Engine/EngineMaterials/Substrate/Glints2/dict_0004_0213" 9937
"../../../Engine/Content/EngineMaterials/Substrate/Glints2/dict_0004_0249.uasset" 9938
"../../../Engine/Content/EngineMaterials/Substrate/Glints2/dict_0004_0247.uasset" 9939
"/Engine/EngineMaterials/Substrate/Glints2/dict_0004_0243" 9940
"../../../Engine/Content/EngineMaterials/Substrate/Glints2/dict_0004_0242.uasset" 9941
"/Engine/EngineMaterials/Substrate/Glints2/dict_0004_0241" 9942
"../../../Engine/Content/EngineMaterials/Substrate/Glints2/dict_0004_0250.uasset" 9943
"/Engine/EngineMaterials/Substrate/Glints2/dict_0004_0240" 9944
"../../../Engine/Content/EngineMaterials/Substrate/Glints2/dict_0004_0248.uasset" 9945
"../../../Engine/Content/EngineMaterials/Substrate/Glints2/dict_0004_0252.uasset" 9946
"/Engine/EngineMaterials/Substrate/Glints2/dict_0004_0239" 9947
"../../../Engine/Content/EngineMaterials/Substrate/Glints2/dict_0004_0255.uasset" 9948
"../../../Engine/Content/EngineMaterials/Substrate/Glints2/dict_0004_0253.uasset" 9949
"/Engine/EngineMaterials/Substrate/Glints2/dict_0004_0238" 9950
"../../../Engine/Content/EngineMaterials/Substrate/Glints2/dict_0004_0251.uasset" 9951
"/Engine/EngineMaterials/Substrate/Glints2/dict_0004_0237" 9952
"../../../Engine/Content/EngineMaterials/Substrate/Glints2/dict_0005_0002.uasset" 9953
"../../../Engine/Content/EngineMaterials/Substrate/Glints2/dict_0005_0001.uasset" 9954
"../../../Engine/Content/EngineMaterials/Substrate/Glints2/dict_0004_0254.uasset" 9955
"../../../Engine/Content/EngineMaterials/Substrate/Glints2/dict_0005_0004.uasset" 9956
"/Engine/EngineMaterials/Substrate/Glints2/dict_0004_0235" 9957
"/Engine/EngineMaterials/Substrate/Glints2/dict_0004_0234" 9958
"../../../Engine/Content/EngineMaterials/Substrate/Glints2/dict_0005_0003.uasset" 9959
"/Engine/EngineMaterials/Substrate/Glints2/dict_0004_0228" 9960
"/Engine/EngineMaterials/Substrate/Glints2/dict_0004_0227" 9961
"../../../Engine/Content/EngineMaterials/Substrate/Glints2/dict_0005_0007.uasset" 9962
"../../../Engine/Content/EngineMaterials/Substrate/Glints2/dict_0005_0008.uasset" 9963
"../../../Engine/Content/EngineMaterials/Substrate/Glints2/dict_0005_0006.uasset" 9964
"../../../Engine/Content/EngineMaterials/Substrate/Glints2/dict_0005_0000.uasset" 9965
"../../../Engine/Content/EngineMaterials/Substrate/Glints2/dict_0005_0005.uasset" 9966
"/Engine/EngineMaterials/Substrate/Glints2/dict_0004_0249" 9967
"/Engine/EngineMaterials/Substrate/Glints2/dict_0004_0247" 9968
"/Engine/EngineMaterials/Substrate/Glints2/dict_0004_0245" 9969
"/Engine/EngineMaterials/Substrate/Glints2/dict_0004_0244" 9970
"/Engine/EngineMaterials/Substrate/Glints2/dict_0004_0255" 9971
"/Engine/EngineMaterials/Substrate/Glints2/dict_0004_0242" 9972
"/Engine/EngineMaterials/Substrate/Glints2/dict_0004_0252" 9973
"/Engine/EngineMaterials/Substrate/Glints2/dict_0004_0251" 9974
"../../../Engine/Content/EngineMaterials/Substrate/Glints2/dict_0005_0019.uasset" 9975
"../../../Engine/Content/EngineMaterials/Substrate/Glints2/dict_0005_0011.uasset" 9976
"../../../Engine/Content/EngineMaterials/Substrate/Glints2/dict_0005_0012.uasset" 9977
"../../../Engine/Content/EngineMaterials/Substrate/Glints2/dict_0005_0013.uasset" 9978
"../../../Engine/Content/EngineMaterials/Substrate/Glints2/dict_0005_0010.uasset" 9979
"../../../Engine/Content/EngineMaterials/Substrate/Glints2/dict_0005_0014.uasset" 9980
"../../../Engine/Content/EngineMaterials/Substrate/Glints2/dict_0005_0009.uasset" 9981
"../../../Engine/Content/EngineMaterials/Substrate/Glints2/dict_0005_0016.uasset" 9982
"/Engine/EngineMaterials/Substrate/Glints2/dict_0004_0254" 9983
"../../../Engine/Content/EngineMaterials/Substrate/Glints2/dict_0005_0017.uasset" 9984
"../../../Engine/Content/EngineMaterials/Substrate/Glints2/dict_0005_0018.uasset" 9985
"../../../Engine/Content/EngineMaterials/Substrate/Glints2/dict_0005_0020.uasset" 9986
"../../../Engine/Content/EngineMaterials/Substrate/Glints2/dict_0005_0015.uasset" 9987
"../../../Engine/Content/EngineMaterials/Substrate/Glints2/dict_0004_0246.uasset" 9988
"/Engine/EngineMaterials/Substrate/Glints2/dict_0004_0253" 9989
"/Engine/EngineMaterials/Substrate/Glints2/dict_0004_0250" 9990
"/Engine/EngineMaterials/Substrate/Glints2/dict_0005_0008" 9991
"/Engine/EngineMaterials/Substrate/Glints2/dict_0005_0007" 9992
"/Engine/EngineMaterials/Substrate/Glints2/dict_0005_0006" 9993
"/Engine/EngineMaterials/Substrate/Glints2/dict_0005_0005" 9994
"/Engine/EngineMaterials/Substrate/Glints2/dict_0005_0004" 9995
"/Engine/EngineMaterials/Substrate/Glints2/dict_0005_0003" 9996
"/Engine/EngineMaterials/Substrate/Glints2/dict_0005_0002" 9997
"/Engine/EngineMaterials/Substrate/Glints2/dict_0004_0248" 9998
"/Engine/EngineMaterials/Substrate/Glints2/dict_0005_0001" 9999
"/Engine/EngineMaterials/Substrate/Glints2/dict_0005_0000" 10000
"../../../Engine/Content/EngineMaterials/Substrate/Glints2/dict_0005_0021.uasset" 10001
"/Engine/EngineMaterials/Substrate/Glints2/dict_0005_0021" 10002
"../../../Engine/Content/EngineMaterials/Substrate/Glints2/dict_0005_0022.uasset" 10003
"/Engine/EngineMaterials/Substrate/Glints2/dict_0005_0020" 10004
"../../../Engine/Content/EngineMaterials/Substrate/Glints2/dict_0005_0026.uasset" 10005
"../../../Engine/Content/EngineMaterials/Substrate/Glints2/dict_0005_0025.uasset" 10006
"../../../Engine/Content/EngineMaterials/Substrate/Glints2/dict_0005_0024.uasset" 10007
"/Engine/EngineMaterials/Substrate/Glints2/dict_0005_0019" 10008
"../../../Engine/Content/EngineMaterials/Substrate/Glints2/dict_0005_0027.uasset" 10009
"../../../Engine/Content/EngineMaterials/Substrate/Glints2/dict_0005_0029.uasset" 10010
"/Engine/EngineMaterials/Substrate/Glints2/dict_0005_0018" 10011
"/Engine/EngineMaterials/Substrate/Glints2/dict_0005_0017" 10012
"../../../Engine/Content/EngineMaterials/Substrate/Glints2/dict_0005_0032.uasset" 10013
"../../../Engine/Content/EngineMaterials/Substrate/Glints2/dict_0005_0028.uasset" 10014
"../../../Engine/Content/EngineMaterials/Substrate/Glints2/dict_0005_0031.uasset" 10015
"../../../Engine/Content/EngineMaterials/Substrate/Glints2/dict_0005_0034.uasset" 10016
"../../../Engine/Content/EngineMaterials/Substrate/Glints2/dict_0005_0035.uasset" 10017
"/Engine/EngineMaterials/Substrate/Glints2/dict_0005_0016" 10018
"/Engine/EngineMaterials/Substrate/Glints2/dict_0005_0015" 10019
"../../../Engine/Content/EngineMaterials/Substrate/Glints2/dict_0005_0023.uasset" 10020
"/Engine/EngineMaterials/Substrate/Glints2/dict_0005_0014" 10021
"/Engine/EngineMaterials/Substrate/Glints2/dict_0005_0013" 10022
"../../../Engine/Content/EngineMaterials/Substrate/Glints2/dict_0005_0039.uasset" 10023
"../../../Engine/Content/EngineMaterials/Substrate/Glints2/dict_0005_0033.uasset" 10024
"/Engine/EngineMaterials/Substrate/Glints2/dict_0005_0012" 10025
"/Engine/EngineMaterials/Substrate/Glints2/dict_0005_0011" 10026
"/Engine/EngineMaterials/Substrate/Glints2/dict_0004_0246" 10027
"../../../Engine/Content/EngineMaterials/Substrate/Glints2/dict_0005_0030.uasset" 10028
"/Engine/EngineMaterials/Substrate/Glints2/dict_0005_0010" 10029
"/Engine/EngineMaterials/Substrate/Glints2/dict_0005_0009" 10030
"../../../Engine/Content/EngineMaterials/Substrate/Glints2/dict_0005_0037.uasset" 10031
"../../../Engine/Content/EngineMaterials/Substrate/Glints2/dict_0005_0038.uasset" 10032
"/Engine/EngineMaterials/Substrate/Glints2/dict_0005_0022" 10033
"/Engine/EngineMaterials/Substrate/Glints2/dict_0005_0039" 10034
"/Engine/EngineMaterials/Substrate/Glints2/dict_0005_0038" 10035
"/Engine/EngineMaterials/Substrate/Glints2/dict_0005_0037" 10036
"../../../Engine/Content/EngineMaterials/Substrate/Glints2/dict_0005_0036.uasset" 10037
"/Engine/EngineMaterials/Substrate/Glints2/dict_0005_0035" 10038
"/Engine/EngineMaterials/Substrate/Glints2/dict_0005_0034" 10039
"/Engine/EngineMaterials/Substrate/Glints2/dict_0005_0033" 10040
"/Engine/EngineMaterials/Substrate/Glints2/dict_0005_0032" 10041
"/Engine/EngineMaterials/Substrate/Glints2/dict_0005_0031" 10042
"../../../Engine/Content/EngineMaterials/Substrate/Glints2/dict_0005_0046.uasset" 10043
"../../../Engine/Content/EngineMaterials/Substrate/Glints2/dict_0005_0044.uasset" 10044
"../../../Engine/Content/EngineMaterials/Substrate/Glints2/dict_0005_0048.uasset" 10045
"../../../Engine/Content/EngineMaterials/Substrate/Glints2/dict_0005_0045.uasset" 10046
"../../../Engine/Content/EngineMaterials/Substrate/Glints2/dict_0005_0052.uasset" 10047
"../../../Engine/Content/EngineMaterials/Substrate/Glints2/dict_0005_0051.uasset" 10048
"/Engine/EngineMaterials/Substrate/Glints2/dict_0005_0030" 10049
"../../../Engine/Content/EngineMaterials/Substrate/Glints2/dict_0005_0041.uasset" 10050
"../../../Engine/Content/EngineMaterials/Substrate/Glints2/dict_0005_0050.uasset" 10051
"../../../Engine/Content/EngineMaterials/Substrate/Glints2/dict_0005_0043.uasset" 10052
"../../../Engine/Content/EngineMaterials/Substrate/Glints2/dict_0005_0047.uasset" 10053
"../../../Engine/Content/EngineMaterials/Substrate/Glints2/dict_0005_0042.uasset" 10054
"/Engine/EngineMaterials/Substrate/Glints2/dict_0005_0029" 10055
"../../../Engine/Content/EngineMaterials/Substrate/Glints2/dict_0005_0040.uasset" 10056
"/Engine/EngineMaterials/Substrate/Glints2/dict_0005_0028" 10057
"../../../Engine/Content/EngineMaterials/Substrate/Glints2/dict_0005_0049.uasset" 10058
"../../../Engine/Content/EngineMaterials/Substrate/Glints2/dict_0005_0053.uasset" 10059
"/Engine/EngineMaterials/Substrate/Glints2/dict_0005_0027" 10060
"/Engine/EngineMaterials/Substrate/Glints2/dict_0005_0026" 10061
"/Engine/EngineMaterials/Substrate/Glints2/dict_0005_0025" 10062
"/Engine/EngineMaterials/Substrate/Glints2/dict_0005_0024" 10063
"/Engine/EngineMaterials/Substrate/Glints2/dict_0005_0023" 10064
"/Engine/EngineMaterials/Substrate/Glints2/dict_0005_0036" 10065
"/Engine/EngineMaterials/Substrate/Glints2/dict_0005_0053" 10066
"/Engine/EngineMaterials/Substrate/Glints2/dict_0005_0052" 10067
"/Engine/EngineMaterials/Substrate/Glints2/dict_0005_0051" 10068
"/Engine/EngineMaterials/Substrate/Glints2/dict_0005_0050" 10069
"../../../Engine/Content/EngineMaterials/Substrate/Glints2/dict_0005_0060.uasset" 10070
"../../../Engine/Content/EngineMaterials/Substrate/Glints2/dict_0005_0066.uasset" 10071
"../../../Engine/Content/EngineMaterials/Substrate/Glints2/dict_0005_0059.uasset" 10072
"../../../Engine/Content/EngineMaterials/Substrate/Glints2/dict_0005_0057.uasset" 10073
"../../../Engine/Content/EngineMaterials/Substrate/Glints2/dict_0005_0064.uasset" 10074
"../../../Engine/Content/EngineMaterials/Substrate/Glints2/dict_0005_0061.uasset" 10075
"../../../Engine/Content/EngineMaterials/Substrate/Glints2/dict_0005_0058.uasset" 10076
"/Engine/EngineMaterials/Substrate/Glints2/dict_0005_0049" 10077
"../../../Engine/Content/EngineMaterials/Substrate/Glints2/dict_0005_0055.uasset" 10078
"../../../Engine/Content/EngineMaterials/Substrate/Glints2/dict_0005_0054.uasset" 10079
"/Engine/EngineMaterials/Substrate/Glints2/dict_0005_0048" 10080
"../../../Engine/Content/EngineMaterials/Substrate/Glints2/dict_0005_0062.uasset" 10081
"../../../Engine/Content/EngineMaterials/Substrate/Glints2/dict_0005_0068.uasset" 10082
"/Engine/EngineMaterials/Substrate/Glints2/dict_0005_0047" 10083
"../../../Engine/Content/EngineMaterials/Substrate/Glints2/dict_0005_0063.uasset" 10084
"../../../Engine/Content/EngineMaterials/Substrate/Glints2/dict_0005_0069.uasset" 10085
"../../../Engine/Content/EngineMaterials/Substrate/Glints2/dict_0005_0067.uasset" 10086
"/Engine/EngineMaterials/Substrate/Glints2/dict_0005_0046" 10087
"../../../Engine/Content/EngineMaterials/Substrate/Glints2/dict_0005_0070.uasset" 10088
"/Engine/EngineMaterials/Substrate/Glints2/dict_0005_0045" 10089
"../../../Engine/Content/EngineMaterials/Substrate/Glints2/dict_0005_0056.uasset" 10090
"../../../Engine/Content/EngineMaterials/Substrate/Glints2/dict_0005_0065.uasset" 10091
"/Engine/EngineMaterials/Substrate/Glints2/dict_0005_0044" 10092
"/Engine/EngineMaterials/Substrate/Glints2/dict_0005_0043" 10093
"/Engine/EngineMaterials/Substrate/Glints2/dict_0005_0042" 10094
"/Engine/EngineMaterials/Substrate/Glints2/dict_0005_0041" 10095
"/Engine/EngineMaterials/Substrate/Glints2/dict_0005_0040" 10096
"/Engine/EngineMaterials/Substrate/Glints2/dict_0005_0070" 10097
"/Engine/EngineMaterials/Substrate/Glints2/dict_0005_0069" 10098
"/Engine/EngineMaterials/Substrate/Glints2/dict_0005_0068" 10099
"../../../Engine/Content/EngineMaterials/Substrate/Glints2/dict_0005_0076.uasset" 10100
"../../../Engine/Content/EngineMaterials/Substrate/Glints2/dict_0005_0078.uasset" 10101
"../../../Engine/Content/EngineMaterials/Substrate/Glints2/dict_0005_0074.uasset" 10102
"../../../Engine/Content/EngineMaterials/Substrate/Glints2/dict_0005_0075.uasset" 10103
"../../../Engine/Content/EngineMaterials/Substrate/Glints2/dict_0005_0077.uasset" 10104
"../../../Engine/Content/EngineMaterials/Substrate/Glints2/dict_0005_0073.uasset" 10105
"../../../Engine/Content/EngineMaterials/Substrate/Glints2/dict_0005_0079.uasset" 10106
"../../../Engine/Content/EngineMaterials/Substrate/Glints2/dict_0005_0080.uasset" 10107
"/Engine/EngineMaterials/Substrate/Glints2/dict_0005_0067" 10108
"../../../Engine/Content/EngineMaterials/Substrate/Glints2/dict_0005_0072.uasset" 10109
"/Engine/EngineMaterials/Substrate/Glints2/dict_0005_0066" 10110
"/Engine/EngineMaterials/Substrate/Glints2/dict_0005_0065" 10111
"../../../Engine/Content/EngineMaterials/Substrate/Glints2/dict_0005_0085.uasset" 10112
"../../../Engine/Content/EngineMaterials/Substrate/Glints2/dict_0005_0083.uasset" 10113
"../../../Engine/Content/EngineMaterials/Substrate/Glints2/dict_0005_0084.uasset" 10114
"/Engine/EngineMaterials/Substrate/Glints2/dict_0005_0064" 10115
"../../../Engine/Content/EngineMaterials/Substrate/Glints2/dict_0005_0082.uasset" 10116
"../../../Engine/Content/EngineMaterials/Substrate/Glints2/dict_0005_0071.uasset" 10117
"../../../Engine/Content/EngineMaterials/Substrate/Glints2/dict_0005_0081.uasset" 10118
"/Engine/EngineMaterials/Substrate/Glints2/dict_0005_0063" 10119
"/Engine/EngineMaterials/Substrate/Glints2/dict_0005_0062" 10120
"/Engine/EngineMaterials/Substrate/Glints2/dict_0005_0061" 10121
"/Engine/EngineMaterials/Substrate/Glints2/dict_0005_0060" 10122
"/Engine/EngineMaterials/Substrate/Glints2/dict_0005_0059" 10123
"/Engine/EngineMaterials/Substrate/Glints2/dict_0005_0058" 10124
"/Engine/EngineMaterials/Substrate/Glints2/dict_0005_0057" 10125
"/Engine/EngineMaterials/Substrate/Glints2/dict_0005_0056" 10126
"/Engine/EngineMaterials/Substrate/Glints2/dict_0005_0055" 10127
"/Engine/EngineMaterials/Substrate/Glints2/dict_0005_0054" 10128
"/Engine/EngineMaterials/Substrate/Glints2/dict_0005_0085" 10129
"/Engine/EngineMaterials/Substrate/Glints2/dict_0005_0084" 10130
"/Engine/EngineMaterials/Substrate/Glints2/dict_0005_0083" 10131
"/Engine/EngineMaterials/Substrate/Glints2/dict_0005_0082" 10132
"/Engine/EngineMaterials/Substrate/Glints2/dict_0005_0081" 10133
"../../../Engine/Content/EngineMaterials/Substrate/Glints2/dict_0005_0097.uasset" 10134
"../../../Engine/Content/EngineMaterials/Substrate/Glints2/dict_0005_0096.uasset" 10135
"../../../Engine/Content/EngineMaterials/Substrate/Glints2/dict_0005_0090.uasset" 10136
"../../../Engine/Content/EngineMaterials/Substrate/Glints2/dict_0005_0099.uasset" 10137
"../../../Engine/Content/EngineMaterials/Substrate/Glints2/dict_0005_0098.uasset" 10138
"../../../Engine/Content/EngineMaterials/Substrate/Glints2/dict_0005_0091.uasset" 10139
"../../../Engine/Content/EngineMaterials/Substrate/Glints2/dict_0005_0092.uasset" 10140
"../../../Engine/Content/EngineMaterials/Substrate/Glints2/dict_0005_0095.uasset" 10141
"../../../Engine/Content/EngineMaterials/Substrate/Glints2/dict_0005_0086.uasset" 10142
"../../../Engine/Content/EngineMaterials/Substrate/Glints2/dict_0005_0087.uasset" 10143
"../../../Engine/Content/EngineMaterials/Substrate/Glints2/dict_0005_0089.uasset" 10144
"/Engine/EngineMaterials/Substrate/Glints2/dict_0005_0080" 10145
"../../../Engine/Content/EngineMaterials/Substrate/Glints2/dict_0005_0088.uasset" 10146
"/Engine/EngineMaterials/Substrate/Glints2/dict_0005_0079" 10147
"../../../Engine/Content/EngineMaterials/Substrate/Glints2/dict_0005_0102.uasset" 10148
"../../../Engine/Content/EngineMaterials/Substrate/Glints2/dict_0005_0101.uasset" 10149
"../../../Engine/Content/EngineMaterials/Substrate/Glints2/dict_0005_0093.uasset" 10150
"/Engine/EngineMaterials/Substrate/Glints2/dict_0005_0078" 10151
"/Engine/EngineMaterials/Substrate/Glints2/dict_0005_0077" 10152
"/Engine/EngineMaterials/Substrate/Glints2/dict_0005_0076" 10153
"/Engine/EngineMaterials/Substrate/Glints2/dict_0005_0075" 10154
"../../../Engine/Content/EngineMaterials/Substrate/Glints2/dict_0005_0100.uasset" 10155
"/Engine/EngineMaterials/Substrate/Glints2/dict_0005_0074" 10156
"/Engine/EngineMaterials/Substrate/Glints2/dict_0005_0073" 10157
"../../../Engine/Content/EngineMaterials/Substrate/Glints2/dict_0005_0094.uasset" 10158
"/Engine/EngineMaterials/Substrate/Glints2/dict_0005_0072" 10159
"/Engine/EngineMaterials/Substrate/Glints2/dict_0005_0071" 10160
"/Engine/EngineMaterials/Substrate/Glints2/dict_0005_0102" 10161
"/Engine/EngineMaterials/Substrate/Glints2/dict_0005_0101" 10162
"/Engine/EngineMaterials/Substrate/Glints2/dict_0005_0100" 10163
"../../../Engine/Content/EngineMaterials/Substrate/Glints2/dict_0005_0116.uasset" 10164
"../../../Engine/Content/EngineMaterials/Substrate/Glints2/dict_0005_0111.uasset" 10165
"../../../Engine/Content/EngineMaterials/Substrate/Glints2/dict_0005_0105.uasset" 10166
"../../../Engine/Content/EngineMaterials/Substrate/Glints2/dict_0005_0109.uasset" 10167
"../../../Engine/Content/EngineMaterials/Substrate/Glints2/dict_0005_0106.uasset" 10168
"../../../Engine/Content/EngineMaterials/Substrate/Glints2/dict_0005_0115.uasset" 10169
"../../../Engine/Content/EngineMaterials/Substrate/Glints2/dict_0005_0114.uasset" 10170
"../../../Engine/Content/EngineMaterials/Substrate/Glints2/dict_0005_0113.uasset" 10171
"../../../Engine/Content/EngineMaterials/Substrate/Glints2/dict_0005_0104.uasset" 10172
"../../../Engine/Content/EngineMaterials/Substrate/Glints2/dict_0005_0110.uasset" 10173
"../../../Engine/Content/EngineMaterials/Substrate/Glints2/dict_0005_0112.uasset" 10174
"../../../Engine/Content/EngineMaterials/Substrate/Glints2/dict_0005_0108.uasset" 10175
"../../../Engine/Content/EngineMaterials/Substrate/Glints2/dict_0005_0107.uasset" 10176
"/Engine/EngineMaterials/Substrate/Glints2/dict_0005_0099" 10177
"/Engine/EngineMaterials/Substrate/Glints2/dict_0005_0098" 10178
"/Engine/EngineMaterials/Substrate/Glints2/dict_0005_0097" 10179
"/Engine/EngineMaterials/Substrate/Glints2/dict_0005_0096" 10180
"/Engine/EngineMaterials/Substrate/Glints2/dict_0005_0095" 10181
"/Engine/EngineMaterials/Substrate/Glints2/dict_0005_0094" 10182
"/Engine/EngineMaterials/Substrate/Glints2/dict_0005_0093" 10183
"../../../Engine/Content/EngineMaterials/Substrate/Glints2/dict_0005_0103.uasset" 10184
"/Engine/EngineMaterials/Substrate/Glints2/dict_0005_0092" 10185
"../../../Engine/Content/EngineMaterials/Substrate/Glints2/dict_0005_0117.uasset" 10186
"/Engine/EngineMaterials/Substrate/Glints2/dict_0005_0091" 10187
"/Engine/EngineMaterials/Substrate/Glints2/dict_0005_0090" 10188
"/Engine/EngineMaterials/Substrate/Glints2/dict_0005_0089" 10189
"/Engine/EngineMaterials/Substrate/Glints2/dict_0005_0088" 10190
"/Engine/EngineMaterials/Substrate/Glints2/dict_0005_0087" 10191
"/Engine/EngineMaterials/Substrate/Glints2/dict_0005_0086" 10192
"/Engine/EngineMaterials/Substrate/Glints2/dict_0005_0117" 10193
"/Engine/EngineMaterials/Substrate/Glints2/dict_0005_0116" 10194
"/Engine/EngineMaterials/Substrate/Glints2/dict_0005_0115" 10195
"/Engine/EngineMaterials/Substrate/Glints2/dict_0005_0114" 10196
"/Engine/EngineMaterials/Substrate/Glints2/dict_0005_0113" 10197
"../../../Engine/Content/EngineMaterials/Substrate/Glints2/dict_0005_0124.uasset" 10198
"../../../Engine/Content/EngineMaterials/Substrate/Glints2/dict_0005_0122.uasset" 10199
"../../../Engine/Content/EngineMaterials/Substrate/Glints2/dict_0005_0129.uasset" 10200
"../../../Engine/Content/EngineMaterials/Substrate/Glints2/dict_0005_0128.uasset" 10201
"../../../Engine/Content/EngineMaterials/Substrate/Glints2/dict_0005_0125.uasset" 10202
"/Engine/EngineMaterials/Substrate/Glints2/dict_0005_0112" 10203
"../../../Engine/Content/EngineMaterials/Substrate/Glints2/dict_0005_0121.uasset" 10204
"/Engine/EngineMaterials/Substrate/Glints2/dict_0005_0111" 10205
"/Engine/EngineMaterials/Substrate/Glints2/dict_0005_0110" 10206
"/Engine/EngineMaterials/Substrate/Glints2/dict_0005_0109" 10207
"/Engine/EngineMaterials/Substrate/Glints2/dict_0005_0108" 10208
"../../../Engine/Content/EngineMaterials/Substrate/Glints2/dict_0005_0123.uasset" 10209
"../../../Engine/Content/EngineMaterials/Substrate/Glints2/dict_0005_0119.uasset" 10210
"../../../Engine/Content/EngineMaterials/Substrate/Glints2/dict_0005_0120.uasset" 10211
"/Engine/EngineMaterials/Substrate/Glints2/dict_0005_0107" 10212
"../../../Engine/Content/EngineMaterials/Substrate/Glints2/dict_0005_0126.uasset" 10213
"../../../Engine/Content/EngineMaterials/Substrate/Glints2/dict_0005_0118.uasset" 10214
"../../../Engine/Content/EngineMaterials/Substrate/Glints2/dict_0005_0132.uasset" 10215
"../../../Engine/Content/EngineMaterials/Substrate/Glints2/dict_0005_0131.uasset" 10216
"/Engine/EngineMaterials/Substrate/Glints2/dict_0005_0106" 10217
"../../../Engine/Content/EngineMaterials/Substrate/Glints2/dict_0005_0134.uasset" 10218
"/Engine/EngineMaterials/Substrate/Glints2/dict_0005_0105" 10219
"/Engine/EngineMaterials/Substrate/Glints2/dict_0005_0104" 10220
"/Engine/EngineMaterials/Substrate/Glints2/dict_0005_0103" 10221
"/Engine/EngineMaterials/Substrate/Glints2/dict_0005_0134" 10222
"../../../Engine/Content/EngineMaterials/Substrate/Glints2/dict_0005_0133.uasset" 10223
"/Engine/EngineMaterials/Substrate/Glints2/dict_0005_0132" 10224
"../../../Engine/Content/EngineMaterials/Substrate/Glints2/dict_0005_0127.uasset" 10225
"../../../Engine/Content/EngineMaterials/Substrate/Glints2/dict_0005_0138.uasset" 10226
"../../../Engine/Content/EngineMaterials/Substrate/Glints2/dict_0005_0139.uasset" 10227
"../../../Engine/Content/EngineMaterials/Substrate/Glints2/dict_0005_0142.uasset" 10228
"../../../Engine/Content/EngineMaterials/Substrate/Glints2/dict_0005_0140.uasset" 10229
"../../../Engine/Content/EngineMaterials/Substrate/Glints2/dict_0005_0135.uasset" 10230
"../../../Engine/Content/EngineMaterials/Substrate/Glints2/dict_0005_0130.uasset" 10231
"/Engine/EngineMaterials/Substrate/Glints2/dict_0005_0131" 10232
"../../../Engine/Content/EngineMaterials/Substrate/Glints2/dict_0005_0141.uasset" 10233
"../../../Engine/Content/EngineMaterials/Substrate/Glints2/dict_0005_0136.uasset" 10234
"../../../Engine/Content/EngineMaterials/Substrate/Glints2/dict_0005_0143.uasset" 10235
"../../../Engine/Content/EngineMaterials/Substrate/Glints2/dict_0005_0146.uasset" 10236
"../../../Engine/Content/EngineMaterials/Substrate/Glints2/dict_0005_0148.uasset" 10237
"../../../Engine/Content/EngineMaterials/Substrate/Glints2/dict_0005_0137.uasset" 10238
"/Engine/EngineMaterials/Substrate/Glints2/dict_0005_0129" 10239
"../../../Engine/Content/EngineMaterials/Substrate/Glints2/dict_0005_0147.uasset" 10240
"/Engine/EngineMaterials/Substrate/Glints2/dict_0005_0128" 10241
"/Engine/EngineMaterials/Substrate/Glints2/dict_0005_0126" 10242
"/Engine/EngineMaterials/Substrate/Glints2/dict_0005_0125" 10243
"/Engine/EngineMaterials/Substrate/Glints2/dict_0005_0124" 10244
"/Engine/EngineMaterials/Substrate/Glints2/dict_0005_0123" 10245
"/Engine/EngineMaterials/Substrate/Glints2/dict_0005_0122" 10246
"/Engine/EngineMaterials/Substrate/Glints2/dict_0005_0121" 10247
"../../../Engine/Content/EngineMaterials/Substrate/Glints2/dict_0005_0149.uasset" 10248
"../../../Engine/Content/EngineMaterials/Substrate/Glints2/dict_0005_0144.uasset" 10249
"/Engine/EngineMaterials/Substrate/Glints2/dict_0005_0120" 10250
"/Engine/EngineMaterials/Substrate/Glints2/dict_0005_0119" 10251
"/Engine/EngineMaterials/Substrate/Glints2/dict_0005_0118" 10252
"../../../Engine/Content/EngineMaterials/Substrate/Glints2/dict_0005_0145.uasset" 10253
"/Engine/EngineMaterials/Substrate/Glints2/dict_0005_0133" 10254
"/Engine/EngineMaterials/Substrate/Glints2/dict_0005_0149" 10255
"../../../Engine/Content/EngineMaterials/Substrate/Glints2/dict_0005_0151.uasset" 10256
"../../../Engine/Content/EngineMaterials/Substrate/Glints2/dict_0005_0154.uasset" 10257
"../../../Engine/Content/EngineMaterials/Substrate/Glints2/dict_0005_0153.uasset" 10258
"../../../Engine/Content/EngineMaterials/Substrate/Glints2/dict_0005_0152.uasset" 10259
"../../../Engine/Content/EngineMaterials/Substrate/Glints2/dict_0005_0155.uasset" 10260
"../../../Engine/Content/EngineMaterials/Substrate/Glints2/dict_0005_0157.uasset" 10261
"../../../Engine/Content/EngineMaterials/Substrate/Glints2/dict_0005_0156.uasset" 10262
"/Engine/EngineMaterials/Substrate/Glints2/dict_0005_0148" 10263
"/Engine/EngineMaterials/Substrate/Glints2/dict_0005_0130" 10264
"../../../Engine/Content/EngineMaterials/Substrate/Glints2/dict_0005_0158.uasset" 10265
"../../../Engine/Content/EngineMaterials/Substrate/Glints2/dict_0005_0150.uasset" 10266
"/Engine/EngineMaterials/Substrate/Glints2/dict_0005_0147" 10267
"../../../Engine/Content/EngineMaterials/Substrate/Glints2/dict_0005_0163.uasset" 10268
"../../../Engine/Content/EngineMaterials/Substrate/Glints2/dict_0005_0162.uasset" 10269
"../../../Engine/Content/EngineMaterials/Substrate/Glints2/dict_0005_0159.uasset" 10270
"../../../Engine/Content/EngineMaterials/Substrate/Glints2/dict_0005_0160.uasset" 10271
"/Engine/EngineMaterials/Substrate/Glints2/dict_0005_0146" 10272
"/Engine/EngineMaterials/Substrate/Glints2/dict_0005_0145" 10273
"/Engine/EngineMaterials/Substrate/Glints2/dict_0005_0144" 10274
"../../../Engine/Content/EngineMaterials/Substrate/Glints2/dict_0005_0161.uasset" 10275
"/Engine/EngineMaterials/Substrate/Glints2/dict_0005_0127" 10276
"/Engine/EngineMaterials/Substrate/Glints2/dict_0005_0143" 10277
"/Engine/EngineMaterials/Substrate/Glints2/dict_0005_0142" 10278
"/Engine/EngineMaterials/Substrate/Glints2/dict_0005_0141" 10279
"/Engine/EngineMaterials/Substrate/Glints2/dict_0005_0140" 10280
"/Engine/EngineMaterials/Substrate/Glints2/dict_0005_0139" 10281
"/Engine/EngineMaterials/Substrate/Glints2/dict_0005_0138" 10282
"/Engine/EngineMaterials/Substrate/Glints2/dict_0005_0137" 10283
"/Engine/EngineMaterials/Substrate/Glints2/dict_0005_0136" 10284
"/Engine/EngineMaterials/Substrate/Glints2/dict_0005_0135" 10285
"/Engine/EngineMaterials/Substrate/Glints2/dict_0005_0163" 10286
"/Engine/EngineMaterials/Substrate/Glints2/dict_0005_0162" 10287
"/Engine/EngineMaterials/Substrate/Glints2/dict_0005_0161" 10288
"../../../Engine/Content/EngineMaterials/Substrate/Glints2/dict_0005_0170.uasset" 10289
"../../../Engine/Content/EngineMaterials/Substrate/Glints2/dict_0005_0166.uasset" 10290
"../../../Engine/Content/EngineMaterials/Substrate/Glints2/dict_0005_0171.uasset" 10291
"../../../Engine/Content/EngineMaterials/Substrate/Glints2/dict_0005_0168.uasset" 10292
"../../../Engine/Content/EngineMaterials/Substrate/Glints2/dict_0005_0165.uasset" 10293
"/Engine/EngineMaterials/Substrate/Glints2/dict_0005_0160" 10294
"../../../Engine/Content/EngineMaterials/Substrate/Glints2/dict_0005_0175.uasset" 10295
"../../../Engine/Content/EngineMaterials/Substrate/Glints2/dict_0005_0169.uasset" 10296
"/Engine/EngineMaterials/Substrate/Glints2/dict_0005_0159" 10297
"../../../Engine/Content/EngineMaterials/Substrate/Glints2/dict_0005_0179.uasset" 10298
"../../../Engine/Content/EngineMaterials/Substrate/Glints2/dict_0005_0176.uasset" 10299
"../../../Engine/Content/EngineMaterials/Substrate/Glints2/dict_0005_0167.uasset" 10300
"../../../Engine/Content/EngineMaterials/Substrate/Glints2/dict_0005_0181.uasset" 10301
"../../../Engine/Content/EngineMaterials/Substrate/Glints2/dict_0005_0180.uasset" 10302
"../../../Engine/Content/EngineMaterials/Substrate/Glints2/dict_0005_0172.uasset" 10303
"/Engine/EngineMaterials/Substrate/Glints2/dict_0005_0158" 10304
"../../../Engine/Content/EngineMaterials/Substrate/Glints2/dict_0005_0173.uasset" 10305
"/Engine/EngineMaterials/Substrate/Glints2/dict_0005_0157" 10306
"/Engine/EngineMaterials/Substrate/Glints2/dict_0005_0156" 10307
"../../../Engine/Content/EngineMaterials/Substrate/Glints2/dict_0005_0174.uasset" 10308
"/Engine/EngineMaterials/Substrate/Glints2/dict_0005_0155" 10309
"/Engine/EngineMaterials/Substrate/Glints2/dict_0005_0154" 10310
"/Engine/EngineMaterials/Substrate/Glints2/dict_0005_0153" 10311
"/Engine/EngineMaterials/Substrate/Glints2/dict_0005_0152" 10312
"/Engine/EngineMaterials/Substrate/Glints2/dict_0005_0151" 10313
"/Engine/EngineMaterials/Substrate/Glints2/dict_0005_0150" 10314
"/Engine/EngineMaterials/Substrate/Glints2/dict_0005_0181" 10315
"/Engine/EngineMaterials/Substrate/Glints2/dict_0005_0180" 10316
"/Engine/EngineMaterials/Substrate/Glints2/dict_0005_0179" 10317
"/Engine/EngineMaterials/Substrate/Glints2/dict_0005_0176" 10318
"../../../Engine/Content/EngineMaterials/Substrate/Glints2/dict_0005_0164.uasset" 10319
"../../../Engine/Content/EngineMaterials/Substrate/Glints2/dict_0005_0178.uasset" 10320
"../../../Engine/Content/EngineMaterials/Substrate/Glints2/dict_0005_0177.uasset" 10321
"/Engine/EngineMaterials/Substrate/Glints2/dict_0005_0175" 10322
"../../../Engine/Content/EngineMaterials/Substrate/Glints2/dict_0005_0187.uasset" 10323
"../../../Engine/Content/EngineMaterials/Substrate/Glints2/dict_0005_0188.uasset" 10324
"../../../Engine/Content/EngineMaterials/Substrate/Glints2/dict_0005_0183.uasset" 10325
"/Engine/EngineMaterials/Substrate/Glints2/dict_0005_0174" 10326
"/Engine/EngineMaterials/Substrate/Glints2/dict_0005_0173" 10327
"/Engine/EngineMaterials/Substrate/Glints2/dict_0005_0172" 10328
"../../../Engine/Content/EngineMaterials/Substrate/Glints2/dict_0005_0186.uasset" 10329
"/Engine/EngineMaterials/Substrate/Glints2/dict_0005_0171" 10330
"/Engine/EngineMaterials/Substrate/Glints2/dict_0005_0170" 10331
"/Engine/EngineMaterials/Substrate/Glints2/dict_0005_0169" 10332
"/Engine/EngineMaterials/Substrate/Glints2/dict_0005_0168" 10333
"../../../Engine/Content/EngineMaterials/Substrate/Glints2/dict_0005_0185.uasset" 10334
"/Engine/EngineMaterials/Substrate/Glints2/dict_0005_0167" 10335
"/Engine/EngineMaterials/Substrate/Glints2/dict_0005_0166" 10336
"../../../Engine/Content/EngineMaterials/Substrate/Glints2/dict_0005_0184.uasset" 10337
"/Engine/EngineMaterials/Substrate/Glints2/dict_0005_0165" 10338
"/Engine/EngineMaterials/Substrate/Glints2/dict_0005_0178" 10339
"/Engine/EngineMaterials/Substrate/Glints2/dict_0005_0177" 10340
"../../../Engine/Content/EngineMaterials/Substrate/Glints2/dict_0005_0182.uasset" 10341
"/Engine/EngineMaterials/Substrate/Glints2/dict_0005_0188" 10342
"/Engine/EngineMaterials/Substrate/Glints2/dict_0005_0187" 10343
"../../../Engine/Content/EngineMaterials/Substrate/Glints2/dict_0005_0193.uasset" 10344
"/Engine/EngineMaterials/Substrate/Glints2/dict_0005_0186" 10345
"/Engine/EngineMaterials/Substrate/Glints2/dict_0005_0185" 10346
"../../../Engine/Content/EngineMaterials/Substrate/Glints2/dict_0005_0190.uasset" 10347
"/Engine/EngineMaterials/Substrate/Glints2/dict_0005_0184" 10348
"../../../Engine/Content/EngineMaterials/Substrate/Glints2/dict_0005_0189.uasset" 10349
"../../../Engine/Content/EngineMaterials/Substrate/Glints2/dict_0005_0191.uasset" 10350
"/Engine/EngineMaterials/Substrate/Glints2/dict_0005_0183" 10351
"../../../Engine/Content/EngineMaterials/Substrate/Glints2/dict_0005_0192.uasset" 10352
"../../../Engine/Content/EngineMaterials/Substrate/Glints2/dict_0005_0194.uasset" 10353
"/Engine/EngineMaterials/Substrate/Glints2/dict_0005_0164" 10354
"/Engine/EngineMaterials/Substrate/Glints2/dict_0005_0193" 10355
"/Engine/EngineMaterials/Substrate/Glints2/dict_0005_0192" 10356
"/Engine/EngineMaterials/Substrate/Glints2/dict_0005_0191" 10357
"/Engine/EngineMaterials/Substrate/Glints2/dict_0005_0190" 10358
"/Engine/EngineMaterials/Substrate/Glints2/dict_0005_0189" 10359
"/Engine/EngineMaterials/Substrate/Glints2/dict_0005_0182" 10360
"../../../Engine/Content/EngineMaterials/Substrate/Glints2/dict_0005_0196.uasset" 10361
"../../../Engine/Content/EngineMaterials/Substrate/Glints2/dict_0005_0201.uasset" 10362
"../../../Engine/Content/EngineMaterials/Substrate/Glints2/dict_0005_0197.uasset" 10363
"../../../Engine/Content/EngineMaterials/Substrate/Glints2/dict_0005_0200.uasset" 10364
"../../../Engine/Content/EngineMaterials/Substrate/Glints2/dict_0005_0199.uasset" 10365
"../../../Engine/Content/EngineMaterials/Substrate/Glints2/dict_0005_0195.uasset" 10366
"../../../Engine/Content/EngineMaterials/Substrate/Glints2/dict_0005_0198.uasset" 10367
"../../../Engine/Content/EngineMaterials/Substrate/Glints2/dict_0005_0202.uasset" 10368
"/Engine/EngineMaterials/Substrate/Glints2/dict_0005_0195" 10369
"../../../Engine/Content/EngineMaterials/Substrate/Glints2/dict_0005_0203.uasset" 10370
"/Engine/EngineMaterials/Substrate/Glints2/dict_0005_0194" 10371
"/Engine/EngineMaterials/Substrate/Glints2/dict_0005_0202" 10372
"../../../Engine/Content/EngineMaterials/Substrate/Glints2/dict_0005_0211.uasset" 10373
"../../../Engine/Content/EngineMaterials/Substrate/Glints2/dict_0005_0209.uasset" 10374
"../../../Engine/Content/EngineMaterials/Substrate/Glints2/dict_0005_0210.uasset" 10375
"../../../Engine/Content/EngineMaterials/Substrate/Glints2/dict_0005_0213.uasset" 10376
"../../../Engine/Content/EngineMaterials/Substrate/Glints2/dict_0005_0215.uasset" 10377
"../../../Engine/Content/EngineMaterials/Substrate/Glints2/dict_0005_0217.uasset" 10378
"../../../Engine/Content/EngineMaterials/Substrate/Glints2/dict_0005_0208.uasset" 10379
"../../../Engine/Content/EngineMaterials/Substrate/Glints2/dict_0005_0218.uasset" 10380
"../../../Engine/Content/EngineMaterials/Substrate/Glints2/dict_0005_0221.uasset" 10381
"../../../Engine/Content/EngineMaterials/Substrate/Glints2/dict_0005_0214.uasset" 10382
"/Engine/EngineMaterials/Substrate/Glints2/dict_0005_0201" 10383
"../../../Engine/Content/EngineMaterials/Substrate/Glints2/dict_0005_0219.uasset" 10384
"../../../Engine/Content/EngineMaterials/Substrate/Glints2/dict_0005_0206.uasset" 10385
"../../../Engine/Content/EngineMaterials/Substrate/Glints2/dict_0005_0205.uasset" 10386
"../../../Engine/Content/EngineMaterials/Substrate/Glints2/dict_0005_0207.uasset" 10387
"../../../Engine/Content/EngineMaterials/Substrate/Glints2/dict_0005_0220.uasset" 10388
"../../../Engine/Content/EngineMaterials/Substrate/Glints2/dict_0005_0204.uasset" 10389
"../../../Engine/Content/EngineMaterials/Substrate/Glints2/dict_0005_0212.uasset" 10390
"/Engine/EngineMaterials/Substrate/Glints2/dict_0005_0200" 10391
"/Engine/EngineMaterials/Substrate/Glints2/dict_0005_0199" 10392
"/Engine/EngineMaterials/Substrate/Glints2/dict_0005_0198" 10393
"/Engine/EngineMaterials/Substrate/Glints2/dict_0005_0197" 10394
"/Engine/EngineMaterials/Substrate/Glints2/dict_0005_0196" 10395
"../../../Engine/Content/EngineMaterials/Substrate/Glints2/dict_0005_0216.uasset" 10396
"../../../Engine/Content/EngineMaterials/Substrate/Glints2/dict_0005_0222.uasset" 10397
"/Engine/EngineMaterials/Substrate/Glints2/dict_0005_0210" 10398
"/Engine/EngineMaterials/Substrate/Glints2/dict_0005_0209" 10399
"../../../Engine/Content/EngineMaterials/Substrate/Glints2/dict_0005_0225.uasset" 10400
"../../../Engine/Content/EngineMaterials/Substrate/Glints2/dict_0005_0223.uasset" 10401
"/Engine/EngineMaterials/Substrate/Glints2/dict_0005_0208" 10402
"/Engine/EngineMaterials/Substrate/Glints2/dict_0005_0219" 10403
"/Engine/EngineMaterials/Substrate/Glints2/dict_0005_0218" 10404
"/Engine/EngineMaterials/Substrate/Glints2/dict_0005_0207" 10405
"../../../Engine/Content/EngineMaterials/Substrate/Glints2/dict_0005_0224.uasset" 10406
"../../../Engine/Content/EngineMaterials/Substrate/Glints2/dict_0005_0227.uasset" 10407
"../../../Engine/Content/EngineMaterials/Substrate/Glints2/dict_0005_0228.uasset" 10408
"../../../Engine/Content/EngineMaterials/Substrate/Glints2/dict_0005_0234.uasset" 10409
"/Engine/EngineMaterials/Substrate/Glints2/dict_0005_0206" 10410
"../../../Engine/Content/EngineMaterials/Substrate/Glints2/dict_0005_0229.uasset" 10411
"../../../Engine/Content/EngineMaterials/Substrate/Glints2/dict_0005_0231.uasset" 10412
"/Engine/EngineMaterials/Substrate/Glints2/dict_0005_0205" 10413
"/Engine/EngineMaterials/Substrate/Glints2/dict_0005_0204" 10414
"/Engine/EngineMaterials/Substrate/Glints2/dict_0005_0203" 10415
"/Engine/EngineMaterials/Substrate/Glints2/dict_0005_0221" 10416
"../../../Engine/Content/EngineMaterials/Substrate/Glints2/dict_0005_0226.uasset" 10417
"../../../Engine/Content/EngineMaterials/Substrate/Glints2/dict_0005_0230.uasset" 10418
"/Engine/EngineMaterials/Substrate/Glints2/dict_0005_0217" 10419
"/Engine/EngineMaterials/Substrate/Glints2/dict_0005_0215" 10420
"/Engine/EngineMaterials/Substrate/Glints2/dict_0005_0214" 10421
"/Engine/EngineMaterials/Substrate/Glints2/dict_0005_0213" 10422
"/Engine/EngineMaterials/Substrate/Glints2/dict_0005_0212" 10423
"/Engine/EngineMaterials/Substrate/Glints2/dict_0005_0211" 10424
"../../../Engine/Content/EngineMaterials/Substrate/Glints2/dict_0005_0233.uasset" 10425
"../../../Engine/Content/EngineMaterials/Substrate/Glints2/dict_0005_0232.uasset" 10426
"/Engine/EngineMaterials/Substrate/Glints2/dict_0005_0220" 10427
"/Engine/EngineMaterials/Substrate/Glints2/dict_0005_0234" 10428
"/Engine/EngineMaterials/Substrate/Glints2/dict_0005_0233" 10429
"/Engine/EngineMaterials/Substrate/Glints2/dict_0005_0225" 10430
"/Engine/EngineMaterials/Substrate/Glints2/dict_0005_0224" 10431
"/Engine/EngineMaterials/Substrate/Glints2/dict_0005_0223" 10432
"../../../Engine/Content/EngineMaterials/Substrate/Glints2/dict_0005_0241.uasset" 10433
"/Engine/EngineMaterials/Substrate/Glints2/dict_0005_0232" 10434
"../../../Engine/Content/EngineMaterials/Substrate/Glints2/dict_0005_0247.uasset" 10435
"../../../Engine/Content/EngineMaterials/Substrate/Glints2/dict_0005_0239.uasset" 10436
"../../../Engine/Content/EngineMaterials/Substrate/Glints2/dict_0005_0242.uasset" 10437
"../../../Engine/Content/EngineMaterials/Substrate/Glints2/dict_0005_0240.uasset" 10438
"../../../Engine/Content/EngineMaterials/Substrate/Glints2/dict_0005_0237.uasset" 10439
"/Engine/EngineMaterials/Substrate/Glints2/dict_0005_0222" 10440
"../../../Engine/Content/EngineMaterials/Substrate/Glints2/dict_0005_0238.uasset" 10441
"../../../Engine/Content/EngineMaterials/Substrate/Glints2/dict_0005_0244.uasset" 10442
"../../../Engine/Content/EngineMaterials/Substrate/Glints2/dict_0005_0252.uasset" 10443
"../../../Engine/Content/EngineMaterials/Substrate/Glints2/dict_0005_0251.uasset" 10444
"../../../Engine/Content/EngineMaterials/Substrate/Glints2/dict_0005_0249.uasset" 10445
"../../../Engine/Content/EngineMaterials/Substrate/Glints2/dict_0005_0243.uasset" 10446
"../../../Engine/Content/EngineMaterials/Substrate/Glints2/dict_0005_0246.uasset" 10447
"../../../Engine/Content/EngineMaterials/Substrate/Glints2/dict_0005_0235.uasset" 10448
"../../../Engine/Content/EngineMaterials/Substrate/Glints2/dict_0005_0248.uasset" 10449
"../../../Engine/Content/EngineMaterials/Substrate/Glints2/dict_0005_0236.uasset" 10450
"../../../Engine/Content/EngineMaterials/Substrate/Glints2/dict_0005_0245.uasset" 10451
"/Engine/EngineMaterials/Substrate/Glints2/dict_0005_0216" 10452
"../../../Engine/Content/EngineMaterials/Substrate/Glints2/dict_0005_0250.uasset" 10453
"/Engine/EngineMaterials/Substrate/Glints2/dict_0005_0231" 10454
"/Engine/EngineMaterials/Substrate/Glints2/dict_0005_0230" 10455
"/Engine/EngineMaterials/Substrate/Glints2/dict_0005_0229" 10456
"/Engine/EngineMaterials/Substrate/Glints2/dict_0005_0228" 10457
"/Engine/EngineMaterials/Substrate/Glints2/dict_0005_0227" 10458
"/Engine/EngineMaterials/Substrate/Glints2/dict_0005_0226" 10459
"/Engine/EngineMaterials/Substrate/Glints2/dict_0005_0252" 10460
"/Engine/EngineMaterials/Substrate/Glints2/dict_0005_0251" 10461
"/Engine/EngineMaterials/Substrate/Glints2/dict_0005_0250" 10462
"../../../Engine/Content/EngineMaterials/Substrate/Glints2/dict_0006_0003.uasset" 10463
"../../../Engine/Content/EngineMaterials/Substrate/Glints2/dict_0006_0000.uasset" 10464
"../../../Engine/Content/EngineMaterials/Substrate/Glints2/dict_0006_0001.uasset" 10465
"../../../Engine/Content/EngineMaterials/Substrate/Glints2/dict_0006_0005.uasset" 10466
"../../../Engine/Content/EngineMaterials/Substrate/Glints2/dict_0005_0255.uasset" 10467
"../../../Engine/Content/EngineMaterials/Substrate/Glints2/dict_0006_0002.uasset" 10468
"../../../Engine/Content/EngineMaterials/Substrate/Glints2/dict_0006_0004.uasset" 10469
"/Engine/EngineMaterials/Substrate/Glints2/dict_0005_0249" 10470
"../../../Engine/Content/EngineMaterials/Substrate/Glints2/dict_0006_0006.uasset" 10471
"../../../Engine/Content/EngineMaterials/Substrate/Glints2/dict_0006_0007.uasset" 10472
"/Engine/EngineMaterials/Substrate/Glints2/dict_0005_0248" 10473
"/Engine/EngineMaterials/Substrate/Glints2/dict_0005_0247" 10474
"/Engine/EngineMaterials/Substrate/Glints2/dict_0005_0246" 10475
"/Engine/EngineMaterials/Substrate/Glints2/dict_0005_0245" 10476
"/Engine/EngineMaterials/Substrate/Glints2/dict_0005_0244" 10477
"/Engine/EngineMaterials/Substrate/Glints2/dict_0005_0243" 10478
"/Engine/EngineMaterials/Substrate/Glints2/dict_0005_0242" 10479
"/Engine/EngineMaterials/Substrate/Glints2/dict_0005_0241" 10480
"/Engine/EngineMaterials/Substrate/Glints2/dict_0005_0240" 10481
"../../../Engine/Content/EngineMaterials/Substrate/Glints2/dict_0006_0010.uasset" 10482
"../../../Engine/Content/EngineMaterials/Substrate/Glints2/dict_0005_0254.uasset" 10483
"../../../Engine/Content/EngineMaterials/Substrate/Glints2/dict_0006_0008.uasset" 10484
"../../../Engine/Content/EngineMaterials/Substrate/Glints2/dict_0006_0009.uasset" 10485
"../../../Engine/Content/EngineMaterials/Substrate/Glints2/dict_0005_0253.uasset" 10486
"/Engine/EngineMaterials/Substrate/Glints2/dict_0005_0239" 10487
"/Engine/EngineMaterials/Substrate/Glints2/dict_0005_0238" 10488
"/Engine/EngineMaterials/Substrate/Glints2/dict_0005_0237" 10489
"/Engine/EngineMaterials/Substrate/Glints2/dict_0005_0236" 10490
"/Engine/EngineMaterials/Substrate/Glints2/dict_0005_0235" 10491
"/Engine/EngineMaterials/Substrate/Glints2/dict_0006_0010" 10492
"../../../Engine/Content/EngineMaterials/Substrate/Glints2/dict_0006_0016.uasset" 10493
"../../../Engine/Content/EngineMaterials/Substrate/Glints2/dict_0006_0012.uasset" 10494
"../../../Engine/Content/EngineMaterials/Substrate/Glints2/dict_0006_0021.uasset" 10495
"../../../Engine/Content/EngineMaterials/Substrate/Glints2/dict_0006_0022.uasset" 10496
"../../../Engine/Content/EngineMaterials/Substrate/Glints2/dict_0006_0018.uasset" 10497
"../../../Engine/Content/EngineMaterials/Substrate/Glints2/dict_0006_0013.uasset" 10498
"/Engine/EngineMaterials/Substrate/Glints2/dict_0006_0009" 10499
"../../../Engine/Content/EngineMaterials/Substrate/Glints2/dict_0006_0014.uasset" 10500
"../../../Engine/Content/EngineMaterials/Substrate/Glints2/dict_0006_0019.uasset" 10501
"../../../Engine/Content/EngineMaterials/Substrate/Glints2/dict_0006_0015.uasset" 10502
"../../../Engine/Content/EngineMaterials/Substrate/Glints2/dict_0006_0017.uasset" 10503
"/Engine/EngineMaterials/Substrate/Glints2/dict_0006_0008" 10504
"/Engine/EngineMaterials/Substrate/Glints2/dict_0006_0007" 10505
"/Engine/EngineMaterials/Substrate/Glints2/dict_0006_0006" 10506
"/Engine/EngineMaterials/Substrate/Glints2/dict_0006_0005" 10507
"../../../Engine/Content/EngineMaterials/Substrate/Glints2/dict_0006_0027.uasset" 10508
"../../../Engine/Content/EngineMaterials/Substrate/Glints2/dict_0006_0024.uasset" 10509
"../../../Engine/Content/EngineMaterials/Substrate/Glints2/dict_0006_0025.uasset" 10510
"../../../Engine/Content/EngineMaterials/Substrate/Glints2/dict_0006_0020.uasset" 10511
"../../../Engine/Content/EngineMaterials/Substrate/Glints2/dict_0006_0026.uasset" 10512
"../../../Engine/Content/EngineMaterials/Substrate/Glints2/dict_0006_0028.uasset" 10513
"/Engine/EngineMaterials/Substrate/Glints2/dict_0006_0004" 10514
"/Engine/EngineMaterials/Substrate/Glints2/dict_0006_0003" 10515
"/Engine/EngineMaterials/Substrate/Glints2/dict_0006_0002" 10516
"/Engine/EngineMaterials/Substrate/Glints2/dict_0006_0001" 10517
"/Engine/EngineMaterials/Substrate/Glints2/dict_0006_0000" 10518
"/Engine/EngineMaterials/Substrate/Glints2/dict_0005_0255" 10519
"/Engine/EngineMaterials/Substrate/Glints2/dict_0005_0254" 10520
"/Engine/EngineMaterials/Substrate/Glints2/dict_0005_0253" 10521
"../../../Engine/Content/EngineMaterials/Substrate/Glints2/dict_0006_0011.uasset" 10522
"/Engine/EngineMaterials/Substrate/Glints2/dict_0006_0028" 10523
"/Engine/EngineMaterials/Substrate/Glints2/dict_0006_0027" 10524
"/Engine/EngineMaterials/Substrate/Glints2/dict_0006_0026" 10525
"/Engine/EngineMaterials/Substrate/Glints2/dict_0006_0025" 10526
"/Engine/EngineMaterials/Substrate/Glints2/dict_0006_0024" 10527
"/Engine/EngineMaterials/Substrate/Glints2/dict_0006_0022" 10528
"../../../Engine/Content/EngineMaterials/Substrate/Glints2/dict_0006_0039.uasset" 10529
"../../../Engine/Content/EngineMaterials/Substrate/Glints2/dict_0006_0038.uasset" 10530
"../../../Engine/Content/EngineMaterials/Substrate/Glints2/dict_0006_0041.uasset" 10531
"../../../Engine/Content/EngineMaterials/Substrate/Glints2/dict_0006_0031.uasset" 10532
"../../../Engine/Content/EngineMaterials/Substrate/Glints2/dict_0006_0032.uasset" 10533
"../../../Engine/Content/EngineMaterials/Substrate/Glints2/dict_0006_0037.uasset" 10534
"../../../Engine/Content/EngineMaterials/Substrate/Glints2/dict_0006_0036.uasset" 10535
"../../../Engine/Content/EngineMaterials/Substrate/Glints2/dict_0006_0030.uasset" 10536
"../../../Engine/Content/EngineMaterials/Substrate/Glints2/dict_0006_0034.uasset" 10537
"../../../Engine/Content/EngineMaterials/Substrate/Glints2/dict_0006_0035.uasset" 10538
"../../../Engine/Content/EngineMaterials/Substrate/Glints2/dict_0006_0033.uasset" 10539
"/Engine/EngineMaterials/Substrate/Glints2/dict_0006_0021" 10540
"../../../Engine/Content/EngineMaterials/Substrate/Glints2/dict_0006_0040.uasset" 10541
"/Engine/EngineMaterials/Substrate/Glints2/dict_0006_0020" 10542
"/Engine/EngineMaterials/Substrate/Glints2/dict_0006_0019" 10543
"/Engine/EngineMaterials/Substrate/Glints2/dict_0006_0018" 10544
"../../../Engine/Content/EngineMaterials/Substrate/Glints2/dict_0006_0023.uasset" 10545
"/Engine/EngineMaterials/Substrate/Glints2/dict_0006_0017" 10546
"../../../Engine/Content/EngineMaterials/Substrate/Glints2/dict_0006_0029.uasset" 10547
"/Engine/EngineMaterials/Substrate/Glints2/dict_0006_0016" 10548
"/Engine/EngineMaterials/Substrate/Glints2/dict_0006_0015" 10549
"/Engine/EngineMaterials/Substrate/Glints2/dict_0006_0014" 10550
"/Engine/EngineMaterials/Substrate/Glints2/dict_0006_0013" 10551
"/Engine/EngineMaterials/Substrate/Glints2/dict_0006_0012" 10552
"/Engine/EngineMaterials/Substrate/Glints2/dict_0006_0011" 10553
"/Engine/EngineMaterials/Substrate/Glints2/dict_0006_0041" 10554
"../../../Engine/Content/EngineMaterials/Substrate/Glints2/dict_0006_0042.uasset" 10555
"/Engine/EngineMaterials/Substrate/Glints2/dict_0006_0040" 10556
"../../../Engine/Content/EngineMaterials/Substrate/Glints2/dict_0006_0046.uasset" 10557
"../../../Engine/Content/EngineMaterials/Substrate/Glints2/dict_0006_0048.uasset" 10558
"../../../Engine/Content/EngineMaterials/Substrate/Glints2/dict_0006_0044.uasset" 10559
"../../../Engine/Content/EngineMaterials/Substrate/Glints2/dict_0006_0051.uasset" 10560
"../../../Engine/Content/EngineMaterials/Substrate/Glints2/dict_0006_0045.uasset" 10561
"../../../Engine/Content/EngineMaterials/Substrate/Glints2/dict_0006_0049.uasset" 10562
"/Engine/EngineMaterials/Substrate/Glints2/dict_0006_0039" 10563
"../../../Engine/Content/EngineMaterials/Substrate/Glints2/dict_0006_0047.uasset" 10564
"/Engine/EngineMaterials/Substrate/Glints2/dict_0006_0023" 10565
"/Engine/EngineMaterials/Substrate/Glints2/dict_0006_0038" 10566
"/Engine/EngineMaterials/Substrate/Glints2/dict_0006_0037" 10567
"../../../Engine/Content/EngineMaterials/Substrate/Glints2/dict_0006_0052.uasset" 10568
"../../../Engine/Content/EngineMaterials/Substrate/Glints2/dict_0006_0043.uasset" 10569
"/Engine/EngineMaterials/Substrate/Glints2/dict_0006_0036" 10570
"../../../Engine/Content/EngineMaterials/Substrate/Glints2/dict_0006_0057.uasset" 10571
"/Engine/EngineMaterials/Substrate/Glints2/dict_0006_0035" 10572
"../../../Engine/Content/EngineMaterials/Substrate/Glints2/dict_0006_0050.uasset" 10573
"../../../Engine/Content/EngineMaterials/Substrate/Glints2/dict_0006_0058.uasset" 10574
"../../../Engine/Content/EngineMaterials/Substrate/Glints2/dict_0006_0053.uasset" 10575
"../../../Engine/Content/EngineMaterials/Substrate/Glints2/dict_0006_0054.uasset" 10576
"/Engine/EngineMaterials/Substrate/Glints2/dict_0006_0034" 10577
"../../../Engine/Content/EngineMaterials/Substrate/Glints2/dict_0006_0055.uasset" 10578
"/Engine/EngineMaterials/Substrate/Glints2/dict_0006_0033" 10579
"../../../Engine/Content/EngineMaterials/Substrate/Glints2/dict_0006_0059.uasset" 10580
"../../../Engine/Content/EngineMaterials/Substrate/Glints2/dict_0006_0056.uasset" 10581
"/Engine/EngineMaterials/Substrate/Glints2/dict_0006_0032" 10582
"/Engine/EngineMaterials/Substrate/Glints2/dict_0006_0031" 10583
"/Engine/EngineMaterials/Substrate/Glints2/dict_0006_0030" 10584
"/Engine/EngineMaterials/Substrate/Glints2/dict_0006_0029" 10585
"/Engine/EngineMaterials/Substrate/Glints2/dict_0006_0042" 10586
"/Engine/EngineMaterials/Substrate/Glints2/dict_0006_0059" 10587
"/Engine/EngineMaterials/Substrate/Glints2/dict_0006_0058" 10588
"../../../Engine/Content/EngineMaterials/Substrate/Glints2/dict_0006_0070.uasset" 10589
"../../../Engine/Content/EngineMaterials/Substrate/Glints2/dict_0006_0065.uasset" 10590
"../../../Engine/Content/EngineMaterials/Substrate/Glints2/dict_0006_0069.uasset" 10591
"../../../Engine/Content/EngineMaterials/Substrate/Glints2/dict_0006_0067.uasset" 10592
"../../../Engine/Content/EngineMaterials/Substrate/Glints2/dict_0006_0064.uasset" 10593
"../../../Engine/Content/EngineMaterials/Substrate/Glints2/dict_0006_0060.uasset" 10594
"../../../Engine/Content/EngineMaterials/Substrate/Glints2/dict_0006_0068.uasset" 10595
"../../../Engine/Content/EngineMaterials/Substrate/Glints2/dict_0006_0066.uasset" 10596
"/Engine/EngineMaterials/Substrate/Glints2/dict_0006_0057" 10597
"/Engine/EngineMaterials/Substrate/Glints2/dict_0006_0056" 10598
"../../../Engine/Content/EngineMaterials/Substrate/Glints2/dict_0006_0061.uasset" 10599
"../../../Engine/Content/EngineMaterials/Substrate/Glints2/dict_0006_0063.uasset" 10600
"../../../Engine/Content/EngineMaterials/Substrate/Glints2/dict_0006_0062.uasset" 10601
"/Engine/EngineMaterials/Substrate/Glints2/dict_0006_0055" 10602
"/Engine/EngineMaterials/Substrate/Glints2/dict_0006_0054" 10603
"/Engine/EngineMaterials/Substrate/Glints2/dict_0006_0053" 10604
"../../../Engine/Content/EngineMaterials/Substrate/Glints2/dict_0006_0071.uasset" 10605
"../../../Engine/Content/EngineMaterials/Substrate/Glints2/dict_0006_0072.uasset" 10606
"/Engine/EngineMaterials/Substrate/Glints2/dict_0006_0052" 10607
"/Engine/EngineMaterials/Substrate/Glints2/dict_0006_0051" 10608
"/Engine/EngineMaterials/Substrate/Glints2/dict_0006_0050" 10609
"/Engine/EngineMaterials/Substrate/Glints2/dict_0006_0049" 10610
"/Engine/EngineMaterials/Substrate/Glints2/dict_0006_0048" 10611
"../../../Engine/Content/EngineMaterials/Substrate/Glints2/dict_0006_0073.uasset" 10612
"/Engine/EngineMaterials/Substrate/Glints2/dict_0006_0047" 10613
"/Engine/EngineMaterials/Substrate/Glints2/dict_0006_0046" 10614
"/Engine/EngineMaterials/Substrate/Glints2/dict_0006_0045" 10615
"/Engine/EngineMaterials/Substrate/Glints2/dict_0006_0044" 10616
"/Engine/EngineMaterials/Substrate/Glints2/dict_0006_0043" 10617
"/Engine/EngineMaterials/Substrate/Glints2/dict_0006_0073" 10618
"/Engine/EngineMaterials/Substrate/Glints2/dict_0006_0072" 10619
"../../../Engine/Content/EngineMaterials/Substrate/Glints2/dict_0006_0081.uasset" 10620
"../../../Engine/Content/EngineMaterials/Substrate/Glints2/dict_0006_0083.uasset" 10621
"../../../Engine/Content/EngineMaterials/Substrate/Glints2/dict_0006_0082.uasset" 10622
"../../../Engine/Content/EngineMaterials/Substrate/Glints2/dict_0006_0084.uasset" 10623
"../../../Engine/Content/EngineMaterials/Substrate/Glints2/dict_0006_0076.uasset" 10624
"../../../Engine/Content/EngineMaterials/Substrate/Glints2/dict_0006_0085.uasset" 10625
"/Engine/EngineMaterials/Substrate/Glints2/dict_0006_0071" 10626
"../../../Engine/Content/EngineMaterials/Substrate/Glints2/dict_0006_0077.uasset" 10627
"../../../Engine/Content/EngineMaterials/Substrate/Glints2/dict_0006_0086.uasset" 10628
"../../../Engine/Content/EngineMaterials/Substrate/Glints2/dict_0006_0074.uasset" 10629
"../../../Engine/Content/EngineMaterials/Substrate/Glints2/dict_0006_0075.uasset" 10630
"/Engine/EngineMaterials/Substrate/Glints2/dict_0006_0070" 10631
"../../../Engine/Content/EngineMaterials/Substrate/Glints2/dict_0006_0079.uasset" 10632
"/Engine/EngineMaterials/Substrate/Glints2/dict_0006_0069" 10633
"../../../Engine/Content/EngineMaterials/Substrate/Glints2/dict_0006_0080.uasset" 10634
"../../../Engine/Content/EngineMaterials/Substrate/Glints2/dict_0006_0078.uasset" 10635
"/Engine/EngineMaterials/Substrate/Glints2/dict_0006_0068" 10636
"/Engine/EngineMaterials/Substrate/Glints2/dict_0006_0067" 10637
"/Engine/EngineMaterials/Substrate/Glints2/dict_0006_0066" 10638
"/Engine/EngineMaterials/Substrate/Glints2/dict_0006_0065" 10639
"../../../Engine/Content/EngineMaterials/Substrate/Glints2/dict_0006_0088.uasset" 10640
"/Engine/EngineMaterials/Substrate/Glints2/dict_0006_0064" 10641
"/Engine/EngineMaterials/Substrate/Glints2/dict_0006_0063" 10642
"../../../Engine/Content/EngineMaterials/Substrate/Glints2/dict_0006_0087.uasset" 10643
"../../../Engine/Content/EngineMaterials/Substrate/Glints2/dict_0006_0089.uasset" 10644
"/Engine/EngineMaterials/Substrate/Glints2/dict_0006_0062" 10645
"../../../Engine/Content/EngineMaterials/Substrate/Glints2/dict_0006_0090.uasset" 10646
"/Engine/EngineMaterials/Substrate/Glints2/dict_0006_0061" 10647
"/Engine/EngineMaterials/Substrate/Glints2/dict_0006_0060" 10648
"/Engine/EngineMaterials/Substrate/Glints2/dict_0006_0090" 10649
"/Engine/EngineMaterials/Substrate/Glints2/dict_0006_0089" 10650
"../../../Engine/Content/EngineMaterials/Substrate/Glints2/dict_0006_0091.uasset" 10651
"/Engine/EngineMaterials/Substrate/Glints2/dict_0006_0088" 10652
"/Engine/EngineMaterials/Substrate/Glints2/dict_0006_0087" 10653
"/Engine/EngineMaterials/Substrate/Glints2/dict_0006_0086" 10654
"/Engine/EngineMaterials/Substrate/Glints2/dict_0006_0085" 10655
"/Engine/EngineMaterials/Substrate/Glints2/dict_0006_0084" 10656
"/Engine/EngineMaterials/Substrate/Glints2/dict_0006_0083" 10657
"/Engine/EngineMaterials/Substrate/Glints2/dict_0006_0082" 10658
"/Engine/EngineMaterials/Substrate/Glints2/dict_0006_0081" 10659
"/Engine/EngineMaterials/Substrate/Glints2/dict_0006_0080" 10660
"/Engine/EngineMaterials/Substrate/Glints2/dict_0006_0079" 10661
"/Engine/EngineMaterials/Substrate/Glints2/dict_0006_0078" 10662
"/Engine/EngineMaterials/Substrate/Glints2/dict_0006_0077" 10663
"/Engine/EngineMaterials/Substrate/Glints2/dict_0006_0076" 10664
"/Engine/EngineMaterials/Substrate/Glints2/dict_0006_0075" 10665
"/Engine/EngineMaterials/Substrate/Glints2/dict_0006_0074" 10666
"../../../Engine/Content/EngineMaterials/Substrate/Glints2/dict_0006_0098.uasset" 10667
"../../../Engine/Content/EngineMaterials/Substrate/Glints2/dict_0006_0100.uasset" 10668
"../../../Engine/Content/EngineMaterials/Substrate/Glints2/dict_0006_0099.uasset" 10669
"../../../Engine/Content/EngineMaterials/Substrate/Glints2/dict_0006_0104.uasset" 10670
"/Engine/EngineMaterials/Substrate/Glints2/dict_0006_0091" 10671
"/Engine/EngineMaterials/Substrate/Glints2/dict_0006_0104" 10672
"/Engine/EngineMaterials/Substrate/Glints2/dict_0006_0100" 10673
"/Engine/EngineMaterials/Substrate/Glints2/dict_0006_0099" 10674
"/Engine/EngineMaterials/Substrate/Glints2/dict_0006_0098" 10675
"../../../Engine/Content/EngineMaterials/Substrate/Glints2/dict_0006_0103.uasset" 10676
"../../../Engine/Content/EngineMaterials/Substrate/Glints2/dict_0006_0102.uasset" 10677
"/Engine/EngineMaterials/Substrate/Glints2/dict_0006_0103" 10678
"/Engine/EngineMaterials/Substrate/Glints2/dict_0006_0102" 10679
"../../../Engine/Content/EngineMaterials/Substrate/Glints2/dict_0006_0097.uasset" 10680
"../../../Engine/Content/EngineMaterials/Substrate/Glints2/dict_0006_0094.uasset" 10681
"../../../Engine/Content/EngineMaterials/Substrate/Glints2/dict_0006_0095.uasset" 10682
"../../../Engine/Content/EngineMaterials/Substrate/Glints2/dict_0006_0107.uasset" 10683
"../../../Engine/Content/EngineMaterials/Substrate/Glints2/dict_0006_0092.uasset" 10684
"../../../Engine/Content/EngineMaterials/Substrate/Glints2/dict_0006_0105.uasset" 10685
"../../../Engine/Content/EngineMaterials/Substrate/Glints2/dict_0006_0096.uasset" 10686
"../../../Engine/Content/EngineMaterials/Substrate/Glints2/dict_0006_0111.uasset" 10687
"../../../Engine/Content/EngineMaterials/Substrate/Glints2/dict_0006_0093.uasset" 10688
"/Engine/EngineMaterials/Substrate/Glints2/dict_0006_0105" 10689
"../../../Engine/Content/EngineMaterials/Substrate/Glints2/dict_0006_0106.uasset" 10690
"/Engine/EngineMaterials/Substrate/Glints2/dict_0006_0111" 10691
"../../../Engine/Content/EngineMaterials/Substrate/Glints2/dict_0006_0109.uasset" 10692
"/Engine/EngineMaterials/Substrate/Glints2/dict_0006_0097" 10693
"/Engine/EngineMaterials/Substrate/Glints2/dict_0006_0096" 10694
"/Engine/EngineMaterials/Substrate/Glints2/dict_0006_0095" 10695
"../../../Engine/Content/EngineMaterials/Substrate/Glints2/dict_0006_0108.uasset" 10696
"../../../Engine/Content/EngineMaterials/Substrate/Glints2/dict_0006_0110.uasset" 10697
"/Engine/EngineMaterials/Substrate/Glints2/dict_0006_0094" 10698
"/Engine/EngineMaterials/Substrate/Glints2/dict_0006_0093" 10699
"../../../Engine/Content/EngineMaterials/Substrate/Glints2/dict_0006_0119.uasset" 10700
"../../../Engine/Content/EngineMaterials/Substrate/Glints2/dict_0006_0118.uasset" 10701
"../../../Engine/Content/EngineMaterials/Substrate/Glints2/dict_0006_0113.uasset" 10702
"/Engine/EngineMaterials/Substrate/Glints2/dict_0006_0092" 10703
"/Engine/EngineMaterials/Substrate/Glints2/dict_0006_0107" 10704
"../../../Engine/Content/EngineMaterials/Substrate/Glints2/dict_0006_0115.uasset" 10705
"/Engine/EngineMaterials/Substrate/Glints2/dict_0006_0119" 10706
"/Engine/EngineMaterials/Substrate/Glints2/dict_0006_0118" 10707
"/Engine/EngineMaterials/Substrate/Glints2/dict_0006_0115" 10708
"/Engine/EngineMaterials/Substrate/Glints2/dict_0006_0113" 10709
"/Engine/EngineMaterials/Substrate/Glints2/dict_0006_0110" 10710
"../../../Engine/Content/EngineMaterials/Substrate/Glints2/dict_0006_0117.uasset" 10711
"/Engine/EngineMaterials/Substrate/Glints2/dict_0006_0109" 10712
"/Engine/EngineMaterials/Substrate/Glints2/dict_0006_0108" 10713
"/Engine/EngineMaterials/Substrate/Glints2/dict_0006_0106" 10714
"/Engine/EngineMaterials/Substrate/Glints2/dict_0006_0117" 10715
"../../../Engine/Content/EngineMaterials/Substrate/Glints2/dict_0006_0128.uasset" 10716
"../../../Engine/Content/EngineMaterials/Substrate/Glints2/dict_0006_0101.uasset" 10717
"../../../Engine/Content/EngineMaterials/Substrate/Glints2/dict_0006_0125.uasset" 10718
"../../../Engine/Content/EngineMaterials/Substrate/Glints2/dict_0006_0127.uasset" 10719
"../../../Engine/Content/EngineMaterials/Substrate/Glints2/dict_0006_0123.uasset" 10720
"../../../Engine/Content/EngineMaterials/Substrate/Glints2/dict_0006_0124.uasset" 10721
"../../../Engine/Content/EngineMaterials/Substrate/Glints2/dict_0006_0121.uasset" 10722
"../../../Engine/Content/EngineMaterials/Substrate/Glints2/dict_0006_0122.uasset" 10723
"../../../Engine/Content/EngineMaterials/Substrate/Glints2/dict_0006_0129.uasset" 10724
"/Engine/EngineMaterials/Substrate/Glints2/dict_0006_0127" 10725
"../../../Engine/Content/EngineMaterials/Substrate/Glints2/dict_0006_0135.uasset" 10726
"../../../Engine/Content/EngineMaterials/Substrate/Glints2/dict_0006_0130.uasset" 10727
"../../../Engine/Content/EngineMaterials/Substrate/Glints2/dict_0006_0134.uasset" 10728
"../../../Engine/Content/EngineMaterials/Substrate/Glints2/dict_0006_0131.uasset" 10729
"../../../Engine/Content/EngineMaterials/Substrate/Glints2/dict_0006_0133.uasset" 10730
"../../../Engine/Content/EngineMaterials/Substrate/Glints2/dict_0006_0126.uasset" 10731
"/Engine/EngineMaterials/Substrate/Glints2/dict_0006_0122" 10732
"/Engine/EngineMaterials/Substrate/Glints2/dict_0006_0121" 10733
"/Engine/EngineMaterials/Substrate/Glints2/dict_0006_0129" 10734
"/Engine/EngineMaterials/Substrate/Glints2/dict_0006_0128" 10735
"/Engine/EngineMaterials/Substrate/Glints2/dict_0006_0101" 10736
"/Engine/EngineMaterials/Substrate/Glints2/dict_0006_0125" 10737
"/Engine/EngineMaterials/Substrate/Glints2/dict_0006_0124" 10738
"/Engine/EngineMaterials/Substrate/Glints2/dict_0006_0123" 10739
"/Engine/EngineMaterials/Substrate/Glints2/dict_0006_0126" 10740
"/Engine/EngineMaterials/Substrate/Glints2/dict_0006_0135" 10741
"/Engine/EngineMaterials/Substrate/Glints2/dict_0006_0134" 10742
"/Engine/EngineMaterials/Substrate/Glints2/dict_0006_0133" 10743
"/Engine/EngineMaterials/Substrate/Glints2/dict_0006_0131" 10744
"/Engine/EngineMaterials/Substrate/Glints2/dict_0006_0130" 10745
"../../../Engine/Content/EngineMaterials/Substrate/Glints2/dict_0006_0138.uasset" 10746
"../../../Engine/Content/EngineMaterials/Substrate/Glints2/dict_0006_0141.uasset" 10747
"../../../Engine/Content/EngineMaterials/Substrate/Glints2/dict_0006_0136.uasset" 10748
"../../../Engine/Content/EngineMaterials/Substrate/Glints2/dict_0006_0137.uasset" 10749
"/Engine/EngineMaterials/Substrate/Glints2/dict_0006_0138" 10750
"/Engine/EngineMaterials/Substrate/Glints2/dict_0006_0137" 10751
"/Engine/EngineMaterials/Substrate/Glints2/dict_0006_0136" 10752
"../../../Engine/Content/EngineMaterials/Substrate/Glints2/dict_0006_0143.uasset" 10753
"../../../Engine/Content/EngineMaterials/Substrate/Glints2/dict_0006_0112.uasset" 10754
"/Engine/EngineMaterials/Substrate/Glints2/dict_0006_0141" 10755
"/Engine/EngineMaterials/Substrate/Glints2/dict_0006_0143" 10756
"../../../Engine/Content/EngineMaterials/Substrate/Glints2/dict_0006_0142.uasset" 10757
"../../../Engine/Content/EngineMaterials/Substrate/Glints2/dict_0006_0144.uasset" 10758
"../../../Engine/Content/EngineMaterials/Substrate/Glints2/dict_0006_0132.uasset" 10759
"../../../Engine/Content/EngineMaterials/Substrate/Glints2/dict_0006_0139.uasset" 10760
"/Engine/EngineMaterials/Substrate/Glints2/dict_0006_0112" 10761
"/Engine/EngineMaterials/Substrate/Glints2/dict_0006_0144" 10762
"/Engine/EngineMaterials/Substrate/Glints2/dict_0006_0142" 10763
"/Engine/EngineMaterials/Substrate/Glints2/dict_0006_0132" 10764
"/Engine/EngineMaterials/Substrate/Glints2/dict_0006_0139" 10765
"../../../Engine/Content/EngineMaterials/Substrate/Glints2/dict_0006_0146.uasset" 10766
"../../../Engine/Content/EngineMaterials/Substrate/Glints2/dict_0006_0149.uasset" 10767
"../../../Engine/Content/EngineMaterials/Substrate/Glints2/dict_0006_0150.uasset" 10768
"../../../Engine/Content/EngineMaterials/Substrate/Glints2/dict_0006_0152.uasset" 10769
"../../../Engine/Content/EngineMaterials/Substrate/Glints2/dict_0006_0145.uasset" 10770
"../../../Engine/Content/EngineMaterials/Substrate/Glints2/dict_0006_0154.uasset" 10771
"../../../Engine/Content/EngineMaterials/Substrate/Glints2/dict_0006_0147.uasset" 10772
"/Engine/EngineMaterials/Substrate/Glints2/dict_0006_0154" 10773
"/Engine/EngineMaterials/Substrate/Glints2/dict_0006_0146" 10774
"../../../Engine/Content/EngineMaterials/Substrate/Glints2/dict_0006_0153.uasset" 10775
"../../../Engine/Content/EngineMaterials/Substrate/Glints2/dict_0006_0155.uasset" 10776
"/Engine/EngineMaterials/Substrate/Glints2/dict_0006_0145" 10777
"../../../Engine/Content/EngineMaterials/Substrate/Glints2/dict_0006_0156.uasset" 10778
"/Engine/EngineMaterials/Substrate/Glints2/dict_0006_0152" 10779
"../../../Engine/Content/EngineMaterials/Substrate/Glints2/dict_0006_0148.uasset" 10780
"/Engine/EngineMaterials/Substrate/Glints2/dict_0006_0147" 10781
"/Engine/EngineMaterials/Substrate/Glints2/dict_0006_0150" 10782
"/Engine/EngineMaterials/Substrate/Glints2/dict_0006_0149" 10783
"/Engine/EngineMaterials/Substrate/Glints2/dict_0006_0156" 10784
"/Engine/EngineMaterials/Substrate/Glints2/dict_0006_0155" 10785
"/Engine/EngineMaterials/Substrate/Glints2/dict_0006_0153" 10786
"../../../Engine/Content/EngineMaterials/Substrate/Glints2/dict_0006_0151.uasset" 10787
"/Engine/EngineMaterials/Substrate/Glints2/dict_0006_0148" 10788
"/Engine/EngineMaterials/Substrate/Glints2/dict_0006_0151" 10789
"../../../Engine/Content/EngineMaterials/Substrate/Glints2/dict_0006_0158.uasset" 10790
"../../../Engine/Content/EngineMaterials/Substrate/Glints2/dict_0006_0157.uasset" 10791
"../../../Engine/Content/EngineMaterials/Substrate/Glints2/dict_0006_0140.uasset" 10792
"../../../Engine/Content/EngineMaterials/Substrate/Glints2/dict_0006_0160.uasset" 10793
"../../../Engine/Content/EngineMaterials/Substrate/Glints2/dict_0006_0164.uasset" 10794
"../../../Engine/Content/EngineMaterials/Substrate/Glints2/dict_0006_0165.uasset" 10795
"../../../Engine/Content/EngineMaterials/Substrate/Glints2/dict_0006_0162.uasset" 10796
"../../../Engine/Content/EngineMaterials/Substrate/Glints2/dict_0006_0163.uasset" 10797
"../../../Engine/Content/EngineMaterials/Substrate/Glints2/dict_0006_0166.uasset" 10798
"/Engine/EngineMaterials/Substrate/Glints2/dict_0006_0166" 10799
"../../../Engine/Content/EngineMaterials/Substrate/Glints2/dict_0006_0159.uasset" 10800
"../../../Engine/Content/EngineMaterials/Substrate/Glints2/dict_0006_0167.uasset" 10801
"../../../Engine/Content/EngineMaterials/Substrate/Glints2/dict_0006_0171.uasset" 10802
"/Engine/EngineMaterials/Substrate/Glints2/dict_0006_0162" 10803
"../../../Engine/Content/EngineMaterials/Substrate/Glints2/dict_0006_0170.uasset" 10804
"../../../Engine/Content/EngineMaterials/Substrate/Glints2/dict_0006_0168.uasset" 10805
"/Engine/EngineMaterials/Substrate/Glints2/dict_0006_0165" 10806
"../../../Engine/Content/EngineMaterials/Substrate/Glints2/dict_0006_0172.uasset" 10807
"../../../Engine/Content/EngineMaterials/Substrate/Glints2/dict_0006_0174.uasset" 10808
"/Engine/EngineMaterials/Substrate/Glints2/dict_0006_0164" 10809
"/Engine/EngineMaterials/Substrate/Glints2/dict_0006_0160" 10810
"/Engine/EngineMaterials/Substrate/Glints2/dict_0006_0163" 10811
"/Engine/EngineMaterials/Substrate/Glints2/dict_0006_0140" 10812
"/Engine/EngineMaterials/Substrate/Glints2/dict_0006_0158" 10813
"/Engine/EngineMaterials/Substrate/Glints2/dict_0006_0157" 10814
"../../../Engine/Content/EngineMaterials/Substrate/Glints2/dict_0006_0161.uasset" 10815
"/Engine/EngineMaterials/Substrate/Glints2/dict_0006_0172" 10816
"../../../Engine/Content/EngineMaterials/Substrate/Glints2/dict_0006_0175.uasset" 10817
"/Engine/EngineMaterials/Substrate/Glints2/dict_0006_0174" 10818
"../../../Engine/Content/EngineMaterials/Substrate/Glints2/dict_0006_0177.uasset" 10819
"../../../Engine/Content/EngineMaterials/Substrate/Glints2/dict_0006_0182.uasset" 10820
"../../../Engine/Content/EngineMaterials/Substrate/Glints2/dict_0006_0181.uasset" 10821
"/Engine/EngineMaterials/Substrate/Glints2/dict_0006_0168" 10822
"/Engine/EngineMaterials/Substrate/Glints2/dict_0006_0167" 10823
"../../../Engine/Content/EngineMaterials/Substrate/Glints2/dict_0006_0180.uasset" 10824
"/Engine/EngineMaterials/Substrate/Glints2/dict_0006_0171" 10825
"/Engine/EngineMaterials/Substrate/Glints2/dict_0006_0159" 10826
"/Engine/EngineMaterials/Substrate/Glints2/dict_0006_0170" 10827
"/Engine/EngineMaterials/Substrate/Glints2/dict_0006_0182" 10828
"/Engine/EngineMaterials/Substrate/Glints2/dict_0006_0177" 10829
"../../../Engine/Content/EngineMaterials/Substrate/Glints2/dict_0006_0173.uasset" 10830
"/Engine/EngineMaterials/Substrate/Glints2/dict_0006_0181" 10831
"../../../Engine/Content/EngineMaterials/Substrate/Glints2/dict_0006_0178.uasset" 10832
"/Engine/EngineMaterials/Substrate/Glints2/dict_0006_0175" 10833
"../../../Engine/Content/EngineMaterials/Substrate/Glints2/dict_0006_0179.uasset" 10834
"/Engine/EngineMaterials/Substrate/Glints2/dict_0006_0180" 10835
"/Engine/EngineMaterials/Substrate/Glints2/dict_0006_0161" 10836
"../../../Engine/Content/EngineMaterials/Substrate/Glints2/dict_0006_0187.uasset" 10837
"../../../Engine/Content/EngineMaterials/Substrate/Glints2/dict_0006_0186.uasset" 10838
"../../../Engine/Content/EngineMaterials/Substrate/Glints2/dict_0006_0184.uasset" 10839
"../../../Engine/Content/EngineMaterials/Substrate/Glints2/dict_0006_0176.uasset" 10840
"../../../Engine/Content/EngineMaterials/Substrate/Glints2/dict_0006_0185.uasset" 10841
"/Engine/EngineMaterials/Substrate/Glints2/dict_0006_0179" 10842
"/Engine/EngineMaterials/Substrate/Glints2/dict_0006_0178" 10843
"/Engine/EngineMaterials/Substrate/Glints2/dict_0006_0176" 10844
"/Engine/EngineMaterials/Substrate/Glints2/dict_0006_0184" 10845
"/Engine/EngineMaterials/Substrate/Glints2/dict_0006_0173" 10846
"/Engine/EngineMaterials/Substrate/Glints2/dict_0006_0187" 10847
"/Engine/EngineMaterials/Substrate/Glints2/dict_0006_0186" 10848
"/Engine/EngineMaterials/Substrate/Glints2/dict_0006_0185" 10849
"../../../Engine/Content/EngineMaterials/Substrate/Glints2/dict_0006_0189.uasset" 10850
"/Engine/EngineMaterials/Substrate/Glints2/dict_0006_0189" 10851
"../../../Engine/Content/EngineMaterials/Substrate/Glints2/dict_0006_0196.uasset" 10852
"../../../Engine/Content/EngineMaterials/Substrate/Glints2/dict_0006_0195.uasset" 10853
"../../../Engine/Content/EngineMaterials/Substrate/Glints2/dict_0006_0194.uasset" 10854
"/Engine/EngineMaterials/Substrate/Glints2/dict_0006_0196" 10855
"../../../Engine/Content/EngineMaterials/Substrate/Glints2/dict_0006_0188.uasset" 10856
"../../../Engine/Content/EngineMaterials/Substrate/Glints2/dict_0006_0193.uasset" 10857
"/Engine/EngineMaterials/Substrate/Glints2/dict_0006_0195" 10858
"/Engine/EngineMaterials/Substrate/Glints2/dict_0006_0194" 10859
"../../../Engine/Content/EngineMaterials/Substrate/Glints2/dict_0006_0192.uasset" 10860
"/Engine/EngineMaterials/Substrate/Glints2/dict_0006_0193" 10861
"/Engine/EngineMaterials/Substrate/Glints2/dict_0006_0188" 10862
"/Engine/EngineMaterials/Substrate/Glints2/dict_0006_0192" 10863
"../../../Engine/Content/EngineMaterials/Substrate/Glints2/dict_0006_0197.uasset" 10864
"../../../Engine/Content/EngineMaterials/Substrate/Glints2/dict_0006_0200.uasset" 10865
"../../../Engine/Content/EngineMaterials/Substrate/Glints2/dict_0006_0199.uasset" 10866
"../../../Engine/Content/EngineMaterials/Substrate/Glints2/dict_0006_0202.uasset" 10867
"../../../Engine/Content/EngineMaterials/Substrate/Glints2/dict_0006_0201.uasset" 10868
"../../../Engine/Content/EngineMaterials/Substrate/Glints2/dict_0006_0203.uasset" 10869
"/Engine/EngineMaterials/Substrate/Glints2/dict_0006_0203" 10870
"/Engine/EngineMaterials/Substrate/Glints2/dict_0006_0200" 10871
"/Engine/EngineMaterials/Substrate/Glints2/dict_0006_0199" 10872
"../../../Engine/Content/EngineMaterials/Substrate/Glints2/dict_0006_0191.uasset" 10873
"/Engine/EngineMaterials/Substrate/Glints2/dict_0006_0197" 10874
"../../../Engine/Content/EngineMaterials/Substrate/Glints2/dict_0006_0205.uasset" 10875
"../../../Engine/Content/EngineMaterials/Substrate/Glints2/dict_0006_0204.uasset" 10876
"../../../Engine/Content/EngineMaterials/Substrate/Glints2/dict_0006_0207.uasset" 10877
"../../../Engine/Content/EngineMaterials/Substrate/Glints2/dict_0006_0206.uasset" 10878
"/Engine/EngineMaterials/Substrate/Glints2/dict_0006_0202" 10879
"../../../Engine/Content/EngineMaterials/Substrate/Glints2/dict_0006_0198.uasset" 10880
"/Engine/EngineMaterials/Substrate/Glints2/dict_0006_0201" 10881
"/Engine/EngineMaterials/Substrate/Glints2/dict_0006_0206" 10882
"/Engine/EngineMaterials/Substrate/Glints2/dict_0006_0205" 10883
"/Engine/EngineMaterials/Substrate/Glints2/dict_0006_0204" 10884
"/Engine/EngineMaterials/Substrate/Glints2/dict_0006_0198" 10885
"/Engine/EngineMaterials/Substrate/Glints2/dict_0006_0191" 10886
"../../../Engine/Content/EngineMaterials/Substrate/Glints2/dict_0006_0208.uasset" 10887
"/Engine/EngineMaterials/Substrate/Glints2/dict_0006_0207" 10888
"../../../Engine/Content/EngineMaterials/Substrate/Glints2/dict_0006_0209.uasset" 10889
"/Engine/EngineMaterials/Substrate/Glints2/dict_0006_0209" 10890
"/Engine/EngineMaterials/Substrate/Glints2/dict_0006_0208" 10891
"../../../Engine/Content/EngineMaterials/Substrate/Glints2/dict_0006_0210.uasset" 10892
"../../../Engine/Content/EngineMaterials/Substrate/Glints2/dict_0006_0211.uasset" 10893
"../../../Engine/Content/EngineMaterials/Substrate/Glints2/dict_0006_0212.uasset" 10894
"../../../Engine/Content/EngineMaterials/Substrate/Glints2/dict_0006_0213.uasset" 10895
"../../../Engine/Content/EngineMaterials/Substrate/Glints2/dict_0006_0214.uasset" 10896
"../../../Engine/Content/EngineMaterials/Substrate/Glints2/dict_0006_0217.uasset" 10897
"../../../Engine/Content/EngineMaterials/Substrate/Glints2/dict_0006_0216.uasset" 10898
"/Engine/EngineMaterials/Substrate/Glints2/dict_0006_0214" 10899
"/Engine/EngineMaterials/Substrate/Glints2/dict_0006_0213" 10900
"/Engine/EngineMaterials/Substrate/Glints2/dict_0006_0212" 10901
"../../../Engine/Content/EngineMaterials/Substrate/Glints2/dict_0006_0218.uasset" 10902
"../../../Engine/Content/EngineMaterials/Substrate/Glints2/dict_0006_0221.uasset" 10903
"/Engine/EngineMaterials/Substrate/Glints2/dict_0006_0211" 10904
"../../../Engine/Content/EngineMaterials/Substrate/Glints2/dict_0006_0219.uasset" 10905
"../../../Engine/Content/EngineMaterials/Substrate/Glints2/dict_0006_0220.uasset" 10906
"/Engine/EngineMaterials/Substrate/Glints2/dict_0006_0210" 10907
"/Engine/EngineMaterials/Substrate/Glints2/dict_0006_0217" 10908
"/Engine/EngineMaterials/Substrate/Glints2/dict_0006_0216" 10909
"/Engine/EngineMaterials/Substrate/Glints2/dict_0006_0220" 10910
"/Engine/EngineMaterials/Substrate/Glints2/dict_0006_0221" 10911
"/Engine/EngineMaterials/Substrate/Glints2/dict_0006_0218" 10912
"/Engine/EngineMaterials/Substrate/Glints2/dict_0006_0219" 10913
"../../../Engine/Content/EngineMaterials/Substrate/Glints2/dict_0006_0222.uasset" 10914
"../../../Engine/Content/EngineMaterials/Substrate/Glints2/dict_0006_0223.uasset" 10915
"../../../Engine/Content/EngineMaterials/Substrate/Glints2/dict_0006_0224.uasset" 10916
"../../../Engine/Content/EngineMaterials/Substrate/Glints2/dict_0006_0228.uasset" 10917
"../../../Engine/Content/EngineMaterials/Substrate/Glints2/dict_0006_0225.uasset" 10918
"../../../Engine/Content/EngineMaterials/Substrate/Glints2/dict_0006_0226.uasset" 10919
"../../../Engine/Content/EngineMaterials/Substrate/Glints2/dict_0006_0227.uasset" 10920
"../../../Engine/Content/EngineMaterials/Substrate/Glints2/dict_0006_0230.uasset" 10921
"../../../Engine/Content/EngineMaterials/Substrate/Glints2/dict_0006_0229.uasset" 10922
"/Engine/EngineMaterials/Substrate/Glints2/dict_0006_0227" 10923
"/Engine/EngineMaterials/Substrate/Glints2/dict_0006_0226" 10924
"/Engine/EngineMaterials/Substrate/Glints2/dict_0006_0225" 10925
"/Engine/EngineMaterials/Substrate/Glints2/dict_0006_0230" 10926
"/Engine/EngineMaterials/Substrate/Glints2/dict_0006_0224" 10927
"/Engine/EngineMaterials/Substrate/Glints2/dict_0006_0223" 10928
"/Engine/EngineMaterials/Substrate/Glints2/dict_0006_0229" 10929
"../../../Engine/Content/EngineMaterials/Substrate/Glints2/dict_0006_0231.uasset" 10930
"/Engine/EngineMaterials/Substrate/Glints2/dict_0006_0222" 10931
"../../../Engine/Content/EngineMaterials/Substrate/Glints2/dict_0006_0233.uasset" 10932
"../../../Engine/Content/EngineMaterials/Substrate/Glints2/dict_0006_0232.uasset" 10933
"../../../Engine/Content/EngineMaterials/Substrate/Glints2/dict_0006_0234.uasset" 10934
"/Engine/EngineMaterials/Substrate/Glints2/dict_0006_0228" 10935
"../../../Engine/Content/EngineMaterials/Substrate/Glints2/dict_0006_0236.uasset" 10936
"../../../Engine/Content/EngineMaterials/Substrate/Glints2/dict_0006_0235.uasset" 10937
"/Engine/EngineMaterials/Substrate/Glints2/dict_0006_0233" 10938
"../../../Engine/Content/EngineMaterials/Substrate/Glints2/dict_0006_0237.uasset" 10939
"../../../Engine/Content/EngineMaterials/Substrate/Glints2/dict_0006_0239.uasset" 10940
"/Engine/EngineMaterials/Substrate/Glints2/dict_0006_0232" 10941
"/Engine/EngineMaterials/Substrate/Glints2/dict_0006_0231" 10942
"../../../Engine/Content/EngineMaterials/Substrate/Glints2/dict_0006_0240.uasset" 10943
"/Engine/EngineMaterials/Substrate/Glints2/dict_0006_0235" 10944
"../../../Engine/Content/EngineMaterials/Substrate/Glints2/dict_0006_0238.uasset" 10945
"/Engine/EngineMaterials/Substrate/Glints2/dict_0006_0236" 10946
"../../../Engine/Content/EngineMaterials/Substrate/Glints2/dict_0006_0241.uasset" 10947
"/Engine/EngineMaterials/Substrate/Glints2/dict_0006_0234" 10948
"/Engine/EngineMaterials/Substrate/Glints2/dict_0006_0241" 10949
"/Engine/EngineMaterials/Substrate/Glints2/dict_0006_0240" 10950
"/Engine/EngineMaterials/Substrate/Glints2/dict_0006_0239" 10951
"../../../Engine/Content/EngineMaterials/Substrate/Glints2/dict_0006_0242.uasset" 10952
"/Engine/EngineMaterials/Substrate/Glints2/dict_0006_0238" 10953
"/Engine/EngineMaterials/Substrate/Glints2/dict_0006_0237" 10954
"../../../Engine/Content/EngineMaterials/Substrate/Glints2/dict_0006_0243.uasset" 10955
"../../../Engine/Content/EngineMaterials/Substrate/Glints2/dict_0006_0244.uasset" 10956
"/Engine/EngineMaterials/Substrate/Glints2/dict_0006_0242" 10957
"../../../Engine/Content/EngineMaterials/Substrate/Glints2/dict_0006_0245.uasset" 10958
"/Engine/EngineMaterials/Substrate/Glints2/dict_0006_0244" 10959
"/Engine/EngineMaterials/Substrate/Glints2/dict_0006_0243" 10960
"../../../Engine/Content/EngineMaterials/Substrate/Glints2/dict_0006_0247.uasset" 10961
"../../../Engine/Content/EngineMaterials/Substrate/Glints2/dict_0006_0246.uasset" 10962
"../../../Engine/Content/EngineMaterials/Substrate/Glints2/dict_0006_0249.uasset" 10963
"../../../Engine/Content/EngineMaterials/Substrate/Glints2/dict_0006_0250.uasset" 10964
"../../../Engine/Content/EngineMaterials/Substrate/Glints2/dict_0006_0251.uasset" 10965
"../../../Engine/Content/EngineMaterials/Substrate/Glints2/dict_0006_0248.uasset" 10966
"../../../Engine/Content/EngineMaterials/Substrate/Glints2/dict_0006_0252.uasset" 10967
"/Engine/EngineMaterials/Substrate/Glints2/dict_0006_0246" 10968
"/Engine/EngineMaterials/Substrate/Glints2/dict_0006_0245" 10969
"/Engine/EngineMaterials/Substrate/Glints2/dict_0006_0252" 10970
"/Engine/EngineMaterials/Substrate/Glints2/dict_0006_0251" 10971
"/Engine/EngineMaterials/Substrate/Glints2/dict_0006_0250" 10972
"/Engine/EngineMaterials/Substrate/Glints2/dict_0006_0249" 10973
"/Engine/EngineMaterials/Substrate/Glints2/dict_0006_0248" 10974
"/Engine/EngineMaterials/Substrate/Glints2/dict_0006_0247" 10975
"../../../Engine/Content/EngineMaterials/Substrate/Glints2/dict_0006_0254.uasset" 10976
"../../../Engine/Content/EngineMaterials/Substrate/Glints2/dict_0006_0253.uasset" 10977
"../../../Engine/Content/EngineMaterials/Substrate/Glints2/dict_0006_0255.uasset" 10978
"../../../Engine/Content/EngineMaterials/Substrate/Glints2/dict_0007_0003.uasset" 10979
"/Engine/EngineMaterials/Substrate/Glints2/dict_0007_0003" 10980
"../../../Engine/Content/EngineMaterials/Substrate/Glints2/dict_0007_0002.uasset" 10981
"../../../Engine/Content/EngineMaterials/Substrate/Glints2/dict_0007_0000.uasset" 10982
"../../../Engine/Content/EngineMaterials/Substrate/Glints2/dict_0007_0001.uasset" 10983
"../../../Engine/Content/EngineMaterials/Substrate/Glints2/dict_0007_0005.uasset" 10984
"../../../Engine/Content/EngineMaterials/Substrate/Glints2/dict_0007_0004.uasset" 10985
"/Engine/EngineMaterials/Substrate/Glints2/dict_0006_0255" 10986
"../../../Engine/Content/EngineMaterials/Substrate/Glints2/dict_0006_0169.uasset" 10987
"/Engine/EngineMaterials/Substrate/Glints2/dict_0006_0254" 10988
"../../../Engine/Content/EngineMaterials/Substrate/Glints2/dict_0007_0007.uasset" 10989
"../../../Engine/Content/EngineMaterials/Substrate/Glints2/dict_0007_0006.uasset" 10990
"/Engine/EngineMaterials/Substrate/Glints2/dict_0006_0253" 10991
"/Engine/EngineMaterials/Substrate/Glints2/dict_0007_0005" 10992
"/Engine/EngineMaterials/Substrate/Glints2/dict_0007_0004" 10993
"../../../Engine/Content/EngineMaterials/Substrate/Glints2/dict_0007_0009.uasset" 10994
"../../../Engine/Content/EngineMaterials/Substrate/Glints2/dict_0007_0010.uasset" 10995
"../../../Engine/Content/EngineMaterials/Substrate/Glints2/dict_0007_0008.uasset" 10996
"/Engine/EngineMaterials/Substrate/Glints2/dict_0007_0007" 10997
"../../../Engine/Content/EngineMaterials/Substrate/Glints2/dict_0007_0011.uasset" 10998
"/Engine/EngineMaterials/Substrate/Glints2/dict_0007_0006" 10999
"../../../Engine/Content/EngineMaterials/Substrate/Glints2/dict_0007_0012.uasset" 11000
"/Engine/EngineMaterials/Substrate/Glints2/dict_0007_0002" 11001
"/Engine/EngineMaterials/Substrate/Glints2/dict_0007_0001" 11002
"/Engine/EngineMaterials/Substrate/Glints2/dict_0007_0000" 11003
"/Engine/EngineMaterials/Substrate/Glints2/dict_0006_0169" 11004
"../../../Engine/Content/EngineMaterials/Substrate/Glints2/dict_0007_0013.uasset" 11005
"../../../Engine/Content/EngineMaterials/Substrate/Glints2/dict_0007_0014.uasset" 11006
"../../../Engine/Content/EngineMaterials/Substrate/Glints2/dict_0007_0017.uasset" 11007
"../../../Engine/Content/EngineMaterials/Substrate/Glints2/dict_0007_0016.uasset" 11008
"../../../Engine/Content/EngineMaterials/Substrate/Glints2/dict_0007_0015.uasset" 11009
"../../../Engine/Content/EngineMaterials/Substrate/Glints2/dict_0007_0018.uasset" 11010
"/Engine/EngineMaterials/Substrate/Glints2/dict_0007_0013" 11011
"/Engine/EngineMaterials/Substrate/Glints2/dict_0007_0010" 11012
"/Engine/EngineMaterials/Substrate/Glints2/dict_0007_0009" 11013
"/Engine/EngineMaterials/Substrate/Glints2/dict_0007_0008" 11014
"/Engine/EngineMaterials/Substrate/Glints2/dict_0007_0018" 11015
"/Engine/EngineMaterials/Substrate/Glints2/dict_0007_0017" 11016
"/Engine/EngineMaterials/Substrate/Glints2/dict_0007_0016" 11017
"/Engine/EngineMaterials/Substrate/Glints2/dict_0007_0015" 11018
"../../../Engine/Content/EngineMaterials/Substrate/Glints2/dict_0007_0020.uasset" 11019
"../../../Engine/Content/EngineMaterials/Substrate/Glints2/dict_0007_0019.uasset" 11020
"/Engine/EngineMaterials/Substrate/Glints2/dict_0007_0012" 11021
"../../../Engine/Content/EngineMaterials/Substrate/Glints2/dict_0007_0024.uasset" 11022
"../../../Engine/Content/EngineMaterials/Substrate/Glints2/dict_0007_0021.uasset" 11023
"/Engine/EngineMaterials/Substrate/Glints2/dict_0007_0011" 11024
"../../../Engine/Content/EngineMaterials/Substrate/Glints2/dict_0007_0025.uasset" 11025
"/Engine/EngineMaterials/Substrate/Glints2/dict_0007_0014" 11026
"../../../Engine/Content/EngineMaterials/Substrate/Glints2/dict_0007_0022.uasset" 11027
"/Engine/EngineMaterials/Substrate/Glints2/dict_0007_0021" 11028
"../../../Engine/Content/EngineMaterials/Substrate/Glints2/dict_0007_0026.uasset" 11029
"/Engine/EngineMaterials/Substrate/Glints2/dict_0007_0020" 11030
"../../../Engine/Content/EngineMaterials/Substrate/Glints2/dict_0007_0023.uasset" 11031
"/Engine/EngineMaterials/Substrate/Glints2/dict_0007_0025" 11032
"../../../Engine/Content/EngineMaterials/Substrate/Glints2/dict_0007_0031.uasset" 11033
"../../../Engine/Content/EngineMaterials/Substrate/Glints2/dict_0007_0027.uasset" 11034
"../../../Engine/Content/EngineMaterials/Substrate/Glints2/dict_0007_0028.uasset" 11035
"/Engine/EngineMaterials/Substrate/Glints2/dict_0007_0024" 11036
"../../../Engine/Content/EngineMaterials/Substrate/Glints2/dict_0007_0033.uasset" 11037
"../../../Engine/Content/EngineMaterials/Substrate/Glints2/dict_0007_0032.uasset" 11038
"../../../Engine/Content/EngineMaterials/Substrate/Glints2/dict_0007_0030.uasset" 11039
"../../../Engine/Content/EngineMaterials/Substrate/Glints2/dict_0007_0029.uasset" 11040
"/Engine/EngineMaterials/Substrate/Glints2/dict_0007_0022" 11041
"/Engine/EngineMaterials/Substrate/Glints2/dict_0007_0019" 11042
"/Engine/EngineMaterials/Substrate/Glints2/dict_0007_0033" 11043
"/Engine/EngineMaterials/Substrate/Glints2/dict_0007_0032" 11044
"/Engine/EngineMaterials/Substrate/Glints2/dict_0007_0023" 11045
"/Engine/EngineMaterials/Substrate/Glints2/dict_0007_0031" 11046
"/Engine/EngineMaterials/Substrate/Glints2/dict_0007_0030" 11047
"../../../Engine/Content/EngineMaterials/Substrate/Glints2/dict_0007_0034.uasset" 11048
"/Engine/EngineMaterials/Substrate/Glints2/dict_0007_0029" 11049
"/Engine/EngineMaterials/Substrate/Glints2/dict_0007_0028" 11050
"/Engine/EngineMaterials/Substrate/Glints2/dict_0007_0027" 11051
"/Engine/EngineMaterials/Substrate/Glints2/dict_0007_0026" 11052
"/Engine/EngineMaterials/Substrate/Glints2/dict_0007_0034" 11053
"../../../Engine/Content/EngineMaterials/Substrate/Glints2/dict_0007_0035.uasset" 11054
"../../../Engine/Content/EngineMaterials/Substrate/Glints2/dict_0007_0037.uasset" 11055
"../../../Engine/Content/EngineMaterials/Substrate/Glints2/dict_0007_0040.uasset" 11056
"../../../Engine/Content/EngineMaterials/Substrate/Glints2/dict_0007_0041.uasset" 11057
"../../../Engine/Content/EngineMaterials/Substrate/Glints2/dict_0007_0038.uasset" 11058
"../../../Engine/Content/EngineMaterials/Substrate/Glints2/dict_0007_0042.uasset" 11059
"../../../Engine/Content/EngineMaterials/Substrate/Glints2/dict_0007_0043.uasset" 11060
"../../../Engine/Content/EngineMaterials/Substrate/Glints2/dict_0007_0036.uasset" 11061
"/Engine/EngineMaterials/Substrate/Glints2/dict_0007_0043" 11062
"/Engine/EngineMaterials/Substrate/Glints2/dict_0007_0042" 11063
"../../../Engine/Content/EngineMaterials/Substrate/Glints2/dict_0007_0039.uasset" 11064
"../../../Engine/Content/EngineMaterials/Substrate/Glints2/dict_0007_0047.uasset" 11065
"/Engine/EngineMaterials/Substrate/Glints2/dict_0007_0041" 11066
"../../../Engine/Content/EngineMaterials/Substrate/Glints2/dict_0007_0045.uasset" 11067
"/Engine/EngineMaterials/Substrate/Glints2/dict_0007_0040" 11068
"../../../Engine/Content/EngineMaterials/Substrate/Glints2/dict_0007_0044.uasset" 11069
"/Engine/EngineMaterials/Substrate/Glints2/dict_0007_0038" 11070
"../../../Engine/Content/EngineMaterials/Substrate/Glints2/dict_0007_0048.uasset" 11071
"../../../Engine/Content/EngineMaterials/Substrate/Glints2/dict_0007_0049.uasset" 11072
"/Engine/EngineMaterials/Substrate/Glints2/dict_0007_0037" 11073
"/Engine/EngineMaterials/Substrate/Glints2/dict_0007_0035" 11074
"/Engine/EngineMaterials/Substrate/Glints2/dict_0007_0049" 11075
"/Engine/EngineMaterials/Substrate/Glints2/dict_0007_0044" 11076
"/Engine/EngineMaterials/Substrate/Glints2/dict_0007_0048" 11077
"/Engine/EngineMaterials/Substrate/Glints2/dict_0007_0047" 11078
"/Engine/EngineMaterials/Substrate/Glints2/dict_0007_0045" 11079
"/Engine/EngineMaterials/Substrate/Glints2/dict_0007_0039" 11080
"../../../Engine/Content/EngineMaterials/Substrate/Glints2/dict_0007_0046.uasset" 11081
"/Engine/EngineMaterials/Substrate/Glints2/dict_0007_0036" 11082
"../../../Engine/Content/EngineMaterials/Substrate/Glints2/dict_0007_0051.uasset" 11083
"../../../Engine/Content/EngineMaterials/Substrate/Glints2/dict_0007_0050.uasset" 11084
"/Engine/EngineMaterials/Substrate/Glints2/dict_0007_0046" 11085
"../../../Engine/Content/EngineMaterials/Substrate/Glints2/dict_0007_0054.uasset" 11086
"/Engine/EngineMaterials/Substrate/Glints2/dict_0007_0051" 11087
"../../../Engine/Content/EngineMaterials/Substrate/Glints2/dict_0007_0052.uasset" 11088
"../../../Engine/Content/EngineMaterials/Substrate/Glints2/dict_0007_0056.uasset" 11089
"../../../Engine/Content/EngineMaterials/Substrate/Glints2/dict_0007_0055.uasset" 11090
"../../../Engine/Content/EngineMaterials/Substrate/Glints2/dict_0007_0053.uasset" 11091
"../../../Engine/Content/EngineMaterials/Substrate/Glints2/dict_0007_0058.uasset" 11092
"../../../Engine/Content/EngineMaterials/Substrate/Glints2/dict_0007_0059.uasset" 11093
"/Engine/EngineMaterials/Substrate/Glints2/dict_0007_0050" 11094
"/Engine/EngineMaterials/Substrate/Glints2/dict_0007_0058" 11095
"/Engine/EngineMaterials/Substrate/Glints2/dict_0007_0056" 11096
"/Engine/EngineMaterials/Substrate/Glints2/dict_0007_0055" 11097
"../../../Engine/Content/EngineMaterials/Substrate/Glints2/dict_0007_0060.uasset" 11098
"../../../Engine/Content/EngineMaterials/Substrate/Glints2/dict_0007_0061.uasset" 11099
"/Engine/EngineMaterials/Substrate/Glints2/dict_0007_0054" 11100
"/Engine/EngineMaterials/Substrate/Glints2/dict_0007_0053" 11101
"/Engine/EngineMaterials/Substrate/Glints2/dict_0007_0052" 11102
"/Engine/EngineMaterials/Substrate/Glints2/dict_0007_0059" 11103
"/Engine/EngineMaterials/Substrate/Glints2/dict_0007_0061" 11104
"../../../Engine/Content/EngineMaterials/Substrate/Glints2/dict_0007_0062.uasset" 11105
"../../../Engine/Content/EngineMaterials/Substrate/Glints2/dict_0007_0064.uasset" 11106
"../../../Engine/Content/EngineMaterials/Substrate/Glints2/dict_0007_0063.uasset" 11107
"../../../Engine/Content/EngineMaterials/Substrate/Glints2/dict_0007_0065.uasset" 11108
"/Engine/EngineMaterials/Substrate/Glints2/dict_0007_0060" 11109
"../../../Engine/Content/EngineMaterials/Substrate/Glints2/dict_0007_0066.uasset" 11110
"/Engine/EngineMaterials/Substrate/Glints2/dict_0007_0066" 11111
"../../../Engine/Content/EngineMaterials/Substrate/Glints2/dict_0007_0067.uasset" 11112
"/Engine/EngineMaterials/Substrate/Glints2/dict_0007_0065" 11113
"../../../Engine/Content/EngineMaterials/Substrate/Glints2/dict_0007_0071.uasset" 11114
"../../../Engine/Content/EngineMaterials/Substrate/Glints2/dict_0007_0069.uasset" 11115
"../../../Engine/Content/EngineMaterials/Substrate/Glints2/dict_0006_0120.uasset" 11116
"../../../Engine/Content/EngineMaterials/Substrate/Glints2/dict_0007_0068.uasset" 11117
"../../../Engine/Content/EngineMaterials/Substrate/Glints2/dict_0007_0070.uasset" 11118
"/Engine/EngineMaterials/Substrate/Glints2/dict_0007_0064" 11119
"/Engine/EngineMaterials/Substrate/Glints2/dict_0007_0063" 11120
"/Engine/EngineMaterials/Substrate/Glints2/dict_0007_0062" 11121
"/Engine/EngineMaterials/Substrate/Glints2/dict_0006_0120" 11122
"/Engine/EngineMaterials/Substrate/Glints2/dict_0007_0067" 11123
"/Engine/EngineMaterials/Substrate/Glints2/dict_0007_0071" 11124
"/Engine/EngineMaterials/Substrate/Glints2/dict_0007_0070" 11125
"/Engine/EngineMaterials/Substrate/Glints2/dict_0007_0069" 11126
"/Engine/EngineMaterials/Substrate/Glints2/dict_0007_0068" 11127
"../../../Engine/Content/EngineMaterials/Substrate/Glints2/dict_0007_0073.uasset" 11128
"../../../Engine/Content/EngineMaterials/Substrate/Glints2/dict_0007_0079.uasset" 11129
"../../../Engine/Content/EngineMaterials/Substrate/Glints2/dict_0007_0077.uasset" 11130
"../../../Engine/Content/EngineMaterials/Substrate/Glints2/dict_0007_0072.uasset" 11131
"../../../Engine/Content/EngineMaterials/Substrate/Glints2/dict_0007_0075.uasset" 11132
"../../../Engine/Content/EngineMaterials/Substrate/Glints2/dict_0007_0078.uasset" 11133
"../../../Engine/Content/EngineMaterials/Substrate/Glints2/dict_0007_0076.uasset" 11134
"/Engine/EngineMaterials/Substrate/Glints2/dict_0007_0073" 11135
"/Engine/EngineMaterials/Substrate/Glints2/dict_0007_0072" 11136
"../../../Engine/Content/EngineMaterials/Substrate/Glints2/dict_0007_0080.uasset" 11137
"/Engine/EngineMaterials/Substrate/Glints2/dict_0007_0079" 11138
"../../../Engine/Content/EngineMaterials/Substrate/Glints2/dict_0007_0081.uasset" 11139
"../../../Engine/Content/EngineMaterials/Substrate/Glints2/dict_0007_0074.uasset" 11140
"/Engine/EngineMaterials/Substrate/Glints2/dict_0007_0077" 11141
"../../../Engine/Content/EngineMaterials/Substrate/Glints2/dict_0007_0083.uasset" 11142
"/Engine/EngineMaterials/Substrate/Glints2/dict_0007_0075" 11143
"../../../Engine/Content/EngineMaterials/Substrate/Glints2/dict_0007_0084.uasset" 11144
"/Engine/EngineMaterials/Substrate/Glints2/dict_0007_0083" 11145
"/Engine/EngineMaterials/Substrate/Glints2/dict_0007_0074" 11146
"../../../Engine/Content/EngineMaterials/Substrate/Glints2/dict_0007_0082.uasset" 11147
"/Engine/EngineMaterials/Substrate/Glints2/dict_0007_0076" 11148
"../../../Engine/Content/EngineMaterials/Substrate/Glints2/dict_0007_0085.uasset" 11149
"../../../Engine/Content/EngineMaterials/Substrate/Glints2/dict_0007_0086.uasset" 11150
"../../../Engine/Content/EngineMaterials/Substrate/Glints2/dict_0007_0088.uasset" 11151
"../../../Engine/Content/EngineMaterials/Substrate/Glints2/dict_0007_0087.uasset" 11152
"/Engine/EngineMaterials/Substrate/Glints2/dict_0007_0081" 11153
"/Engine/EngineMaterials/Substrate/Glints2/dict_0007_0080" 11154
"../../../Engine/Content/EngineMaterials/Substrate/Glints2/dict_0007_0091.uasset" 11155
"../../../Engine/Content/EngineMaterials/Substrate/Glints2/dict_0007_0090.uasset" 11156
"/Engine/EngineMaterials/Substrate/Glints2/dict_0007_0078" 11157
"/Engine/EngineMaterials/Substrate/Glints2/dict_0007_0084" 11158
"../../../Engine/Content/EngineMaterials/Substrate/Glints2/dict_0007_0093.uasset" 11159
"../../../Engine/Content/EngineMaterials/Substrate/Glints2/dict_0007_0092.uasset" 11160
"../../../Engine/Content/EngineMaterials/Substrate/Glints2/dict_0007_0089.uasset" 11161
"/Engine/EngineMaterials/Substrate/Glints2/dict_0007_0086" 11162
"../../../Engine/Content/EngineMaterials/Substrate/Glints2/dict_0007_0094.uasset" 11163
"/Engine/EngineMaterials/Substrate/Glints2/dict_0007_0082" 11164
"/Engine/EngineMaterials/Substrate/Glints2/dict_0007_0091" 11165
"/Engine/EngineMaterials/Substrate/Glints2/dict_0007_0090" 11166
"/Engine/EngineMaterials/Substrate/Glints2/dict_0007_0089" 11167
"../../../Engine/Content/EngineMaterials/Substrate/Glints2/dict_0007_0095.uasset" 11168
"../../../Engine/Content/EngineMaterials/Substrate/Glints2/dict_0006_0183.uasset" 11169
"../../../Engine/Content/EngineMaterials/Substrate/Glints2/dict_0007_0097.uasset" 11170
"/Engine/EngineMaterials/Substrate/Glints2/dict_0007_0093" 11171
"../../../Engine/Content/EngineMaterials/Substrate/Glints2/dict_0007_0100.uasset" 11172
"../../../Engine/Content/EngineMaterials/Substrate/Glints2/dict_0007_0096.uasset" 11173
"../../../Engine/Content/EngineMaterials/Substrate/Glints2/dict_0007_0099.uasset" 11174
"/Engine/EngineMaterials/Substrate/Glints2/dict_0007_0088" 11175
"../../../Engine/Content/EngineMaterials/Substrate/Glints2/dict_0007_0101.uasset" 11176
"../../../Engine/Content/EngineMaterials/Substrate/Glints2/dict_0007_0098.uasset" 11177
"/Engine/EngineMaterials/Substrate/Glints2/dict_0007_0087" 11178
"/Engine/EngineMaterials/Substrate/Glints2/dict_0007_0092" 11179
"/Engine/EngineMaterials/Substrate/Glints2/dict_0007_0085" 11180
"../../../Engine/Content/EngineMaterials/Substrate/Glints2/dict_0007_0102.uasset" 11181
"/Engine/EngineMaterials/Substrate/Glints2/dict_0006_0183" 11182
"/Engine/EngineMaterials/Substrate/Glints2/dict_0007_0102" 11183
"/Engine/EngineMaterials/Substrate/Glints2/dict_0007_0097" 11184
"/Engine/EngineMaterials/Substrate/Glints2/dict_0007_0096" 11185
"../../../Engine/Content/EngineMaterials/Substrate/Glints2/dict_0007_0103.uasset" 11186
"../../../Engine/Content/EngineMaterials/Substrate/Glints2/dict_0007_0108.uasset" 11187
"../../../Engine/Content/EngineMaterials/Substrate/Glints2/dict_0007_0105.uasset" 11188
"../../../Engine/Content/EngineMaterials/Substrate/Glints2/dict_0007_0104.uasset" 11189
"/Engine/EngineMaterials/Substrate/Glints2/dict_0007_0101" 11190
"../../../Engine/Content/EngineMaterials/Substrate/Glints2/dict_0007_0107.uasset" 11191
"../../../Engine/Content/EngineMaterials/Substrate/Glints2/dict_0007_0106.uasset" 11192
"/Engine/EngineMaterials/Substrate/Glints2/dict_0007_0095" 11193
"/Engine/EngineMaterials/Substrate/Glints2/dict_0007_0094" 11194
"/Engine/EngineMaterials/Substrate/Glints2/dict_0007_0100" 11195
"/Engine/EngineMaterials/Substrate/Glints2/dict_0007_0099" 11196
"/Engine/EngineMaterials/Substrate/Glints2/dict_0007_0098" 11197
"/Engine/EngineMaterials/Substrate/Glints2/dict_0007_0108" 11198
"/Engine/EngineMaterials/Substrate/Glints2/dict_0007_0107" 11199
"/Engine/EngineMaterials/Substrate/Glints2/dict_0007_0106" 11200
"/Engine/EngineMaterials/Substrate/Glints2/dict_0007_0105" 11201
"/Engine/EngineMaterials/Substrate/Glints2/dict_0007_0104" 11202
"/Engine/EngineMaterials/Substrate/Glints2/dict_0007_0103" 11203
"../../../Engine/Content/EngineMaterials/Substrate/Glints2/dict_0007_0111.uasset" 11204
"../../../Engine/Content/EngineMaterials/Substrate/Glints2/dict_0007_0110.uasset" 11205
"../../../Engine/Content/EngineMaterials/Substrate/Glints2/dict_0007_0115.uasset" 11206
"../../../Engine/Content/EngineMaterials/Substrate/Glints2/dict_0007_0114.uasset" 11207
"/Engine/EngineMaterials/Substrate/Glints2/dict_0007_0115" 11208
"../../../Engine/Content/EngineMaterials/Substrate/Glints2/dict_0007_0112.uasset" 11209
"../../../Engine/Content/EngineMaterials/Substrate/Glints2/dict_0007_0121.uasset" 11210
"../../../Engine/Content/EngineMaterials/Substrate/Glints2/dict_0007_0119.uasset" 11211
"../../../Engine/Content/EngineMaterials/Substrate/Glints2/dict_0007_0113.uasset" 11212
"../../../Engine/Content/EngineMaterials/Substrate/Glints2/dict_0007_0118.uasset" 11213
"../../../Engine/Content/EngineMaterials/Substrate/Glints2/dict_0007_0109.uasset" 11214
"../../../Engine/Content/EngineMaterials/Substrate/Glints2/dict_0007_0117.uasset" 11215
"../../../Engine/Content/EngineMaterials/Substrate/Glints2/dict_0007_0120.uasset" 11216
"/Engine/EngineMaterials/Substrate/Glints2/dict_0007_0114" 11217
"../../../Engine/Content/EngineMaterials/Substrate/Glints2/dict_0007_0116.uasset" 11218
"/Engine/EngineMaterials/Substrate/Glints2/dict_0007_0111" 11219
"/Engine/EngineMaterials/Substrate/Glints2/dict_0007_0110" 11220
"../../../Engine/Content/EngineMaterials/Substrate/Glints2/dict_0006_0114.uasset" 11221
"../../../Engine/Content/EngineMaterials/Substrate/Glints2/dict_0007_0128.uasset" 11222
"../../../Engine/Content/EngineMaterials/Substrate/Glints2/dict_0007_0122.uasset" 11223
"../../../Engine/Content/EngineMaterials/Substrate/Glints2/dict_0007_0125.uasset" 11224
"../../../Engine/Content/EngineMaterials/Substrate/Glints2/dict_0007_0124.uasset" 11225
"../../../Engine/Content/EngineMaterials/Substrate/Glints2/dict_0007_0127.uasset" 11226
"../../../Engine/Content/EngineMaterials/Substrate/Glints2/dict_0007_0123.uasset" 11227
"../../../Engine/Content/EngineMaterials/Substrate/Glints2/dict_0007_0126.uasset" 11228
"/Engine/EngineMaterials/Substrate/Glints2/dict_0007_0119" 11229
"/Engine/EngineMaterials/Substrate/Glints2/dict_0007_0109" 11230
"/Engine/EngineMaterials/Substrate/Glints2/dict_0007_0128" 11231
"/Engine/EngineMaterials/Substrate/Glints2/dict_0007_0127" 11232
"../../../Engine/Content/EngineMaterials/Substrate/Glints2/dict_0007_0135.uasset" 11233
"../../../Engine/Content/EngineMaterials/Substrate/Glints2/dict_0007_0133.uasset" 11234
"../../../Engine/Content/EngineMaterials/Substrate/Glints2/dict_0007_0132.uasset" 11235
"../../../Engine/Content/EngineMaterials/Substrate/Glints2/dict_0007_0131.uasset" 11236
"../../../Engine/Content/EngineMaterials/Substrate/Glints2/dict_0007_0134.uasset" 11237
"../../../Engine/Content/EngineMaterials/Substrate/Glints2/dict_0007_0129.uasset" 11238
"../../../Engine/Content/EngineMaterials/Substrate/Glints2/dict_0007_0130.uasset" 11239
"/Engine/EngineMaterials/Substrate/Glints2/dict_0007_0126" 11240
"../../../Engine/Content/EngineMaterials/Substrate/Glints2/dict_0006_0215.uasset" 11241
"/Engine/EngineMaterials/Substrate/Glints2/dict_0007_0118" 11242
"/Engine/EngineMaterials/Substrate/Glints2/dict_0007_0125" 11243
"../../../Engine/Content/EngineMaterials/Substrate/Glints2/dict_0007_0136.uasset" 11244
"/Engine/EngineMaterials/Substrate/Glints2/dict_0007_0117" 11245
"/Engine/EngineMaterials/Substrate/Glints2/dict_0007_0116" 11246
"/Engine/EngineMaterials/Substrate/Glints2/dict_0007_0124" 11247
"/Engine/EngineMaterials/Substrate/Glints2/dict_0006_0114" 11248
"../../../Engine/Content/EngineMaterials/Substrate/Glints2/dict_0006_0190.uasset" 11249
"/Engine/EngineMaterials/Substrate/Glints2/dict_0007_0123" 11250
"../../../Engine/Content/EngineMaterials/Substrate/Glints2/dict_0006_0116.uasset" 11251
"../../../Engine/Content/EngineMaterials/Substrate/Glints2/dict_0007_0137.uasset" 11252
"../../../Engine/Content/EngineMaterials/Substrate/Glints2/dict_0007_0138.uasset" 11253
"/Engine/EngineMaterials/Substrate/Glints2/dict_0007_0113" 11254
"/Engine/EngineMaterials/Substrate/Glints2/dict_0007_0112" 11255
"/Engine/EngineMaterials/Substrate/Glints2/dict_0007_0122" 11256
"/Engine/EngineMaterials/Substrate/Glints2/dict_0007_0121" 11257
"/Engine/EngineMaterials/Substrate/Glints2/dict_0007_0120" 11258
"/Engine/EngineMaterials/Substrate/Glints2/dict_0007_0129" 11259
"../../../Engine/Content/EngineMaterials/Substrate/Glints2/dict_0007_0139.uasset" 11260
"/Engine/EngineMaterials/Substrate/Glints2/dict_0007_0135" 11261
"/Engine/EngineMaterials/Substrate/Glints2/dict_0006_0116" 11262
"../../../Engine/Content/EngineMaterials/Substrate/Glints2/dict_0007_0057.uasset" 11263
"/Engine/EngineMaterials/Substrate/Glints2/dict_0007_0134" 11264
"/Engine/EngineMaterials/Substrate/Glints2/dict_0007_0133" 11265
"../../../Engine/Content/EngineMaterials/Substrate/Glints2/dict_0007_0143.uasset" 11266
"../../../Engine/Content/EngineMaterials/Substrate/Glints2/dict_0007_0141.uasset" 11267
"../../../Engine/Content/EngineMaterials/Substrate/Glints2/dict_0007_0142.uasset" 11268
"/Engine/EngineMaterials/Substrate/Glints2/dict_0007_0138" 11269
"/Engine/EngineMaterials/Substrate/Glints2/dict_0006_0190" 11270
"/Engine/EngineMaterials/Substrate/Glints2/dict_0007_0137" 11271
"../../../Engine/Content/EngineMaterials/Substrate/Glints2/dict_0007_0140.uasset" 11272
"../../../Engine/Content/EngineMaterials/Substrate/Glints2/dict_0007_0152.uasset" 11273
"../../../Engine/Content/EngineMaterials/Substrate/Glints2/dict_0007_0144.uasset" 11274
"../../../Engine/Content/EngineMaterials/Substrate/Glints2/dict_0007_0151.uasset" 11275
"../../../Engine/Content/EngineMaterials/Substrate/Glints2/dict_0007_0154.uasset" 11276
"../../../Engine/Content/EngineMaterials/Substrate/Glints2/dict_0007_0153.uasset" 11277
"../../../Engine/Content/EngineMaterials/Substrate/Glints2/dict_0007_0155.uasset" 11278
"../../../Engine/Content/EngineMaterials/Substrate/Glints2/dict_0007_0147.uasset" 11279
"../../../Engine/Content/EngineMaterials/Substrate/Glints2/dict_0007_0145.uasset" 11280
"../../../Engine/Content/EngineMaterials/Substrate/Glints2/dict_0007_0150.uasset" 11281
"/Engine/EngineMaterials/Substrate/Glints2/dict_0006_0215" 11282
"/Engine/EngineMaterials/Substrate/Glints2/dict_0007_0136" 11283
"../../../Engine/Content/EngineMaterials/Substrate/Glints2/dict_0007_0146.uasset" 11284
"/Engine/EngineMaterials/Substrate/Glints2/dict_0007_0132" 11285
"/Engine/EngineMaterials/Substrate/Glints2/dict_0007_0131" 11286
"/Engine/EngineMaterials/Substrate/Glints2/dict_0007_0130" 11287
"/Engine/EngineMaterials/Substrate/Glints2/dict_0007_0155" 11288
"/Engine/EngineMaterials/Substrate/Glints2/dict_0007_0154" 11289
"/Engine/EngineMaterials/Substrate/Glints2/dict_0007_0153" 11290
"/Engine/EngineMaterials/Substrate/Glints2/dict_0007_0152" 11291
"../../../Engine/Content/EngineMaterials/Substrate/Glints2/dict_0007_0156.uasset" 11292
"/Engine/EngineMaterials/Substrate/Glints2/dict_0007_0151" 11293
"/Engine/EngineMaterials/Substrate/Glints2/dict_0007_0150" 11294
"../../../Engine/Content/EngineMaterials/Substrate/Glints2/dict_0007_0148.uasset" 11295
"/Engine/EngineMaterials/Substrate/Glints2/dict_0007_0147" 11296
"/Engine/EngineMaterials/Substrate/Glints2/dict_0007_0057" 11297
"../../../Engine/Content/EngineMaterials/Substrate/Glints2/dict_0007_0164.uasset" 11298
"../../../Engine/Content/EngineMaterials/Substrate/Glints2/dict_0007_0163.uasset" 11299
"../../../Engine/Content/EngineMaterials/Substrate/Glints2/dict_0007_0158.uasset" 11300
"../../../Engine/Content/EngineMaterials/Substrate/Glints2/dict_0007_0157.uasset" 11301
"../../../Engine/Content/EngineMaterials/Substrate/Glints2/dict_0007_0161.uasset" 11302
"../../../Engine/Content/EngineMaterials/Substrate/Glints2/dict_0007_0159.uasset" 11303
"../../../Engine/Content/EngineMaterials/Substrate/Glints2/dict_0007_0160.uasset" 11304
"/Engine/EngineMaterials/Substrate/Glints2/dict_0007_0146" 11305
"/Engine/EngineMaterials/Substrate/Glints2/dict_0007_0145" 11306
"/Engine/EngineMaterials/Substrate/Glints2/dict_0007_0139" 11307
"/Engine/EngineMaterials/Substrate/Glints2/dict_0007_0144" 11308
"/Engine/EngineMaterials/Substrate/Glints2/dict_0007_0143" 11309
"/Engine/EngineMaterials/Substrate/Glints2/dict_0007_0142" 11310
"/Engine/EngineMaterials/Substrate/Glints2/dict_0007_0141" 11311
"/Engine/EngineMaterials/Substrate/Glints2/dict_0007_0140" 11312
"/Engine/EngineMaterials/Substrate/Glints2/dict_0007_0156" 11313
"../../../Engine/Content/EngineMaterials/Substrate/Glints2/dict_0007_0162.uasset" 11314
"../../../Engine/Content/EngineMaterials/Substrate/Glints2/dict_0007_0166.uasset" 11315
"/Engine/EngineMaterials/Substrate/Glints2/dict_0007_0148" 11316
"/Engine/EngineMaterials/Substrate/Glints2/dict_0007_0164" 11317
"/Engine/EngineMaterials/Substrate/Glints2/dict_0007_0163" 11318
"/Engine/EngineMaterials/Substrate/Glints2/dict_0007_0161" 11319
"../../../Engine/Content/EngineMaterials/Substrate/Glints2/dict_0007_0165.uasset" 11320
"/Engine/EngineMaterials/Substrate/Glints2/dict_0007_0160" 11321
"/Engine/EngineMaterials/Substrate/Glints2/dict_0007_0159" 11322
"../../../Engine/Content/EngineMaterials/Substrate/Glints2/dict_0007_0167.uasset" 11323
"/Engine/EngineMaterials/Substrate/Glints2/dict_0007_0158" 11324
"/Engine/EngineMaterials/Substrate/Glints2/dict_0007_0157" 11325
"/Engine/EngineMaterials/Substrate/Glints2/dict_0007_0167" 11326
"/Engine/EngineMaterials/Substrate/Glints2/dict_0007_0166" 11327
"/Engine/EngineMaterials/Substrate/Glints2/dict_0007_0165" 11328
"/Engine/EngineMaterials/Substrate/Glints2/dict_0007_0162" 11329
"../../../Engine/Content/EngineMaterials/Substrate/Glints2/dict_0007_0149.uasset" 11330
"../../../Engine/Content/EngineMaterials/Substrate/Glints2/dict_0007_0172.uasset" 11331
"../../../Engine/Content/EngineMaterials/Substrate/Glints2/dict_0007_0176.uasset" 11332
"../../../Engine/Content/EngineMaterials/Substrate/Glints2/dict_0007_0175.uasset" 11333
"../../../Engine/Content/EngineMaterials/Substrate/Glints2/dict_0007_0179.uasset" 11334
"../../../Engine/Content/EngineMaterials/Substrate/Glints2/dict_0007_0178.uasset" 11335
"../../../Engine/Content/EngineMaterials/Substrate/Glints2/dict_0007_0170.uasset" 11336
"../../../Engine/Content/EngineMaterials/Substrate/Glints2/dict_0007_0181.uasset" 11337
"../../../Engine/Content/EngineMaterials/Substrate/Glints2/dict_0007_0182.uasset" 11338
"../../../Engine/Content/EngineMaterials/Substrate/Glints2/dict_0007_0168.uasset" 11339
"../../../Engine/Content/EngineMaterials/Substrate/Glints2/dict_0007_0184.uasset" 11340
"../../../Engine/Content/EngineMaterials/Substrate/Glints2/dict_0007_0183.uasset" 11341
"../../../Engine/Content/EngineMaterials/Substrate/Glints2/dict_0007_0186.uasset" 11342
"../../../Engine/Content/EngineMaterials/Substrate/Glints2/dict_0007_0169.uasset" 11343
"../../../Engine/Content/EngineMaterials/Substrate/Glints2/dict_0007_0188.uasset" 11344
"../../../Engine/Content/EngineMaterials/Substrate/Glints2/dict_0007_0187.uasset" 11345
"../../../Engine/Content/EngineMaterials/Substrate/Glints2/dict_0007_0173.uasset" 11346
"../../../Engine/Content/EngineMaterials/Substrate/Glints2/dict_0007_0174.uasset" 11347
"../../../Engine/Content/EngineMaterials/Substrate/Glints2/dict_0007_0180.uasset" 11348
"../../../Engine/Content/EngineMaterials/Substrate/Glints2/dict_0007_0185.uasset" 11349
"../../../Engine/Content/EngineMaterials/Substrate/Glints2/dict_0007_0177.uasset" 11350
"../../../Engine/Content/EngineMaterials/Substrate/Glints2/dict_0007_0171.uasset" 11351
"../../../Engine/Content/EngineMaterials/Substrate/Glints2/dict_0007_0190.uasset" 11352
"../../../Engine/Content/EngineMaterials/Substrate/Glints2/dict_0007_0191.uasset" 11353
"../../../Engine/Content/EngineMaterials/Substrate/Glints2/dict_0007_0193.uasset" 11354
"../../../Engine/Content/EngineMaterials/Substrate/Glints2/dict_0007_0195.uasset" 11355
"../../../Engine/Content/EngineMaterials/Substrate/Glints2/dict_0007_0196.uasset" 11356
"../../../Engine/Content/EngineMaterials/Substrate/Glints2/dict_0007_0197.uasset" 11357
"../../../Engine/Content/EngineMaterials/Substrate/Glints2/dict_0007_0189.uasset" 11358
"../../../Engine/Content/EngineMaterials/Substrate/Glints2/dict_0007_0198.uasset" 11359
"../../../Engine/Content/EngineMaterials/Substrate/Glints2/dict_0007_0192.uasset" 11360
"../../../Engine/Content/EngineMaterials/Substrate/Glints2/dict_0007_0194.uasset" 11361
"/Engine/EngineMaterials/Substrate/Glints2/dict_0007_0169" 11362
"/Engine/EngineMaterials/Substrate/Glints2/dict_0007_0194" 11363
"/Engine/EngineMaterials/Substrate/Glints2/dict_0007_0185" 11364
"/Engine/EngineMaterials/Substrate/Glints2/dict_0007_0168" 11365
"/Engine/EngineMaterials/Substrate/Glints2/dict_0007_0184" 11366
"/Engine/EngineMaterials/Substrate/Glints2/dict_0007_0183" 11367
"/Engine/EngineMaterials/Substrate/Glints2/dict_0007_0182" 11368
"/Engine/EngineMaterials/Substrate/Glints2/dict_0007_0181" 11369
"/Engine/EngineMaterials/Substrate/Glints2/dict_0007_0180" 11370
"/Engine/EngineMaterials/Substrate/Glints2/dict_0007_0149" 11371
"/Engine/EngineMaterials/Substrate/Glints2/dict_0007_0193" 11372
"/Engine/EngineMaterials/Substrate/Glints2/dict_0007_0179" 11373
"/Engine/EngineMaterials/Substrate/Glints2/dict_0007_0198" 11374
"/Engine/EngineMaterials/Substrate/Glints2/dict_0007_0178" 11375
"/Engine/EngineMaterials/Substrate/Glints2/dict_0007_0177" 11376
"/Engine/EngineMaterials/Substrate/Glints2/dict_0007_0197" 11377
"/Engine/EngineMaterials/Substrate/Glints2/dict_0007_0196" 11378
"/Engine/EngineMaterials/Substrate/Glints2/dict_0007_0176" 11379
"/Engine/EngineMaterials/Substrate/Glints2/dict_0007_0175" 11380
"/Engine/EngineMaterials/Substrate/Glints2/dict_0007_0192" 11381
"/Engine/EngineMaterials/Substrate/Glints2/dict_0007_0174" 11382
"/Engine/EngineMaterials/Substrate/Glints2/dict_0007_0191" 11383
"/Engine/EngineMaterials/Substrate/Glints2/dict_0007_0173" 11384
"/Engine/EngineMaterials/Substrate/Glints2/dict_0007_0195" 11385
"/Engine/EngineMaterials/Substrate/Glints2/dict_0007_0190" 11386
"/Engine/EngineMaterials/Substrate/Glints2/dict_0007_0189" 11387
"/Engine/EngineMaterials/Substrate/Glints2/dict_0007_0188" 11388
"/Engine/EngineMaterials/Substrate/Glints2/dict_0007_0172" 11389
"/Engine/EngineMaterials/Substrate/Glints2/dict_0007_0187" 11390
"/Engine/EngineMaterials/Substrate/Glints2/dict_0007_0171" 11391
"/Engine/EngineMaterials/Substrate/Glints2/dict_0007_0186" 11392
"/Engine/EngineMaterials/Substrate/Glints2/dict_0007_0170" 11393
"../../../Engine/Content/EngineMaterials/Substrate/Glints2/dict_0007_0202.uasset" 11394
"../../../Engine/Content/EngineMaterials/Substrate/Glints2/dict_0007_0200.uasset" 11395
"../../../Engine/Content/EngineMaterials/Substrate/Glints2/dict_0007_0208.uasset" 11396
"../../../Engine/Content/EngineMaterials/Substrate/Glints2/dict_0007_0199.uasset" 11397
"../../../Engine/Content/EngineMaterials/Substrate/Glints2/dict_0007_0207.uasset" 11398
"../../../Engine/Content/EngineMaterials/Substrate/Glints2/dict_0007_0217.uasset" 11399
"../../../Engine/Content/EngineMaterials/Substrate/Glints2/dict_0007_0215.uasset" 11400
"../../../Engine/Content/EngineMaterials/Substrate/Glints2/dict_0007_0201.uasset" 11401
"/Engine/EngineMaterials/Substrate/Glints2/dict_0007_0217" 11402
"/Engine/EngineMaterials/Substrate/Glints2/dict_0007_0215" 11403
"/Engine/EngineMaterials/Substrate/Glints2/dict_0007_0208" 11404
"/Engine/EngineMaterials/Substrate/Glints2/dict_0007_0207" 11405
"/Engine/EngineMaterials/Substrate/Glints2/dict_0007_0202" 11406
"/Engine/EngineMaterials/Substrate/Glints2/dict_0007_0201" 11407
"/Engine/EngineMaterials/Substrate/Glints2/dict_0007_0200" 11408
"/Engine/EngineMaterials/Substrate/Glints2/dict_0007_0199" 11409
"../../../Engine/Content/EngineMaterials/Substrate/Glints2/dict_0007_0218.uasset" 11410
"../../../Engine/Content/EngineMaterials/Substrate/Glints2/dict_0007_0219.uasset" 11411
"../../../Engine/Content/EngineMaterials/Substrate/Glints2/dict_0007_0203.uasset" 11412
"/Engine/EngineMaterials/Substrate/Glints2/dict_0007_0219" 11413
"/Engine/EngineMaterials/Substrate/Glints2/dict_0007_0218" 11414
"../../../Engine/Content/EngineMaterials/Substrate/Glints2/dict_0007_0222.uasset" 11415
"../../../Engine/Content/EngineMaterials/Substrate/Glints2/dict_0007_0221.uasset" 11416
"/Engine/EngineMaterials/Substrate/Glints2/dict_0007_0203" 11417
"../../../Engine/Content/EngineMaterials/Substrate/Glints2/dict_0007_0204.uasset" 11418
"/Engine/EngineMaterials/Substrate/Glints2/dict_0007_0222" 11419
"/Engine/EngineMaterials/Substrate/Glints2/dict_0007_0221" 11420
"/Engine/EngineMaterials/Substrate/Glints2/dict_0007_0204" 11421
"../../../Engine/Content/EngineMaterials/Substrate/Glints2/dict_0007_0224.uasset" 11422
"../../../Engine/Content/EngineMaterials/Substrate/Glints2/dict_0007_0225.uasset" 11423
"../../../Engine/Content/EngineMaterials/Substrate/Glints2/dict_0007_0210.uasset" 11424
"/Engine/EngineMaterials/Substrate/Glints2/dict_0007_0225" 11425
"../../../Engine/Content/EngineMaterials/Substrate/Glints2/dict_0007_0211.uasset" 11426
"../../../Engine/Content/EngineMaterials/Substrate/Glints2/dict_0007_0205.uasset" 11427
"/Engine/EngineMaterials/Substrate/Glints2/dict_0007_0224" 11428
"/Engine/EngineMaterials/Substrate/Glints2/dict_0007_0210" 11429
"/Engine/EngineMaterials/Substrate/Glints2/dict_0007_0211" 11430
"/Engine/EngineMaterials/Substrate/Glints2/dict_0007_0205" 11431
"../../../Engine/Content/EngineMaterials/Substrate/Glints2/dict_0007_0209.uasset" 11432
"../../../Engine/Content/EngineMaterials/Substrate/Glints2/dict_0007_0227.uasset" 11433
"../../../Engine/Content/EngineMaterials/Substrate/Glints2/dict_0007_0228.uasset" 11434
"../../../Engine/Content/EngineMaterials/Substrate/Glints2/dict_0007_0214.uasset" 11435
"../../../Engine/Content/EngineMaterials/Substrate/Glints2/dict_0007_0216.uasset" 11436
"../../../Engine/Content/EngineMaterials/Substrate/Glints2/dict_0007_0233.uasset" 11437
"../../../Engine/Content/EngineMaterials/Substrate/Glints2/dict_0007_0232.uasset" 11438
"../../../Engine/Content/EngineMaterials/Substrate/Glints2/dict_0007_0212.uasset" 11439
"/Engine/EngineMaterials/Substrate/Glints2/dict_0007_0228" 11440
"../../../Engine/Content/EngineMaterials/Substrate/Glints2/dict_0007_0234.uasset" 11441
"/Engine/EngineMaterials/Substrate/Glints2/dict_0007_0227" 11442
"/Engine/EngineMaterials/Substrate/Glints2/dict_0007_0216" 11443
"/Engine/EngineMaterials/Substrate/Glints2/dict_0007_0214" 11444
"/Engine/EngineMaterials/Substrate/Glints2/dict_0007_0209" 11445
"/Engine/EngineMaterials/Substrate/Glints2/dict_0007_0212" 11446
"/Engine/EngineMaterials/Substrate/Glints2/dict_0007_0234" 11447
"/Engine/EngineMaterials/Substrate/Glints2/dict_0007_0233" 11448
"/Engine/EngineMaterials/Substrate/Glints2/dict_0007_0232" 11449
"../../../Engine/Content/EngineMaterials/Substrate/Glints2/dict_0007_0226.uasset" 11450
"../../../Engine/Content/EngineMaterials/Substrate/Glints2/dict_0007_0223.uasset" 11451
"../../../Engine/Content/EngineMaterials/Substrate/Glints2/dict_0007_0206.uasset" 11452
"../../../Engine/Content/EngineMaterials/Substrate/Glints2/dict_0007_0239.uasset" 11453
"../../../Engine/Content/EngineMaterials/Substrate/Glints2/dict_0007_0240.uasset" 11454
"../../../Engine/Content/EngineMaterials/Substrate/Glints2/dict_0007_0237.uasset" 11455
"../../../Engine/Content/EngineMaterials/Substrate/Glints2/dict_0007_0238.uasset" 11456
"../../../Engine/Content/EngineMaterials/Substrate/Glints2/dict_0007_0220.uasset" 11457
"../../../Engine/Content/EngineMaterials/Substrate/Glints2/dict_0007_0242.uasset" 11458
"../../../Engine/Content/EngineMaterials/Substrate/Glints2/dict_0007_0241.uasset" 11459
"/Engine/EngineMaterials/Substrate/Glints2/dict_0007_0226" 11460
"/Engine/EngineMaterials/Substrate/Glints2/dict_0007_0223" 11461
"/Engine/EngineMaterials/Substrate/Glints2/dict_0007_0242" 11462
"/Engine/EngineMaterials/Substrate/Glints2/dict_0007_0220" 11463
"/Engine/EngineMaterials/Substrate/Glints2/dict_0007_0241" 11464
"../../../Engine/Content/EngineMaterials/Substrate/Glints2/dict_0007_0246.uasset" 11465
"../../../Engine/Content/EngineMaterials/Substrate/Glints2/dict_0007_0244.uasset" 11466
"../../../Engine/Content/EngineMaterials/Substrate/Glints2/dict_0007_0245.uasset" 11467
"../../../Engine/Content/EngineMaterials/Substrate/Glints2/dict_0007_0247.uasset" 11468
"/Engine/EngineMaterials/Substrate/Glints2/dict_0007_0240" 11469
"../../../Engine/Content/EngineMaterials/Substrate/Glints2/dict_0007_0229.uasset" 11470
"/Engine/EngineMaterials/Substrate/Glints2/dict_0007_0238" 11471
"/Engine/EngineMaterials/Substrate/Glints2/dict_0007_0237" 11472
"../../../Engine/Content/EngineMaterials/Substrate/Glints2/dict_0007_0230.uasset" 11473
"../../../Engine/Content/EngineMaterials/Substrate/Glints2/dict_0007_0231.uasset" 11474
"/Engine/EngineMaterials/Substrate/Glints2/dict_0007_0206" 11475
"/Engine/EngineMaterials/Substrate/Glints2/dict_0007_0239" 11476
"/Engine/EngineMaterials/Substrate/Glints2/dict_0007_0230" 11477
"/Engine/EngineMaterials/Substrate/Glints2/dict_0007_0229" 11478
"/Engine/EngineMaterials/Substrate/Glints2/dict_0007_0247" 11479
"/Engine/EngineMaterials/Substrate/Glints2/dict_0007_0246" 11480
"/Engine/EngineMaterials/Substrate/Glints2/dict_0007_0245" 11481
"../../../Engine/Content/EngineMaterials/Substrate/Glints2/dict_0007_0249.uasset" 11482
"../../../Engine/Content/EngineMaterials/Substrate/Glints2/dict_0007_0250.uasset" 11483
"/Engine/EngineMaterials/Substrate/Glints2/dict_0007_0244" 11484
"/Engine/EngineMaterials/Substrate/Glints2/dict_0007_0231" 11485
"/Engine/EngineMaterials/Substrate/Glints2/dict_0007_0249" 11486
"/Engine/EngineMaterials/Substrate/Glints2/dict_0007_0250" 11487
"../../../Engine/Content/EngineMaterials/Substrate/Glints2/dict_0007_0236.uasset" 11488
"../../../Engine/Content/EngineMaterials/Substrate/Glints2/dict_0007_0253.uasset" 11489
"../../../Engine/Content/EngineMaterials/Substrate/Glints2/dict_0007_0252.uasset" 11490
"../../../Engine/Content/EngineMaterials/Substrate/Glints2/dict_0007_0251.uasset" 11491
"../../../Engine/Content/EngineMaterials/Substrate/Glints2/dict_0007_0235.uasset" 11492
"../../../Engine/Content/EngineMaterials/Substrate/Glints2/dict_0007_0254.uasset" 11493
"../../../Engine/Content/EngineMaterials/Substrate/Volume/SubstrateSimpleVolumeLUT3D.uasset" 11494
"../../../Engine/Content/EngineMaterials/Substrate/Volume/SubstrateSimpleVolumeEnvLUT2D.uasset" 11495
"../../../Engine/Content/EngineMaterials/Substrate/Glints2/dict_0007_0213.uasset" 11496
"../../../Engine/Content/EngineMaterials/PPM_DefaultCalibrationGrayscale.uasset" 11497
"../../../Engine/Content/EngineMaterials/DefaultCalibrationGrayscale.uasset" 11498
"../../../Engine/Content/EngineMaterials/DefaultCalibrationColor.uasset" 11499
"../../../Engine/Content/EngineMaterials/PPM_DefaultCalibrationColor.uasset" 11500
"../../../Engine/Content/EngineMaterials/Substrate/Glints2/dict_0007_0243.uasset" 11501
"/Engine/EngineMaterials/Substrate/Glints2/dict_0007_0254" 11502
"/Engine/EngineMaterials/Substrate/Glints2/dict_0007_0253" 11503
"../../../Engine/Plugins/Interchange/Assets/Content/Functions/MX_Surface.uasset" 11504
"../../../Engine/Content/Functions/Engine_MaterialFunctions03/Procedurals/HeightToNormalSmooth.uasset" 11505
"/Engine/EngineMaterials/Substrate/Glints2/dict_0007_0243" 11506
"../../../Engine/Plugins/NNE/NNEDenoiser/Content/NNEDIM_ColorAlbedoNormal_Default.uasset" 11507
"../../../Engine/Plugins/NNE/NNEDenoiser/Content/NNEDOM_Output_Alpha.uasset" 11508
"../../../Engine/Plugins/NNE/NNEDenoiser/Content/NNEDIM_ColorAlbedoNormal_Alpha.uasset" 11509
"../../../Engine/Content/Functions/MaterialLayerFunctions/MatLayerBlend_OverrideOpacity.uasset" 11510
"../../../Engine/Plugins/NNE/NNEDenoiser/Content/NNEDIM_HighQuality_Alpha.uasset" 11511
"../../../Engine/Plugins/NNE/NNEDenoiser/Content/NNEDIM_HighQuality_Default.uasset" 11512
"/Engine/EngineMaterials/PPM_DefaultCalibrationGrayscale" 11513
"/Engine/EngineMaterials/PPM_DefaultCalibrationColor" 11514
"../../../Engine/Plugins/NNE/NNEDenoiser/Content/NNEDTIM_ColorAlbedoNormal_Alpha.uasset" 11515
"../../../Engine/Plugins/NNE/NNEDenoiser/Content/NNEDOM_Output_Default.uasset" 11516
"/Engine/EngineMaterials/Substrate/Glints2/dict_0007_0252" 11517
"../../../Engine/Content/EngineMaterials/Substrate/Glints2/dict_0007_0248.uasset" 11518
"../../../Engine/Content/EngineMaterials/Substrate/Glints2/AGlintTex2dArray2.uasset" 11519
"/Engine/EngineMaterials/Substrate/Glints2/dict_0007_0251" 11520
"/Engine/EngineMaterials/Substrate/Glints2/dict_0007_0213" 11521
"/Engine/EngineMaterials/Substrate/Glints2/dict_0007_0236" 11522
"/Engine/EngineMaterials/Substrate/Glints2/dict_0007_0235" 11523
"/Engine/EngineMaterials/Substrate/Volume/SubstrateSimpleVolumeEnvLUT2D" 11524
"/NNEDenoiser/NNEDTIM_ColorAlbedoNormal_Alpha" 11525
"../../../Engine/Plugins/NNE/NNEDenoiser/Content/NNEDTOM_Output_Alpha.uasset" 11526
"../../../Engine/Plugins/NNE/NNEDenoiser/Content/NNEDTIM_ColorAlbedoNormal_Default.uasset" 11527
"/NNEDenoiser/NNEDOM_Output_Default" 11528
"/NNEDenoiser/NNEDOM_Output_Alpha" 11529
"/NNEDenoiser/NNEDIM_HighQuality_Default" 11530
"/Engine/Functions/Engine_MaterialFunctions03/Procedurals/HeightToNormalSmooth" 11531
"/InterchangeAssets/Functions/MX_Surface" 11532
"/NNEDenoiser/NNEDIM_HighQuality_Alpha" 11533
"/Engine/EngineMaterials/Substrate/Glints2/dict_0007_0248" 11534
"/NNEDenoiser/NNEDIM_ColorAlbedoNormal_Default" 11535
"/NNEDenoiser/NNEDIM_ColorAlbedoNormal_Alpha" 11536
"../../../Engine/Plugins/NNE/NNEDenoiser/Content/NNEDT_Oidn2-3_Balanced.uasset" 11537
"../../../Engine/Plugins/NNE/NNEDenoiser/Content/NNED_Oidn2-3_Balanced.uasset" 11538
"../../../Engine/Plugins/NNE/NNEDenoiser/Content/NNEDT_Oidn2-3_Balanced_Alpha.uasset" 11539
"../../../Engine/Plugins/NNE/NNEDenoiser/Content/NNED_Oidn2-3_Fast_Alpha.uasset" 11540
"../../../Engine/Plugins/NNE/NNEDenoiser/Content/NNED_Oidn2-3_Fast.uasset" 11541
"/NNEDenoiser/NNED_Oidn2-3_Fast_Alpha" 11542
"../../../Engine/Plugins/NNE/NNEDenoiser/Content/NNED_Oidn2-3_Balanced_Alpha.uasset" 11543
"../../../Engine/Plugins/NNE/NNEDenoiser/Content/NNEDTOM_Output_Default.uasset" 11544
"/NNEDenoiser/NNED_Oidn2-3_Fast" 11545
"/NNEDenoiser/NNED_Oidn2-3_Balanced" 11546
"/NNEDenoiser/NNEDTOM_Output_Alpha" 11547
"../../../Engine/Plugins/NNE/NNEDenoiser/Content/NNE_oidn2-3-0_rt_hdr_alb_nrm_small__dyn__fp16_opset11_ForwardAlpha.uasset" 11548
"../../../Engine/Plugins/NNE/NNEDenoiser/Content/NNE_oidn2-3-0_rt_hdr_alb_nrm_small__dyn__fp16_opset11_DenoiseAlpha.uasset" 11549
"../../../Engine/Plugins/NNE/NNEDenoiser/Content/NNE_oidn2-3-0_rt_hdr_alb_nrm__dyn__fp16_opset11_ForwardAlpha.uasset" 11550
"../../../Engine/Plugins/NNE/NNEDenoiser/Content/NNED_Oidn2-3_HighQuality_Alpha.uasset" 11551
"../../../Engine/Plugins/NNE/NNEDenoiser/Content/NNE_oidn2-3-0_rt_hdr_alb_nrm__dyn__fp16_opset11_DenoiseAlpha.uasset" 11552
"../../../Engine/Plugins/NNE/NNEDenoiser/Content/NNE_oidn2-3-0_rt_hdr_calb_cnrm_large__dyn__fp16_opset11_DenoiseAlpha.uasset" 11553
"../../../Engine/Content/EditorResources/BSPVertex.uasset" 11554
"../../../Engine/Plugins/NNE/NNEDenoiser/Content/NNE_oidn2-3-0_rt_hdr_calb_cnrm_large__dyn__fp16_opset11_ForwardAlpha.uasset" 11555
"../../../Engine/Content/EngineMaterials/DefaultBloomKernel.uasset" 11556
"../../../Engine/Content/EngineResources/Development/ZenLogo_64.uasset" 11557
"../../../Engine/Content/EngineMaterials/FastBlueNoise_scalar_128x128x64.uasset" 11558
"../../../Engine/Content/EngineDebugMaterials/DebugEditorMaterial.uasset" 11559
"../../../Engine/Content/EngineMaterials/FastBlueNoise_vec2_128x128x64.uasset" 11560
"../../../Engine/Content/EngineMaterials/FastBlueNoise_scalar_128x128x8.uasset" 11561
"../../../Engine/Content/EngineResources/FilmGrains/Marcie_Grain_v3_128_M2_000.uasset" 11562
"../../../Engine/Content/EngineMaterials/LTC/Sheen_LTC.uasset" 11563
"../../../Engine/Content/EngineMaterials/Substrate/Volume/SubstrateSimpleVolumeEnvLUT3D.uasset" 11564
"../../../Engine/Content/EngineMaterials/Substrate/Glints2/dict_0007_0255.uasset" 11565
"../../../Engine/Plugins/Interchange/Assets/Content/Functions/MX_Displacement.uasset" 11566
"/NNEDenoiser/NNEDTIM_ColorAlbedoNormal_Default" 11567
"/NNEDenoiser/NNEDT_Oidn2-3_Balanced_Alpha" 11568
"/NNEDenoiser/NNEDT_Oidn2-3_Balanced" 11569
"/Engine/EngineMaterials/LTC/Sheen_LTC" 11570
"/Engine/EngineMaterials/FastBlueNoise_vec2_128x128x64" 11571
"/NNEDenoiser/NNE_oidn2-3-0_rt_hdr_alb_nrm__dyn__fp16_opset11_ForwardAlpha" 11572
"/NNEDenoiser/NNE_oidn2-3-0_rt_hdr_alb_nrm__dyn__fp16_opset11_DenoiseAlpha" 11573
"/InterchangeAssets/Functions/MX_Displacement" 11574
"../../../Engine/Content/EngineMaterials/Substrate/Volume/SubstrateSimpleVolumeLUT2D.uasset" 11575
"/Engine/EngineMaterials/FastBlueNoise_scalar_128x128x8" 11576
"/Engine/EngineMaterials/FastBlueNoise_scalar_128x128x64" 11577
"../../../Engine/Content/EngineMaterials/EnergyConservation/Diffuse_Energy.uasset" 11578
"../../../Engine/Content/EngineMaterials/EnergyConservation/Sheen_Energy.uasset" 11579
"../../../Engine/Plugins/Interchange/Runtime/Content/Pipelines/DefaultGLTFPipeline.uasset" 11580
"../../../Engine/Content/EngineSounds/Master.uasset" 11581
"/Engine/EngineDebugMaterials/DebugEditorMaterial" 11582
"../../../Engine/Plugins/Interchange/Runtime/Content/Pipelines/DefaultMaterialXPipeline.uasset" 11583
"/NNEDenoiser/NNE_oidn2-3-0_rt_hdr_alb_nrm_small__dyn__fp16_opset11_ForwardAlpha" 11584
"/Engine/EngineResources/Development/ZenLogo_64" 11585
"/Engine/EngineResources/FilmGrains/Marcie_Grain_v3_128_M2_000" 11586
"/NNEDenoiser/NNE_oidn2-3-0_rt_hdr_alb_nrm_small__dyn__fp16_opset11_DenoiseAlpha" 11587
"../../../Engine/Plugins/Interchange/Runtime/Content/Pipelines/DefaultAssetsPipeline.uasset" 11588
"../../../Engine/Plugins/Interchange/Runtime/Content/Pipelines/DefaultGLTFAssetsPipeline.uasset" 11589
"/NNEDenoiser/NNED_Oidn2-3_HighQuality_Alpha" 11590
"../../../Engine/Plugins/NNE/NNEDenoiser/Content/NNED_Oidn2-3_HighQuality.uasset" 11591
"E:/unreal projects/MyProject/Intermediate/ORTOptimizerPass_OptimizedB89DEB4446858E09D26836A4C231BA23.onnx" 11592
"E:/unreal projects/MyProject/Intermediate/ORTOptimizerPass_OptimizedFD9D132F42EDD4D773DDED917407A04E.onnx" 11593
"E:/unreal projects/MyProject/Intermediate/ORTOptimizerPass_Optimized69C75EFF4C9A2451AF9A2399191D1336.onnx" 11594
"E:/unreal projects/MyProject/Intermediate/ORTOptimizerPass_OptimizedBC61E78444C4A38B513389A6C0B0D295.onnx" 11595
"E:/unreal projects/MyProject/Intermediate/ORTOptimizerPass_OptimizedE1243D1C4E16CAE1384C1DA01D0AF628.onnx" 11596
"E:/unreal projects/MyProject/Intermediate/ORTOptimizerPass_Optimized17B7683A493FD5FDE1AFE29F7AEA0B66.onnx" 11597
"E:/unreal projects/MyProject/Intermediate/ORTOptimizerPass_Optimized2714F87B45D6AC019590488033A074D7.onnx" 11598
"E:/unreal projects/MyProject/Intermediate/ORTOptimizerPass_OptimizedD1E4B9D1430541F4D51A27BDE93A0B36.onnx" 11599
"/NNEDenoiser/NNED_Oidn2-3_Balanced_Alpha" 11600
"/Engine/EngineMaterials/DefaultBloomKernel" 11601
"/Engine/EngineMaterials/Substrate/Volume/SubstrateSimpleVolumeEnvLUT3D" 11602
"/Engine/EditorResources/BSPVertex" 11603
"/NNEDenoiser/NNE_oidn2-3-0_rt_hdr_calb_cnrm_large__dyn__fp16_opset11_ForwardAlpha" 11604
"/NNEDenoiser/NNEDTOM_Output_Default" 11605
"/Engine/EngineMaterials/Substrate/Glints2/AGlintTex2dArray2" 11606
"/NNEDenoiser/NNE_oidn2-3-0_rt_hdr_calb_cnrm_large__dyn__fp16_opset11_DenoiseAlpha" 11607
"/NNEDenoiser/NNED_Oidn2-3_HighQuality" 11608
"/Interchange/Pipelines/DefaultGLTFPipeline" 11609
"/Interchange/Pipelines/DefaultGLTFAssetsPipeline" 11610
"/Interchange/Pipelines/DefaultMaterialXPipeline" 11611
"/Engine/EngineMaterials/Substrate/Volume/SubstrateSimpleVolumeLUT3D" 11612
"/Interchange/Pipelines/DefaultAssetsPipeline" 11613
"/Engine/EngineSounds/Master" 11614
"/Engine/EngineMaterials/EnergyConservation/Diffuse_Energy" 11615
"../../../Engine/Plugins/Interchange/Runtime/Content/Pipelines/DefaultGLTFSceneAssetsPipeline.uasset" 11616
"../../../Engine/Plugins/Interchange/Assets/Content/Functions/MX_TranslucentBSDF.uasset" 11617
"../../../Engine/Plugins/Interchange/Runtime/Content/Pipelines/DefaultMaterialPipeline.uasset" 11618
"../../../Engine/Plugins/Interchange/Assets/Content/Functions/MX_SurfaceUnlit.uasset" 11619
"../../../Engine/Plugins/Interchange/Assets/Content/Functions/MX_ConductorBSDF.uasset" 11620
"../../../Engine/Plugins/Interchange/Assets/Content/Functions/MX_DielectricBSDF.uasset" 11621
"../../../Engine/Plugins/Interchange/Assets/Content/Functions/MX_BurleyDiffuseBSDF.uasset" 11622
"../../../Engine/Plugins/Interchange/Assets/Content/Functions/MX_UsdPreviewSurface.uasset" 11623
"../../../Engine/Plugins/Interchange/Runtime/Content/Pipelines/DefaultTexturePipeline.uasset" 11624
"../../../Engine/Plugins/Interchange/Assets/Content/Functions/MX_OrenNayarBSDF.uasset" 11625
"../../../Engine/Plugins/Interchange/Assets/Content/Functions/MX_SubsurfaceBSDF.uasset" 11626
"../../../Engine/Plugins/Interchange/Assets/Content/Functions/MX_GeneralizedSchlickBSDF.uasset" 11627
"../../../Engine/Plugins/Interchange/Assets/Content/Functions/MX_ThinFilmBSDF.uasset" 11628
"../../../Engine/Plugins/Interchange/Runtime/Content/Pipelines/DefaultSceneAssetsPipeline.uasset" 11629
"../../../Engine/Plugins/Interchange/Assets/Content/Functions/MX_SheenBSDF.uasset" 11630
"../../../Engine/Plugins/Interchange/Runtime/Content/Pipelines/DefaultSceneLevelPipeline.uasset" 11631
"../../../Engine/Plugins/Interchange/Assets/Content/Functions/MX_ConicalEDF.uasset" 11632
"../../../Engine/Plugins/Interchange/Assets/Content/Functions/MX_MeasuredEDF.uasset" 11633
"../../../Engine/Plugins/Interchange/Assets/Content/Functions/MX_AnisotropicVDF.uasset" 11634
"../../../Engine/Plugins/Interchange/Assets/Content/Functions/MX_UniformEDF.uasset" 11635
"../../../Engine/Plugins/Interchange/Assets/Content/Functions/MX_AbsorptionVDF.uasset" 11636
"../../../Engine/Plugins/Animation/ControlRig/Content/Controls/ControlRigGizmoMaterial.uasset" 11637
"E:/unreal projects/MyProject/Intermediate/ORTOptimizerPass_Optimized1385506345A0B5217CDB25BE76711D16.onnx" 11638
"E:/unreal projects/MyProject/Intermediate/ORTOptimizerPass_Optimized974E2F71409069D293013C8ADE666AA5.onnx" 11639
"E:/unreal projects/MyProject/Intermediate/ORTOptimizerPass_OptimizedB9E893B54D0AC86E132BBC8382D18EB7.onnx" 11640
"E:/unreal projects/MyProject/Intermediate/ORTOptimizerPass_Optimized434D7ED14DB599EF88312ABB91205543.onnx" 11641
"/Engine/EngineMaterials/EnergyConservation/Sheen_Energy" 11642
"/ControlRig/Controls/ControlRigGizmoMaterial" 11643
"/InterchangeAssets/Functions/MX_AnisotropicVDF" 11644
"/InterchangeAssets/Functions/MX_AbsorptionVDF" 11645
"/InterchangeAssets/Functions/MX_MeasuredEDF" 11646
"../../../Engine/Plugins/MetaHuman/MetaHumanAnimator/Content/GenericTracker/LipZip.uasset" 11647
"../../../Engine/Plugins/MetaHuman/MetaHumanAnimator/Content/GenericTracker/Lips.uasset" 11648
"../../../Engine/Plugins/MetaHuman/MetaHumanAnimator/Content/GenericTracker/LeftEye.uasset" 11649
"../../../Engine/Plugins/MetaHuman/MetaHumanAnimator/Content/GenericTracker/NasolabialNose.uasset" 11650
"../../../Engine/Plugins/MetaHuman/MetaHumanAnimator/Content/GenericTracker/LeftBrowWholeFace.uasset" 11651
"/InterchangeAssets/Functions/MX_ConicalEDF" 11652
"../../../Engine/Plugins/MetaHuman/MetaHumanAnimator/Content/GenericTracker/Teeth.uasset" 11653
"../../../Engine/Plugins/MetaHuman/MetaHumanCoreTechLib/Content/GenericTracker/FaceDetector.uasset" 11654
"../../../Engine/Plugins/MetaHuman/MetaHumanAnimator/Content/GenericTracker/Chin.uasset" 11655
"../../../Engine/Plugins/MetaHuman/MetaHumanAnimator/Content/GenericTracker/TeethConfidence.uasset" 11656
"../../../Engine/Plugins/MetaHuman/MetaHumanAnimator/Content/GenericTracker/FaceTracker.uasset" 11657
"/InterchangeAssets/Functions/MX_UniformEDF" 11658
"/InterchangeAssets/Functions/MX_ThinFilmBSDF" 11659
"/InterchangeAssets/Functions/MX_SheenBSDF" 11660
"/InterchangeAssets/Functions/MX_SubsurfaceBSDF" 11661
"/InterchangeAssets/Functions/MX_GeneralizedSchlickBSDF" 11662
"/InterchangeAssets/Functions/MX_ConductorBSDF" 11663
"/InterchangeAssets/Functions/MX_DielectricBSDF" 11664
"/InterchangeAssets/Functions/MX_TranslucentBSDF" 11665
"/InterchangeAssets/Functions/MX_BurleyDiffuseBSDF" 11666
"/InterchangeAssets/Functions/MX_OrenNayarBSDF" 11667
"/InterchangeAssets/Functions/MX_UsdPreviewSurface" 11668
"/InterchangeAssets/Functions/MX_SurfaceUnlit" 11669
"/Interchange/Pipelines/DefaultGLTFSceneAssetsPipeline" 11670
"/Interchange/Pipelines/DefaultSceneLevelPipeline" 11671
"/Interchange/Pipelines/DefaultSceneAssetsPipeline" 11672
"/Interchange/Pipelines/DefaultTexturePipeline" 11673
"/Interchange/Pipelines/DefaultMaterialPipeline" 11674
"/MetaHuman/GenericTracker/TeethConfidence" 11675
"/MetaHuman/GenericTracker/Teeth" 11676
"E:/unreal projects/MyProject/Intermediate/ORTOptimizerPass_Optimized5DBEADE549F19E6A94708B9FC28F208C.onnx" 11677
"E:/unreal projects/MyProject/Intermediate/ORTOptimizerPass_Optimized6E31BF094557FB3C88A87B823EFEC0E3.onnx" 11678
"/MetaHuman/GenericTracker/Chin" 11679
"/MetaHuman/GenericTracker/LipZip" 11680
"/MetaHuman/GenericTracker/Lips" 11681
"/MetaHuman/GenericTracker/NasolabialNose" 11682
"/MetaHuman/GenericTracker/LeftEye" 11683
"/MetaHuman/GenericTracker/LeftBrowWholeFace" 11684
"/MetaHuman/GenericTracker/FaceTracker" 11685
"/MetaHumanCoreTech/GenericTracker/FaceDetector" 11686
"E:/unreal projects/MyProject/Saved/Cooked/Windows/MyProject/Metadata/CookedSettings.txt" 11687
